Compound_CID,Name,Synonyms,Molecular_Formula,InChI,SMILES,InChIKey,IUPAC_Name,MeSH_Headings,Annotation_Content,Linked_BioAssays,Data_Source,Data_Source_Category,Tagged_by_PubChem,Molecular_Weight,Polar_Area,Complexity,XLogP,Heavy_Atom_Count,H-Bond_Donor_Count,H-Bond_Acceptor_Count,Rotatable_Bond_Count,Exact_Mass,Monoisotopic_Mass,Charge,Covalent_Unit_Count,Isotopic_Atom_Count,Total_Atom_Stereo_Count,Defined_Atom_Stereo_Count,Undefined_Atom_Stereo_Count,Total_Bond_Stereo_Count,Defined_Bond_Stereo_Count,Undefined_Bond_Stereo_Count,Linked_PubChem_Literature_Count,Linked_PubChem_Patent_Count,Linked_PubChem_Patent_Family_Count,Annotation_Type_Count,Create_Date
12391,Pentadecane,"Pentadecane|N-PENTADECANE|629-62-9|Pentadekan|DTXSID6027268|16H6K2S8M2|NSC-172781|DTXCID107268|CHEBI:28897|CH3-[CH2]13-CH3|CH3-(CH2)13-CH3|RefChem:6107|211-098-1|Pentadecane, n-|MFCD00008990|n-Pentadecane 100 microg/mL in Acetonitrile|Pentadecane, analytical standard|HSDB 5729|EINECS 211-098-1|NSC 172781|BRN 1698194|pentadecan|n-pentadecana|UNII-16H6K2S8M2|Medicinal Plant|Pentadecane, >=99%|EC 211-098-1|ghl.PD_Mitscher_leg0.43|SCHEMBL8726|SCHEMBL39231|N-PENTADECANE [HSDB]|4-01-00-00529 (Beilstein Handbook Reference)|SCHEMBL101328|SCHEMBL101464|SCHEMBL104031|SCHEMBL133577|SCHEMBL198245|SCHEMBL199024|SCHEMBL199878|SCHEMBL200525|SCHEMBL346721|orb1296989|orb3025248|SCHEMBL3377766|SCHEMBL3695352|SCHEMBL3747836|SCHEMBL4646129|SCHEMBL8625045|SCHEMBL9801390|SCHEMBL9801421|SCHEMBL9801867|SCHEMBL9802137|CH3(CH2)13CH3|CHEMBL1234557|SCHEMBL10424514|SCHEMBL10581153|SCHEMBL10585572|SCHEMBL11538712|SCHEMBL14686425|SCHEMBL14686453|SCHEMBL14686473|SCHEMBL14686548|SCHEMBL14686551|SCHEMBL14691721|SCHEMBL29060140|SCHEMBL29255593|SCHEMBL31621056|MSK3510|Pentadecane_Ramanathan &Gurudeeban|Pentadecane, >=98.0% (GC)|HY-N7926|Tox21_300535|LMFA11000006|NSC172781|STL280516|AKOS015902386|EBC-617474|NCGC00164185-01|NCGC00164185-02|NCGC00254392-01|CAS-629-62-9|LS-14458|Pentadecane; NSC 172781; n-Pentadecane|CS-0138815|NS00003105|P0606|C08388|D97801|F845052|Q150831|896D4B7E-BF33-4D54-82CE-7360D88E8DC8",C15H32,"InChI=1S/C15H32/c1-3-5-7-9-11-13-15-14-12-10-8-6-4-2/h3-15H2,1-2H3",CCCCCCCCCCCCCCC,YCOZIPAWZNQLMR-UHFFFAOYSA-N,pentadecane,pentadecane,Biological Test Results|Interactions and Pathways|Chemical and Physical Properties|Classification|Drug and Medication Information|Food Additives and Ingredients|Identification|Literature|Patents|Pharmacology and Biochemistry|Safety and Hazards|Toxicity|Use and Manufacturing|Associated Disorders and Diseases|Spectral Information|Taxonomy|Biological Test Results: Micromolar,248|1469|1479|588513|588514|588515|588516|588526|588527|588532|588533|588534|588535|588536|588537|588541|588543|588544|588545|588546|588547|651631|651632|651633|651634|651741|651743|651749|651751|651777|651778|651838|720516|720552|720634|720635|720636|720637|720653|720659|720674|720675|720678|720679|720680|720681|720682|720683|720684|720685|720686|720687|720691|720692|720693|720719|720725|743012|743014|743015|743033|743035|743036|743040|743041|743042|743053|743054|743063|743064|743065|743066|743067|743069|743074|743075|743077|743078|743079|743080|743081|743083|743084|743085|743086|743091|743094|743122|743139|743140|743191|743194|743199|743202|743203|743209|743210|743211|743212|743213|743215|743217|743218|743219|743220|743221|743222|743223|743224|743225|743226|743227|743228|743239|743240|743241|743242|743288|743292|1159509|1159515|1159516|1159517|1159518|1159519|1159520|1159521|1159523|1159525|1159526|1159527|1159528|1159529|1159531|1159551|1159552|1159553|1159555|1224834|1224835|1224836|1224837|1224838|1224839|1224840|1224841|1224842|1224843|1224844|1224845|1224846|1224847|1224848|1224849|1224867|1224868|1224869|1224870|1224871|1224872|1224873|1224874|1224875|1224876|1224877|1224878|1224879|1224880|1224881|1224882|1224883|1224884|1224885|1224886|1224887|1224888|1224889|1224890|1224892|1224893|1224894|1224895|1224896|1259241|1259242|1259243|1259244|1259247|1259248|1259364|1259365|1259366|1259367|1259368|1259369|1259377|1259378|1259379|1259380|1259381|1259382|1259383|1259384|1259385|1259386|1259387|1259388|1259390|1259391|1259392|1259393|1259394|1259395|1259396|1259401|1259402|1259403|1259404|1346784|1346795|1346798|1346799|1346824|1346829|1346859|1346877|1346891|1346924|1346977|1346978|1346979|1346980|1346981|1346982|1347030|1347031|1347032|1347033|1347034|1347035|1347036|1347037|1347038|1347082|1347083|1347085|1347086|1347395|1347397|1347398|1347399|1671190|1671196|1671197|1671198|1671199|1671200|1671201|1919968|1919969|1919970|1920063|1920064|1920065|1920067|1920068|1963577|1963578|1963579|1963580|1963581|1963582|1963583|1963584|1963585|1963586|1963587|1963588|1963589|1963590|1963591|1963592|1963593|1963594|1963595|2060913|2060914|2061098|2061099|2061100|2061101|2061102|2061103|2061104|2061105|2061106|2061107,"001Chemical|10X CHEM|3WAY PHARM INC|A2B Chem|AA BLOCKS|Aaron Chemicals LLC|AbaChemScene|abcr GmbH|ABI Chem|Accel Scientific|Achemica|Achemtek|AHH Chemical co.,ltd|AK Scientific, Inc. (AKSCI)|AKos Consulting & Solutions|Aladdin Scientific|Alfa Chemistry|Amadis Chemical|Ambeed|Ambinter|AN PharmaTech|Angene Chemical|Anward|AppChem|AstaTech, Inc.|Aurora Fine Chemicals LLC|Baker Lab, Chemistry Department, The University of North Carolina at Chapel Hill|BenchChem|BioCyc|Biorbyt|BLD Pharm|BOC Sciences|CAPOT|CATO Research Chemicals Inc.|ChEBI|Chem-Impex|Chembase.cn|ChEMBL|ChemDB|ChemExper Chemical Directory|Chemical Synthesis Database|ChemIDplus|Chemieliva Pharmaceutical Co., Ltd|Cheminformatics Friedrich-Schiller-University Jena|ChemMol|ChemoSapiens|ChemSpider|ChemTik|Clearsynth|Collaborative Drug Discovery, Inc.|Combi-Blocks|Cooke Chemical Co., Ltd|CymitQuimica|DempoChem|DiscoveryGate|DTP/NCI|Egon Willighagen, Department of Bioinformatics - BiGCaT, Maastricht University|eMolecules|Enamine|eNovation Chemicals|EPA DSSTox|EPA Substance Registry Services|FDA Global Substance Registration System (GSRS)|Finetech Industry Limited|Fluorochem|Glentham Life Sciences Ltd.|Golm Metabolome Database (GMD), Max Planck Institute of Molecular Plant Physiology|Google Patents|Hairui Chemical|Hangzhou Trylead Chemical Technology|Human Metabolome Database (HMDB)|IBM|iChemical Technology USA Inc|InvivoChem|ISpharm|J&H Chemical Co.,ltd|Japan Chemical Substance Dictionary (Nikkaji)|KEGG|Key Organics/BIONET|King Scientific|KUMGM|LabNetwork, a WuXi AppTec Company|labseeker|LeadScope|LEAPCHEM|LGC Standards|LIPID MAPS|MassBank Europe|MassBank of North America (MoNA)|Mcule|MedChemexpress MCE|Metabolomics Workbench|MolCore|Molecule Market|Molepedia|MolGenie|Molport|MP Biomedicals|MuseChem|National Center for Advancing Translational Sciences (NCATS)|Nature Chemical Biology|Nature Chemistry|NCBI Structure|NextBio|NextMove Software|NIST Chemistry WebBook|NIST Mass Spectrometry Data Center|NORMAN Suspect List Exchange|NovoSeek|Oakwood Products|PATENTSCOPE (WIPO)|Probes & Drugs portal|Protein Data Bank in Europe (PDBe)|PubChem Reference Collection|Rieke Metals, LLC|RR Scientific|S.GURUDEEBAN,T.RAMANATHAN & K.SATYAVANI, Marine Medicinal Plant Biotechnology Laboratory, Faculty of Marine Sciences, Annamalai University|Santa Cruz Biotechnology, Inc.|SCRIPDB|Sigma-Aldrich|SMID|Smolecule|Springer Nature|SpringerMaterials|Starshine Chemical|SureChEMBL|SynHet - Synthetic Heterocycles|TargetMol|TCI (Tokyo Chemical Industry)|THE BioTek|Thermo Fisher Scientific|Thieme Chemistry|Thomson Pharma|Tox21|ToxPlanet|Tractus|Traditional Medicine Medicinal Chemistry DB|Vitas-M Laboratory|VladaChem|VWR, Part of Avantor|Wikidata|Wiley|Win-Win Chemical|Wubei-Biochem|Yuhao Chemical|ZeroPM - Zero Pollution of Persistent, Mobile Substances|ZINC",Chemical Vendors|Curation Efforts|Governmental Organizations|Journal Publishers|Legacy Depositors|NIH Initiatives|Research and Development|Subscription Services,,212.41,0.0,84,7.7,15,0,0,12,212.250397,212.250397,0,1,0,0,0,0,0,0,0,2380,105712,39291,17,20040916
19773,Farnesane,"2,6,10-TRIMETHYLDODECANE|Farnesane|3891-98-3|Dodecane, 2,6,10-trimethyl-|HEMISQUALANE|8X81V0IT6Q|NEOSSANCE TMD|UNII-8X81V0IT6Q|DTXSID1058634|CHEBI:36756|EC 622-542-2|RefChem:139947|Dodecane, 2,6,10trimethyl|DTXCID9032321|YFHFHLSMISYUAQ-UHFFFAOYSA-N|Farnesan|Dodecane,2,6,10-trimethyl-|MFCD00027077|2,6,10-Trimethyldodecane; Farnesan;|A1IW0|2,6,10-trimethyl dodecane|2,6,10-trimethyl-dodecane|SCHEMBL100706|orb3135848|SCHEMBL1269942|SCHEMBL5691916|SCHEMBL9257324|SCHEMBL10483579|SCHEMBL10989890|SCHEMBL28248627|AKOS024334439|AS-58771|CS-0452006|NS00005258|E78326|Q27116951|7B5",C15H32,"InChI=1S/C15H32/c1-6-14(4)10-8-12-15(5)11-7-9-13(2)3/h13-15H,6-12H2,1-5H3",CCC(C)CCCC(C)CCCC(C)C,YFHFHLSMISYUAQ-UHFFFAOYSA-N,"2,6,10-trimethyldodecane",,Interactions and Pathways|Chemical and Physical Properties|Classification|Food Additives and Ingredients|Literature|Patents|Safety and Hazards|Toxicity|Use and Manufacturing|Spectral Information|Taxonomy,,"10X CHEM|3WAY PHARM INC|A2B Chem|AA BLOCKS|Aaron Chemicals LLC|AbaChemScene|abcr GmbH|ABI Chem|Accel Scientific|AChemBlock|AHH Chemical co.,ltd|AiFChem, an XtalPi Company|AKos Consulting & Solutions|Aladdin Scientific|Alfa Chemistry|Alichem|Amadis Chemical|Ambeed|Angene Chemical|AppChem|AstaTech, Inc.|Aurora Fine Chemicals LLC|BenchChem|Biorbyt|BLD Pharm|BOC Sciences|CATO Research Chemicals Inc.|ChEBI|Chembase.cn|ChemDB|Chemenu Inc.|ChemIDplus|Chemieliva Pharmaceutical Co., Ltd|Cheminformatics Friedrich-Schiller-University Jena|ChemoSapiens|ChemSpider|ChemTik|Collaborative Drug Discovery, Inc.|Cooke Chemical Co., Ltd|CymitQuimica|DiscoveryGate|Egon Willighagen, Department of Bioinformatics - BiGCaT, Maastricht University|eMolecules|eNovation Chemicals|EPA DSSTox|EPA Substance Registry Services|FDA Global Substance Registration System (GSRS)|Finetech Industry Limited|Google Patents|Hairui Chemical|Human Metabolome Database (HMDB)|IBM|J&H Chemical Co.,ltd|Japan Chemical Substance Dictionary (Nikkaji)|Key Organics/BIONET|LabNetwork, a WuXi AppTec Company|LGC Standards|MassBank Europe|MassBank of North America (MoNA)|Mcule|Metabolomics Workbench|Molecule Market|MolGenie|Molport|MuseChem|NCBI Structure|NextBio|NextMove Software|NIST Chemistry WebBook|NIST Mass Spectrometry Data Center|NORMAN Suspect List Exchange|NovoSeek|PATENTSCOPE (WIPO)|PubChem Reference Collection|RR Scientific|Santa Cruz Biotechnology, Inc.|SCRIPDB|Sigma-Aldrich|Smolecule|Springer Nature|SpringerMaterials|Starshine Chemical|SureChEMBL|SynHet - Synthetic Heterocycles|THE BioTek|Thieme Chemistry|Thomson Pharma|ToxPlanet|Traditional Medicine Medicinal Chemistry DB|Wikidata|Wiley|Yuhao Chemical|ZeroPM - Zero Pollution of Persistent, Mobile Substances",Chemical Vendors|Curation Efforts|Governmental Organizations|Journal Publishers|Legacy Depositors|NIH Initiatives|Research and Development|Subscription Services,,212.41,0.0,126,7.5,15,0,0,9,212.250397,212.250397,0,1,0,2,0,2,0,0,0,240,1419,510,11,20050327
15268,2-Methyltetradecane,"2-METHYLTETRADECANE|1560-95-8|Tetradecane, 2-methyl-|6V30XLA02Y|DTXSID90873240|RefChem:1063863|DTXCID508715|680-566-9|isopentadecane|2-Methyl-Tetradecane|2-methyl tetradecane|UNII-6V30XLA02Y|SCHEMBL43912|SCHEMBL100056|SCHEMBL157759|SCHEMBL223057|SCHEMBL987400|SCHEMBL1417485|SCHEMBL2368063|SCHEMBL3055199|SCHEMBL4023020|SCHEMBL8868706|SCHEMBL9365366|SCHEMBL11271078|SCHEMBL28429129|DB-043304|NS00013422",C15H32,"InChI=1S/C15H32/c1-4-5-6-7-8-9-10-11-12-13-14-15(2)3/h15H,4-14H2,1-3H3",CCCCCCCCCCCCC(C)C,KUVMKLCGXIYSNH-UHFFFAOYSA-N,2-methyltetradecane,,Chemical and Physical Properties|Classification|Literature|Patents|Pharmacology and Biochemistry|Safety and Hazards|Spectral Information|Taxonomy,,"3WAY PHARM INC|A2B Chem|AA BLOCKS|ABI Chem|AHH Chemical co.,ltd|Ambinter|AN PharmaTech|BenchChem|BOC Sciences|Chemenu Inc.|Chemhere|ChemIDplus|Chemieliva Pharmaceutical Co., Ltd|Cheminformatics Friedrich-Schiller-University Jena|ChemMol|ChemSpider|ChemTik|Cooke Chemical Co., Ltd|CymitQuimica|Debye Scientific Co., Ltd|DiscoveryGate|eNovation Chemicals|EPA DSSTox|EPA Substance Registry Services|FDA Global Substance Registration System (GSRS)|Finetech Industry Limited|Google Patents|Hairui Chemical|Human Metabolome Database (HMDB)|IBM|J&H Chemical Co.,ltd|Japan Chemical Substance Dictionary (Nikkaji)|Metabolomics Workbench|MolGenie|MP Biomedicals|MuseChem|NextBio|NIST Chemistry WebBook|NIST Mass Spectrometry Data Center|NORMAN Suspect List Exchange|Parchem|PATENTSCOPE (WIPO)|PubChem Reference Collection|RR Scientific|SCRIPDB|Smolecule|Springer Nature|SpringerMaterials|SureChEMBL|THE BioTek|Thieme Chemistry|ToxPlanet|Traditional Medicine Medicinal Chemistry DB|Wikidata|ZeroPM - Zero Pollution of Persistent, Mobile Substances|ZINC",Chemical Vendors|Curation Efforts|Governmental Organizations|Journal Publishers|Legacy Depositors|NIH Initiatives|Research and Development|Subscription Services,,212.41,0.0,105,8.1,15,0,0,11,212.250397,212.250397,0,1,0,0,0,0,0,0,0,33,29617,10945,8,20050327
93447,"2,7,10-Trimethyldodecane","2,7,10-Trimethyldodecane|Dodecane, 2,7,10-trimethyl-|74645-98-0|DTXSID5058642|CHEBI:84280|RefChem:445880|DTXCID9032329|2,7,10-Trimethyldodecane #|SCHEMBL1270397|JCJGCZBSINPZAJ-UHFFFAOYSA-N|LMFA11000686|NS00095960|Q27157644",C15H32,"InChI=1S/C15H32/c1-6-14(4)11-12-15(5)10-8-7-9-13(2)3/h13-15H,6-12H2,1-5H3",CCC(C)CCC(C)CCCCC(C)C,JCJGCZBSINPZAJ-UHFFFAOYSA-N,"2,7,10-trimethyldodecane",,Chemical and Physical Properties|Classification|Literature|Patents|Safety and Hazards|Spectral Information|Taxonomy,,"A2B Chem|AA BLOCKS|AAA Chemistry|ABI Chem|ChEBI|ChemIDplus|Chemieliva Pharmaceutical Co., Ltd|Cheminformatics Friedrich-Schiller-University Jena|ChemMol|ChemSpider|ChemTik|Egon Willighagen, Department of Bioinformatics - BiGCaT, Maastricht University|EPA DSSTox|EPA Substance Registry Services|EvitaChem|Google Patents|Human Metabolome Database (HMDB)|IBM|J&H Chemical Co.,ltd|Japan Chemical Substance Dictionary (Nikkaji)|LIPID MAPS|Metabolomics Workbench|MolGenie|NextBio|NIST Mass Spectrometry Data Center|NORMAN Suspect List Exchange|PATENTSCOPE (WIPO)|PubChem Reference Collection|RR Scientific|SCRIPDB|Springer Nature|SureChEMBL|Thomson Pharma|ToxPlanet|Traditional Medicine Medicinal Chemistry DB|Wikidata",Chemical Vendors|Curation Efforts|Governmental Organizations|Journal Publishers|Legacy Depositors|NIH Initiatives|Research and Development|Subscription Services,,212.41,0.0,126,7.5,15,0,0,9,212.250397,212.250397,0,1,0,2,0,2,0,0,0,6,39,21,7,20050327
41838,"2,5-Dimethyltridecane","2,5-DIMETHYLTRIDECANE|56292-66-1|DTXSID50971731|Tridecane, 2,5dimethyl|RefChem:444624|DTXCID801399230|Tridecane, 2,5-dimethyl-|xi-2,5-Dimethyltridecane|2,5-dimethyl-tridecane|2,5-Dimethyltridecane #|SCHEMBL9769399|2,5-DIMETHYL TRIDECANE|SCHEMBL31683776|DB-302484",C15H32,"InChI=1S/C15H32/c1-5-6-7-8-9-10-11-15(4)13-12-14(2)3/h14-15H,5-13H2,1-4H3",CCCCCCCCC(C)CCC(C)C,WHEITGBIIYGVLM-UHFFFAOYSA-N,"2,5-dimethyltridecane",,Chemical and Physical Properties|Classification|Food Additives and Ingredients|Literature|Patents|Pharmacology and Biochemistry|Spectral Information,,"ABI Chem|ChemIDplus|Chemieliva Pharmaceutical Co., Ltd|Cheminformatics Friedrich-Schiller-University Jena|ChemSpider|ChemTik|Debye Scientific Co., Ltd|EPA DSSTox|Google Patents|Human Metabolome Database (HMDB)|IBM|J&H Chemical Co.,ltd|Japan Chemical Substance Dictionary (Nikkaji)|Metabolomics Workbench|MolGenie|NextBio|NIST Mass Spectrometry Data Center|NORMAN Suspect List Exchange|PATENTSCOPE (WIPO)|PubChem Reference Collection|RR Scientific|Springer Nature|SpringerMaterials|SureChEMBL|ToxPlanet|ZeroPM - Zero Pollution of Persistent, Mobile Substances",Chemical Vendors|Curation Efforts|Governmental Organizations|Journal Publishers|Legacy Depositors|NIH Initiatives|Research and Development|Subscription Services,,212.41,0.0,115,7.8,15,0,0,10,212.250397,212.250397,0,1,0,1,0,1,0,0,0,3,17,16,7,20050327
86735,3-Methyltetradecane,"3-Methyltetradecane|Tetradecane, 3-methyl-|3-Methyl-Tetradecane|MSN3UE2UV3|UNII-MSN3UE2UV3|DTXSID10897342|Tetradecane, 3methyl|RefChem:94966|DTXCID101326707|HXUYUZCPGPKNGS-UHFFFAOYSA-N|18435-22-8|3-methyl tetradecane|SCHEMBL101543|SCHEMBL104583|SCHEMBL347543|SCHEMBL671909|SCHEMBL5049912|SCHEMBL5683912|SCHEMBL5985829|CHEBI:184718|LMFA11000405|G77645|Q67879605",C15H32,"InChI=1S/C15H32/c1-4-6-7-8-9-10-11-12-13-14-15(3)5-2/h15H,4-14H2,1-3H3",CCCCCCCCCCCC(C)CC,HXUYUZCPGPKNGS-UHFFFAOYSA-N,3-methyltetradecane,,Chemical and Physical Properties|Classification|Literature|Patents|Pharmacology and Biochemistry|Spectral Information|Taxonomy,,"10X CHEM|A2B Chem|AA BLOCKS|AAA Chemistry|ABI Chem|Accel Scientific|AChemBlock|AiFChem, an XtalPi Company|Angene Chemical|AppChem|AstaTech, Inc.|BenchChem|ChEBI|Chemenu Inc.|ChemIDplus|Cheminformatics Friedrich-Schiller-University Jena|ChemSpider|ChemTik|CymitQuimica|DiscoveryGate|Egon Willighagen, Department of Bioinformatics - BiGCaT, Maastricht University|eNovation Chemicals|EPA DSSTox|EvitaChem|FDA Global Substance Registration System (GSRS)|Google Patents|Hairui Chemical|Human Metabolome Database (HMDB)|IBM|J&H Chemical Co.,ltd|Japan Chemical Substance Dictionary (Nikkaji)|LIPID MAPS|Metabolomics Workbench|MolGenie|Molport|MuseChem|NextBio|NIST Chemistry WebBook|NIST Mass Spectrometry Data Center|NORMAN Suspect List Exchange|PATENTSCOPE (WIPO)|PubChem Reference Collection|RR Scientific|SCRIPDB|Smolecule|Springer Nature|SureChEMBL|SynHet - Synthetic Heterocycles|THE BioTek|ToxPlanet|Wikidata|ZeroPM - Zero Pollution of Persistent, Mobile Substances",Chemical Vendors|Curation Efforts|Governmental Organizations|Journal Publishers|Legacy Depositors|NIH Initiatives|Research and Development|Subscription Services,,212.41,0.0,107,8.1,15,0,0,11,212.250397,212.250397,0,1,0,1,0,1,0,0,0,27,321,146,7,20050327
520179,4-Methyltetradecane,"4-Methyltetradecane|25117-24-2|DTXSID60334272|RefChem:1071193|DTXCID90965058|Tetradecane, 4-methyl-|4-methyl-tetradecane|4-Methyltetradecane #|SCHEMBL99862|SCHEMBL102106|SCHEMBL361883|SCHEMBL5686908|SCHEMBL5985552|SCHEMBL25178024|CHEBI:183309|DB-046629|Q67879616",C15H32,"InChI=1S/C15H32/c1-4-6-7-8-9-10-11-12-14-15(3)13-5-2/h15H,4-14H2,1-3H3",CCCCCCCCCCC(C)CCC,ITVMHPMCNRGCIY-UHFFFAOYSA-N,4-methyltetradecane,,Chemical and Physical Properties|Classification|Food Additives and Ingredients|Literature|Patents|Spectral Information,,"3WAY PHARM INC|A2B Chem|AA BLOCKS|ABI Chem|AHH Chemical co.,ltd|Alfa Chemistry|Ambinter|BenchChem|BOC Sciences|ChEBI|Chembase.cn|Chemhere|Chemieliva Pharmaceutical Co., Ltd|Cheminformatics Friedrich-Schiller-University Jena|ChemSpider|ChemTik|Debye Scientific Co., Ltd|DiscoveryGate|Egon Willighagen, Department of Bioinformatics - BiGCaT, Maastricht University|EPA DSSTox|EvitaChem|Finetech Industry Limited|Google Patents|Human Metabolome Database (HMDB)|IBM|J&H Chemical Co.,ltd|Japan Chemical Substance Dictionary (Nikkaji)|MolGenie|MP Biomedicals|NextBio|NIST Chemistry WebBook|NIST Mass Spectrometry Data Center|NORMAN Suspect List Exchange|PATENTSCOPE (WIPO)|PubChem Reference Collection|RR Scientific|SCRIPDB|Smolecule|Springer Nature|SpringerMaterials|SureChEMBL|THE BioTek|Thomson Pharma|ToxPlanet|Wikidata|ZeroPM - Zero Pollution of Persistent, Mobile Substances",Chemical Vendors|Curation Efforts|Governmental Organizations|Journal Publishers|Legacy Depositors|Research and Development|Subscription Services,,212.41,0.0,107,8.1,15,0,0,11,212.250397,212.250397,0,1,0,1,0,1,0,0,0,20,280,137,6,20050327
98976,5-Methyltetradecane,"5-Methyltetradecane|25117-32-2|NSC 158674|DTXSID90873321|Tetradecane, 5methyl|RefChem:537346|Tetradecane, 5-methyl-(8CI)|DTXCID70820818|Tetradecane, 5-methyl-(8CI)(9CI)|Tetradecane, 5-methyl-|5-Methyltetradecan|5-methyl-tetradecane|NSC158674|5-Methyltetradecane #|SCHEMBL200067|SCHEMBL200999|SCHEMBL508494|SCHEMBL5985533|SCHEMBL8636473|SCHEMBL9745732|SCHEMBL28100073|SCHEMBL28270193|NSC-158674",C15H32,"InChI=1S/C15H32/c1-4-6-8-9-10-11-12-14-15(3)13-7-5-2/h15H,4-14H2,1-3H3",CCCCCCCCCC(C)CCCC,SQKZZFHVQCSUHZ-UHFFFAOYSA-N,5-methyltetradecane,,Biological Test Results|Chemical and Physical Properties|Classification|Literature|Patents|Spectral Information,248,"AAA Chemistry|ABI Chem|Alfa Chemistry|BenchChem|BOC Sciences|ChemDB|ChemIDplus|Chemieliva Pharmaceutical Co., Ltd|Cheminformatics Friedrich-Schiller-University Jena|ChemMol|ChemSpider|ChemTik|DiscoveryGate|DTP/NCI|EPA DSSTox|Google Patents|IBM|J&H Chemical Co.,ltd|Japan Chemical Substance Dictionary (Nikkaji)|MolGenie|NextBio|NIST Chemistry WebBook|NIST Mass Spectrometry Data Center|NORMAN Suspect List Exchange|PATENTSCOPE (WIPO)|PubChem Reference Collection|RR Scientific|Smolecule|Springer Nature|SpringerMaterials|SureChEMBL|THE BioTek|ToxPlanet|ZeroPM - Zero Pollution of Persistent, Mobile Substances",Chemical Vendors|Curation Efforts|Governmental Organizations|Journal Publishers|Legacy Depositors|Research and Development|Subscription Services,,212.41,0.0,107,8.1,15,0,0,11,212.250397,212.250397,0,1,0,1,0,1,0,0,0,20,279,120,6,20050326
16213601,(~2~H_32_)Pentadecane,"36340-20-2|(~2~H_32_)Pentadecane|DTXSID50584062|RefChem:211376|DTXCID70534827|N-Pentadecane-d32|Pentadecane-d32|N-Pentadecane (D32, 98%)|1,1,1,2,2,3,3,4,4,5,5,6,6,7,7,8,8,9,9,10,10,11,11,12,12,13,13,14,14,15,15,15-dotriacontadeuteriopentadecane|DEUTERATED PENTADECANE|orb3139006|SCHEMBL30534425|HY-N7926S|AS-88710|CS-0542322|D98388|Pentadecane-d32, 98 atom % D, 98% (CP)",C15H32,"InChI=1S/C15H32/c1-3-5-7-9-11-13-15-14-12-10-8-6-4-2/h3-15H2,1-2H3/i1D3,2D3,3D2,4D2,5D2,6D2,7D2,8D2,9D2,10D2,11D2,12D2,13D2,14D2,15D2",[2H]C([2H])([2H])C([2H])([2H])C([2H])([2H])C([2H])([2H])C([2H])([2H])C([2H])([2H])C([2H])([2H])C([2H])([2H])C([2H])([2H])C([2H])([2H])C([2H])([2H])C([2H])([2H])C([2H])([2H])C([2H])([2H])C([2H])([2H])[2H],YCOZIPAWZNQLMR-UBTWNIDWSA-N,"1,1,1,2,2,3,3,4,4,5,5,6,6,7,7,8,8,9,9,10,10,11,11,12,12,13,13,14,14,15,15,15-dotriacontadeuteriopentadecane",,Classification|Literature|Patents|Safety and Hazards|Spectral Information,,"001Chemical|10X CHEM|3WAY PHARM INC|A2B Chem|AA BLOCKS|AbaChemScene|Alfa Chemistry|Ambinter|AstaTech, Inc.|Aurora Fine Chemicals LLC|BenchChem|Biocore|Biorbyt|BOC Sciences|Chembase.cn|ChemSpider|CymitQuimica|DiscoveryGate|eMolecules|EPA DSSTox|Google Patents|IBM|InvivoChem|J&H Chemical Co.,ltd|Japan Chemical Substance Dictionary (Nikkaji)|Key Organics/BIONET|LGC Standards|MedChemexpress MCE|MolCore|Molport|PubChem Reference Collection|RR Scientific|Santa Cruz Biotechnology, Inc.|Sigma-Aldrich|Smolecule|Springer Nature|SureChEMBL|THE BioTek|ToxPlanet|Wikidata",Chemical Vendors|Curation Efforts|Governmental Organizations|Journal Publishers|Legacy Depositors|Research and Development|Subscription Services,,244.61,0.0,84,7.7,15,0,0,12,244.451263,244.451263,0,1,32,0,0,0,0,0,0,3,4,3,5,20070712
35768,"2,6,11-Trimethyldodecane","2,6,11-TRIMETHYLDODECANE|31295-56-4|CHEBI:132283|DTXSID60865591|RefChem:1060189|DTXCID10813986|Dodecane, 2,6,11-trimethyl-|2,6,11-trimethyl dodecane|2,6,11-trimethyl-dodecane|SCHEMBL1269376|2,6,11-TETRAMETHYLDODECANE|LMFA11000682|NS00096197",C15H32,"InChI=1S/C15H32/c1-13(2)9-6-7-11-15(5)12-8-10-14(3)4/h13-15H,6-12H2,1-5H3",CC(C)CCCCC(C)CCCC(C)C,FONXOARHSFUBAN-UHFFFAOYSA-N,"2,6,11-trimethyldodecane",,Chemical and Physical Properties|Classification|Literature|Patents|Spectral Information,,"3WAY PHARM INC|A2B Chem|AA BLOCKS|ABI Chem|AHH Chemical co.,ltd|Alfa Chemistry|Ambinter|BenchChem|BOC Sciences|ChEBI|Chemenu Inc.|ChemIDplus|Chemieliva Pharmaceutical Co., Ltd|Cheminformatics Friedrich-Schiller-University Jena|ChemSpider|ChemTik|CymitQuimica|DiscoveryGate|eNovation Chemicals|EPA DSSTox|EPA Substance Registry Services|EvitaChem|Finetech Industry Limited|Google Patents|IBM|J&H Chemical Co.,ltd|Japan Chemical Substance Dictionary (Nikkaji)|LIPID MAPS|MassBank Europe|MassBank of North America (MoNA)|Metabolomics Workbench|MolGenie|NextBio|NIST Chemistry WebBook|NIST Mass Spectrometry Data Center|NORMAN Suspect List Exchange|PATENTSCOPE (WIPO)|PubChem Reference Collection|RR Scientific|SCRIPDB|Smolecule|Springer Nature|SureChEMBL|THE BioTek|ToxPlanet|Traditional Medicine Medicinal Chemistry DB|ZeroPM - Zero Pollution of Persistent, Mobile Substances",Chemical Vendors|Curation Efforts|Governmental Organizations|Journal Publishers|Legacy Depositors|NIH Initiatives|Research and Development|Subscription Services,,212.41,0.0,124,7.5,15,0,0,9,212.250397,212.250397,0,1,0,1,0,1,0,0,0,25,114,51,5,20050327
41306,"4,8-Dimethyltridecane","4,8-DIMETHYLTRIDECANE|55030-62-1|DTXSID60970391|RefChem:508400|DTXCID301397922|Tridecane, 4,8-dimethyl-|4,8-Dimethyltridecan|4,8-dimethyl-tridecane|4,8-Dimethyltridecane #|SCHEMBL15754946|SCHEMBL29059934|TRIDECANE, 4,8-DIMETHYL|DB-327541",C15H32,"InChI=1S/C15H32/c1-5-7-8-11-15(4)13-9-12-14(3)10-6-2/h14-15H,5-13H2,1-4H3",CCCCCC(C)CCCC(C)CCC,IRMGDQSAWLAMIV-UHFFFAOYSA-N,"4,8-dimethyltridecane",,Chemical and Physical Properties|Classification|Literature|Patents|Spectral Information,,"ABI Chem|ChemIDplus|Cheminformatics Friedrich-Schiller-University Jena|ChemSpider|Debye Scientific Co., Ltd|EPA DSSTox|Google Patents|IBM|J&H Chemical Co.,ltd|Japan Chemical Substance Dictionary (Nikkaji)|MolGenie|NextBio|NIST Chemistry WebBook|NIST Mass Spectrometry Data Center|NORMAN Suspect List Exchange|PATENTSCOPE (WIPO)|PubChem Reference Collection|RR Scientific|Springer Nature|SureChEMBL|ToxPlanet|Traditional Medicine Medicinal Chemistry DB|ZeroPM - Zero Pollution of Persistent, Mobile Substances",Chemical Vendors|Curation Efforts|Governmental Organizations|Journal Publishers|Legacy Depositors|Research and Development|Subscription Services,,212.41,0.0,117,7.8,15,0,0,10,212.250397,212.250397,0,1,0,2,0,2,0,0,0,3,11,9,5,20050327
518746,3-Ethyltridecane,"3-Ethyltridecane|Tridecane, 3-ethyl-|3-ethyl-tridecane|13286-73-2|3-Ethyltridecane #|TRIDECANE, 3-ETHYL|SCHEMBL101214|SCHEMBL5984591|SCHEMBL7185269|SCHEMBL8571523|SCHEMBL9301472|SCHEMBL25185510|SCHEMBL28277698|DTXSID50333815|YHMLBHVOZGLKCN-UHFFFAOYSA-N",C15H32,"InChI=1S/C15H32/c1-4-7-8-9-10-11-12-13-14-15(5-2)6-3/h15H,4-14H2,1-3H3",CCCCCCCCCCC(CC)CC,YHMLBHVOZGLKCN-UHFFFAOYSA-N,3-ethyltridecane,,Chemical and Physical Properties|Classification|Literature|Patents|Spectral Information,,"ABI Chem|BenchChem|ChemSpider|ChemTik|CymitQuimica|EPA DSSTox|Google Patents|IBM|J&H Chemical Co.,ltd|Japan Chemical Substance Dictionary (Nikkaji)|MuseChem|NextBio|NIST Chemistry WebBook|NIST Mass Spectrometry Data Center|NORMAN Suspect List Exchange|PATENTSCOPE (WIPO)|RR Scientific|Springer Nature|SpringerMaterials|SureChEMBL|THE BioTek|ToxPlanet|Wikidata",Chemical Vendors|Curation Efforts|Governmental Organizations|Journal Publishers|Legacy Depositors|Research and Development|Subscription Services,,212.41,0.0,103,8.1,15,0,0,11,212.250397,212.250397,0,1,0,0,0,0,0,0,0,2,79,44,5,20050327
530329,5-Ethyltridecane,"5-ethyltridecane|Tridecane, 5-ethyl|heptyl 2-ethyl hexane|SCHEMBL199267|SCHEMBL202394|SCHEMBL5985505|SCHEMBL8205166|SCHEMBL8359520|SCHEMBL9092266|SCHEMBL16987414|SCHEMBL19920879|SCHEMBL28271792",C15H32,"InChI=1S/C15H32/c1-4-7-9-10-11-12-14-15(6-3)13-8-5-2/h15H,4-14H2,1-3H3",CCCCCCCCC(CC)CCCC,JQAPWJGBTPCQGG-UHFFFAOYSA-N,5-ethyltridecane,,Chemical and Physical Properties|Classification|Literature|Patents|Spectral Information,,"ABI Chem|ChemSpider|Google Patents|IBM|MolGenie|NextBio|NIST Chemistry WebBook|NIST Mass Spectrometry Data Center|PATENTSCOPE (WIPO)|SCRIPDB|Springer Nature|SureChEMBL|ZeroPM - Zero Pollution of Persistent, Mobile Substances",Chemical Vendors|Curation Efforts|Governmental Organizations|Journal Publishers|Legacy Depositors|Research and Development|Subscription Services,,212.41,0.0,107,8.1,15,0,0,11,212.250397,212.250397,0,1,0,1,0,1,0,0,0,1,108,41,5,20050327
11117373,"2,4-Dimethyltridecane","2,4-dimethyltridecane|61868-05-1|DTXSID10455820|RefChem:82558|DTXCID50406639|2,4-Dimethyltridecan|2,4-dimethyl-tridecane|SCHEMBL5380944|SCHEMBL8197349|LMFA11000679",C15H32,"InChI=1S/C15H32/c1-5-6-7-8-9-10-11-12-15(4)13-14(2)3/h14-15H,5-13H2,1-4H3",CCCCCCCCCC(C)CC(C)C,JDFJCABQSZLDMZ-UHFFFAOYSA-N,"2,4-dimethyltridecane",,Chemical and Physical Properties|Classification|Literature|Patents|Spectral Information,,"ChemSpider|ChemTik|DiscoveryGate|EPA DSSTox|Google Patents|IBM|J&H Chemical Co.,ltd|Japan Chemical Substance Dictionary (Nikkaji)|LIPID MAPS|Metabolomics Workbench|NextBio|PATENTSCOPE (WIPO)|PubChem Reference Collection|RR Scientific|Springer Nature|SpringerMaterials|SureChEMBL|Thieme Chemistry|Thomson Pharma|ToxPlanet|Wikidata",Chemical Vendors|Curation Efforts|Governmental Organizations|Journal Publishers|Legacy Depositors|NIH Initiatives|Research and Development|Subscription Services,,212.41,0.0,115,7.8,15,0,0,10,212.250397,212.250397,0,1,0,1,0,1,0,0,0,8,12,11,5,20061026
144637,"5,5,7,7-Tetramethylundecane","5,5,7,7-Tetramethylundecane|5,5,7,7-tetramethyl-undecane|74286-95-6|DTXSID50225302|ICXWEQZDTWZYNP-UHFFFAOYSA-N",C15H32,"InChI=1S/C15H32/c1-7-9-11-14(3,4)13-15(5,6)12-10-8-2/h7-13H2,1-6H3",CCCCC(C)(C)CC(C)(C)CCCC,ICXWEQZDTWZYNP-UHFFFAOYSA-N,"5,5,7,7-tetramethylundecane",,Chemical and Physical Properties|Classification|Literature|Patents,,"ABI Chem|ChemIDplus|ChemSpider|EPA DSSTox|Google Patents|MolGenie|NextBio|NIST Chemistry WebBook|PATENTSCOPE (WIPO)|RR Scientific|Springer Nature|SpringerMaterials|SureChEMBL|ToxPlanet|Wikidata|ZeroPM - Zero Pollution of Persistent, Mobile Substances",Chemical Vendors|Curation Efforts|Governmental Organizations|Journal Publishers|Legacy Depositors|Research and Development|Subscription Services,,212.41,0.0,135,7.5,15,0,0,8,212.250397,212.250397,0,1,0,0,0,0,0,0,0,2,0,0,4,20050327
529900,6-Methyltetradecane,"6-methyltetradecane|Tetradecane, 6-methyl|6-Methyltetradecan|6-methyl-tetradecane|SCHEMBL198728|SCHEMBL202635|SCHEMBL5984456|SCHEMBL11172049|SCHEMBL11367712|SCHEMBL25178063|SCHEMBL28100011|DTXSID60897337|LMFA11000475|26730-16-5",C15H32,"InChI=1S/C15H32/c1-4-6-8-9-10-12-14-15(3)13-11-7-5-2/h15H,4-14H2,1-3H3",CCCCCCCCC(C)CCCCC,ONQXEQPEKDADGM-UHFFFAOYSA-N,6-methyltetradecane,,Chemical and Physical Properties|Classification|Literature|Patents,,"ABI Chem|ChemSpider|EPA DSSTox|Google Patents|IBM|Japan Chemical Substance Dictionary (Nikkaji)|LIPID MAPS|Metabolomics Workbench|MolGenie|NextBio|NIST Chemistry WebBook|NIST Mass Spectrometry Data Center|PATENTSCOPE (WIPO)|RR Scientific|SCRIPDB|Springer Nature|SpringerMaterials|SureChEMBL|ZeroPM - Zero Pollution of Persistent, Mobile Substances",Chemical Vendors|Curation Efforts|Governmental Organizations|Journal Publishers|Legacy Depositors|NIH Initiatives|Research and Development|Subscription Services,,212.41,0.0,107,8.1,15,0,0,11,212.250397,212.250397,0,1,0,1,0,1,0,0,0,11,164,72,4,20050327
529903,7-Methyltetradecane,"7-Methyltetradecane|Tetradecane, 7-methyl-|6165-39-5|Tetradecane, 7-methyl|7-methyl-tetradecane|SCHEMBL199211|SCHEMBL200041|SCHEMBL995398|SCHEMBL995400|SCHEMBL8675151|SCHEMBL25181811|SCHEMBL28317390|DTXSID30977236|LMFA11000516",C15H32,"InChI=1S/C15H32/c1-4-6-8-10-12-14-15(3)13-11-9-7-5-2/h15H,4-14H2,1-3H3",CCCCCCCC(C)CCCCCC,QUMVEMCGRQYIQG-UHFFFAOYSA-N,7-methyltetradecane,,Chemical and Physical Properties|Classification|Literature|Patents,,"AAA Chemistry|ABI Chem|ChemIDplus|Cheminformatics Friedrich-Schiller-University Jena|ChemSpider|ChemTik|EPA DSSTox|Google Patents|IBM|J&H Chemical Co.,ltd|Japan Chemical Substance Dictionary (Nikkaji)|LIPID MAPS|Metabolomics Workbench|MolGenie|NextBio|NIST Chemistry WebBook|NIST Mass Spectrometry Data Center|NORMAN Suspect List Exchange|PATENTSCOPE (WIPO)|RR Scientific|SCRIPDB|Springer Nature|SpringerMaterials|Starshine Chemical|SureChEMBL|ToxPlanet|ZeroPM - Zero Pollution of Persistent, Mobile Substances",Chemical Vendors|Curation Efforts|Governmental Organizations|Journal Publishers|Legacy Depositors|NIH Initiatives|Research and Development|Subscription Services,,212.41,0.0,107,8.1,15,0,0,11,212.250397,212.250397,0,1,0,1,0,1,0,0,0,6,344,143,4,20050327
21432609,"2,3-Dimethyltridecane","2,3-dimethyl-tridecane|2,3-DIMETHYLTRIDECANE|18435-20-6|SCHEMBL1397676|SCHEMBL5613268|SCHEMBL10971688|SCHEMBL11718763|SCHEMBL23945469|DTXSID90613764|SWUJSLXRUPXTQB-UHFFFAOYSA-N",C15H32,"InChI=1S/C15H32/c1-5-6-7-8-9-10-11-12-13-15(4)14(2)3/h14-15H,5-13H2,1-4H3",CCCCCCCCCCC(C)C(C)C,SWUJSLXRUPXTQB-UHFFFAOYSA-N,"2,3-dimethyltridecane",,Chemical and Physical Properties|Classification|Literature|Patents,,"ChemSpider|ChemTik|DiscoveryGate|EPA DSSTox|Google Patents|IBM|J&H Chemical Co.,ltd|MolGenie|PATENTSCOPE (WIPO)|RR Scientific|Springer Nature|SpringerMaterials|SureChEMBL|Thieme Chemistry|ToxPlanet|Wikidata|ZeroPM - Zero Pollution of Persistent, Mobile Substances",Chemical Vendors|Curation Efforts|Governmental Organizations|Journal Publishers|Legacy Depositors|Research and Development|Subscription Services,,212.41,0.0,115,7.8,15,0,0,10,212.250397,212.250397,0,1,0,1,0,1,0,0,0,5,166,95,4,20071205
53953044,"3,4-Dimethyltridecane","3,4-Dimethyltridecane|3,4-Dimethyltridecan|SCHEMBL5090390|SCHEMBL28153784|LMFA11000365",C15H32,"InChI=1S/C15H32/c1-5-7-8-9-10-11-12-13-15(4)14(3)6-2/h14-15H,5-13H2,1-4H3",CCCCCCCCCC(C)C(C)CC,HUFKTAFEZUQFCE-UHFFFAOYSA-N,"3,4-dimethyltridecane",,Chemical and Physical Properties|Classification|Literature|Patents,,Google Patents|IBM|LIPID MAPS|Metabolomics Workbench|Springer Nature|SureChEMBL,Curation Efforts|Journal Publishers|NIH Initiatives|Research and Development,,212.41,0.0,117,7.8,15,0,0,10,212.250397,212.250397,0,1,0,2,0,2,0,0,0,1,21,14,4,20111204
523268,"Undecane, 6-butyl","Undecane, 6-butyl|6-butylundecane|SCHEMBL198958|SCHEMBL199475|SCHEMBL1816891|SCHEMBL4052523|SCHEMBL9453168|WLSWCYRKJDHEIN-UHFFFAOYSA-N",C15H32,"InChI=1S/C15H32/c1-4-7-10-13-15(12-9-6-3)14-11-8-5-2/h15H,4-14H2,1-3H3",CCCCCC(CCCC)CCCCC,WLSWCYRKJDHEIN-UHFFFAOYSA-N,6-butylundecane,,Chemical and Physical Properties|Literature|Patents|Spectral Information,,ABI Chem|ChemSpider|DiscoveryGate|Google Patents|IBM|Japan Chemical Substance Dictionary (Nikkaji)|NextBio|NIST Chemistry WebBook|NIST Mass Spectrometry Data Center|PATENTSCOPE (WIPO)|Springer Nature|SureChEMBL|Thieme Chemistry|Thomson Pharma,Chemical Vendors|Curation Efforts|Governmental Organizations|Journal Publishers|Legacy Depositors|Research and Development|Subscription Services,,212.41,0.0,96,8.1,15,0,0,11,212.250397,212.250397,0,1,0,0,0,0,0,0,0,6,151,64,4,20050327
144638,"4,6-Diethyl-4,6-dimethylnonane","4,6-Diethyl-4,6-dimethylnonane|74286-96-7|DTXSID90995810|RefChem:1069496|DTXCID201422833|4,6-diethyl-4,6-dimethyl-nonane|NEWRUUASNLQCQY-UHFFFAOYSA-N",C15H32,"InChI=1S/C15H32/c1-7-11-14(5,9-3)13-15(6,10-4)12-8-2/h7-13H2,1-6H3",CCCC(C)(CC)CC(C)(CC)CCC,NEWRUUASNLQCQY-UHFFFAOYSA-N,"4,6-diethyl-4,6-dimethylnonane",,Chemical and Physical Properties|Classification|Literature,,"ABI Chem|ChemIDplus|ChemSpider|EPA DSSTox|Google Patents|MolGenie|NextBio|NIST Chemistry WebBook|PubChem Reference Collection|RR Scientific|Springer Nature|SpringerMaterials|ToxPlanet|ZeroPM - Zero Pollution of Persistent, Mobile Substances",Chemical Vendors|Curation Efforts|Governmental Organizations|Journal Publishers|Legacy Depositors|Research and Development|Subscription Services,,212.41,0.0,143,7.5,15,0,0,8,212.250397,212.250397,0,1,0,2,0,2,0,0,0,2,0,0,3,20050327
92173560,"(6S,10R)-2,6,10-trimethyldodecane",YFHFHLSMISYUAQ-CABCVRRESA-N,C15H32,"InChI=1S/C15H32/c1-6-14(4)10-8-12-15(5)11-7-9-13(2)3/h13-15H,6-12H2,1-5H3/t14-,15+/m1/s1",CC[C@@H](C)CCC[C@@H](C)CCCC(C)C,YFHFHLSMISYUAQ-CABCVRRESA-N,"(6S,10R)-2,6,10-trimethyldodecane",,Classification|Literature|Taxonomy,,"Cheminformatics Friedrich-Schiller-University Jena|Google Patents|MolGenie|ZeroPM - Zero Pollution of Persistent, Mobile Substances|ZINC",Chemical Vendors|Legacy Depositors|Research and Development,,212.41,0.0,126,7.5,15,0,0,9,212.250397,212.250397,0,1,0,2,2,0,0,0,0,2,0,0,3,20151210
18676411,"2,2-Dimethyltridecane","trimethyldodecane|2,2-DIMETHYLTRIDECANE|SCHEMBL1669037|SCHEMBL2109269|SCHEMBL2255900|SCHEMBL4014810|SCHEMBL11307953|SCHEMBL25384574|NVEUWWMNWPNXOC-UHFFFAOYSA-N|DTXSID901351128|61869-04-3",C15H32,"InChI=1S/C15H32/c1-5-6-7-8-9-10-11-12-13-14-15(2,3)4/h5-14H2,1-4H3",CCCCCCCCCCCC(C)(C)C,NVEUWWMNWPNXOC-UHFFFAOYSA-N,"2,2-dimethyltridecane",,Classification|Literature|Patents,,"ChemSpider|ChemTik|DiscoveryGate|EPA DSSTox|Google Patents|IBM|MolGenie|PATENTSCOPE (WIPO)|SCRIPDB|Springer Nature|SureChEMBL|ToxPlanet|ZeroPM - Zero Pollution of Persistent, Mobile Substances",Chemical Vendors|Curation Efforts|Governmental Organizations|Journal Publishers|Legacy Depositors|Research and Development|Subscription Services,,212.41,0.0,118,7.9,15,0,0,10,212.250397,212.250397,0,1,0,0,0,0,0,0,0,29,546,315,3,20071204
85779395,"6,8-Dimethyl-tridecane","6,8-dimethyl-tridecane|SCHEMBL4273899|SCHEMBL4273903|USBIEPDOQYZNJE-UHFFFAOYSA-N",C15H32,"InChI=1S/C15H32/c1-5-7-9-11-14(3)13-15(4)12-10-8-6-2/h14-15H,5-13H2,1-4H3",CCCCCC(C)CC(C)CCCCC,USBIEPDOQYZNJE-UHFFFAOYSA-N,"6,8-dimethyltridecane",,Classification|Literature|Patents,,"IBM|MolGenie|Springer Nature|SureChEMBL|ZeroPM - Zero Pollution of Persistent, Mobile Substances",Curation Efforts|Journal Publishers|Research and Development,,212.41,0.0,103,7.8,15,0,0,10,212.250397,212.250397,0,1,0,2,0,2,0,0,0,2,17,7,3,20141103
129656744,"3,9-Diethylundecane","3,9-diethylundecane|DTXSID40897350|13286-72-1|RefChem:272798|DTXCID601326714|3,a9-adiethylundecane|3,9-diethyl-undecane|SCHEMBL25341506|SCHEMBL29099326",C15H32,"InChI=1S/C15H32/c1-5-14(6-2)12-10-9-11-13-15(7-3)8-4/h14-15H,5-13H2,1-4H3",CCC(CC)CCCCCC(CC)CC,FGJCHUDLLJCOIT-UHFFFAOYSA-N,"3,9-diethylundecane",,Classification|Literature|Patents,,EPA DSSTox|Google Patents|PATENTSCOPE (WIPO)|PubChem Reference Collection|Springer Nature|SureChEMBL|Wikidata,Curation Efforts|Governmental Organizations|Journal Publishers|Research and Development,,212.41,0.0,95,7.8,15,0,0,10,212.250397,212.250397,0,1,0,0,0,0,0,0,0,2,16,9,3,20170913
528485,"3,7-Dimethyltridecane","3,7-dimethyltridecane|3,7-DimethyIdodecane|Dodecane, 3,7-dimethyl|SCHEMBL25213161|ZBHVQKRXXVWSMS-UHFFFAOYSA-N",C15H32,"InChI=1S/C15H32/c1-5-7-8-9-11-15(4)13-10-12-14(3)6-2/h14-15H,5-13H2,1-4H3",CCCCCCC(C)CCCC(C)CC,ZBHVQKRXXVWSMS-UHFFFAOYSA-N,"3,7-dimethyltridecane",,Chemical and Physical Properties|Literature|Patents,,ABI Chem|ChemSpider|ChemTik|Google Patents|IBM|NextBio|NIST Chemistry WebBook|NIST Mass Spectrometry Data Center|PATENTSCOPE (WIPO)|SCRIPDB|Springer Nature|SureChEMBL,Chemical Vendors|Curation Efforts|Governmental Organizations|Journal Publishers|Legacy Depositors|Research and Development|Subscription Services,,212.41,0.0,117,7.8,15,0,0,10,212.250397,212.250397,0,1,0,2,0,2,0,0,0,1,22,11,3,20050327
529959,"Dodecane, 6-propyl","Dodecane, 6-propyl|6-propyldodecane|6-propyl-dodecane|SCHEMBL198935|SCHEMBL199313|SCHEMBL199616|SCHEMBL8026611|SCHEMBL10971803|SCHEMBL28100004|KLSJXZGFJIIIGJ-UHFFFAOYSA-N",C15H32,"InChI=1S/C15H32/c1-4-7-9-11-14-15(12-6-3)13-10-8-5-2/h15H,4-14H2,1-3H3",CCCCCCC(CCC)CCCCC,KLSJXZGFJIIIGJ-UHFFFAOYSA-N,6-propyldodecane,,Chemical and Physical Properties|Literature|Patents,,ABI Chem|ChemSpider|DiscoveryGate|Google Patents|IBM|Japan Chemical Substance Dictionary (Nikkaji)|NextBio|NIST Chemistry WebBook|NIST Mass Spectrometry Data Center|PATENTSCOPE (WIPO)|Springer Nature|SpringerMaterials|SureChEMBL,Chemical Vendors|Curation Efforts|Governmental Organizations|Journal Publishers|Legacy Depositors|Research and Development|Subscription Services,,212.41,0.0,107,8.1,15,0,0,11,212.250397,212.250397,0,1,0,1,0,1,0,0,0,1,116,55,3,20050327
530327,"Tridecane, 4-ethyl","Tridecane, 4-ethyl|3-n-nonyl-hexane|SCHEMBL101587|SCHEMBL103933|SCHEMBL3094381|SCHEMBL5985104|SCHEMBL17336085|SCHEMBL27327697|SCHEMBL28100023|SCHEMBL28270187|OXBHXROMEWUKII-UHFFFAOYSA-N",C15H32,"InChI=1S/C15H32/c1-4-7-8-9-10-11-12-14-15(6-3)13-5-2/h15H,4-14H2,1-3H3",CCCCCCCCCC(CC)CCC,OXBHXROMEWUKII-UHFFFAOYSA-N,4-ethyltridecane,,Chemical and Physical Properties|Literature|Patents,,ABI Chem|ChemSpider|Google Patents|IBM|NextBio|NIST Chemistry WebBook|NIST Mass Spectrometry Data Center|PATENTSCOPE (WIPO)|Springer Nature|SureChEMBL,Chemical Vendors|Curation Efforts|Governmental Organizations|Journal Publishers|Legacy Depositors|Research and Development|Subscription Services,,212.41,0.0,107,8.1,15,0,0,11,212.250397,212.250397,0,1,0,1,0,1,0,0,0,1,142,49,3,20050327
15930787,"3,3-Dimethyltridecane","10-trimethyldodecane|3,3-dimethyltridecane|SCHEMBL5145681|SCHEMBL22749064|SCHEMBL25386399|SCHEMBL28161603|JAWJMRGESPDRMS-UHFFFAOYSA-N",C15H32,"InChI=1S/C15H32/c1-5-7-8-9-10-11-12-13-14-15(3,4)6-2/h5-14H2,1-4H3",CCCCCCCCCCC(C)(C)CC,JAWJMRGESPDRMS-UHFFFAOYSA-N,"3,3-dimethyltridecane",,Chemical and Physical Properties|Literature|Patents,,ChemSpider|Google Patents|IBM|NIST Mass Spectrometry Data Center|PATENTSCOPE (WIPO)|SCRIPDB|Springer Nature|SureChEMBL,Curation Efforts|Governmental Organizations|Journal Publishers|Legacy Depositors|Research and Development,,212.41,0.0,124,7.9,15,0,0,10,212.250397,212.250397,0,1,0,0,0,0,0,0,0,5,60,36,3,20070215
21297044,5-Butyl-5-ethylnonane,5-butyl-5-ethylnonane|SCHEMBL5892589|SCHEMBL27833339,C15H32,"InChI=1S/C15H32/c1-5-9-12-15(8-4,13-10-6-2)14-11-7-3/h5-14H2,1-4H3",CCCCC(CC)(CCCC)CCCC,CDQUCVCUHYDPNC-UHFFFAOYSA-N,5-butyl-5-ethylnonane,,Chemical and Physical Properties|Literature|Patents,,ChemSpider|Google Patents|IBM|PATENTSCOPE (WIPO)|SCRIPDB|Springer Nature|SpringerMaterials|SureChEMBL,Curation Efforts|Governmental Organizations|Journal Publishers|Legacy Depositors|Research and Development|Subscription Services,,212.41,0.0,104,7.9,15,0,0,10,212.250397,212.250397,0,1,0,0,0,0,0,0,0,1,17,9,3,20071205
53663966,"2,4,6-Trimethyl-dodecane","2,4,6-trimethyl-dodecane|SCHEMBL10884515",C15H32,"InChI=1S/C15H32/c1-6-7-8-9-10-14(4)12-15(5)11-13(2)3/h13-15H,6-12H2,1-5H3",CCCCCCC(C)CC(C)CC(C)C,JLQUHHQIHZZTEZ-UHFFFAOYSA-N,"2,4,6-trimethyldodecane",,Chemical and Physical Properties|Literature|Patents,,Google Patents|IBM|Springer Nature|SpringerMaterials|SureChEMBL,Curation Efforts|Journal Publishers|Research and Development|Subscription Services,,212.41,0.0,126,7.5,15,0,0,9,212.250397,212.250397,0,1,0,2,0,2,0,0,0,2,12,9,3,20111203
530338,"Tridecane, 6-ethyl","Tridecane, 6-ethyl|SCHEMBL199291|SCHEMBL199634|SCHEMBL5985929|SCHEMBL9177575|SCHEMBL25181808",C15H32,"InChI=1S/C15H32/c1-4-7-9-10-12-14-15(6-3)13-11-8-5-2/h15H,4-14H2,1-3H3",CCCCCCCC(CC)CCCCC,VPFNFUHSGMMEIA-UHFFFAOYSA-N,6-ethyltridecane,,Chemical and Physical Properties|Classification|Patents,,"ABI Chem|ChemSpider|Google Patents|IBM|MolGenie|NextBio|NIST Chemistry WebBook|NIST Mass Spectrometry Data Center|PATENTSCOPE (WIPO)|SCRIPDB|SureChEMBL|ZeroPM - Zero Pollution of Persistent, Mobile Substances",Chemical Vendors|Curation Efforts|Governmental Organizations|Legacy Depositors|Research and Development|Subscription Services,,212.41,0.0,107,8.1,15,0,0,11,212.250397,212.250397,0,1,0,1,0,1,0,0,0,0,63,34,3,20050327
85880336,4-Ethyl-3-methyldodecane,SCHEMBL28154746|PGNJUHVUDHXYPZ-UHFFFAOYSA-N,C15H32,"InChI=1S/C15H32/c1-5-8-9-10-11-12-13-15(7-3)14(4)6-2/h14-15H,5-13H2,1-4H3",CCCCCCCCC(CC)C(C)CC,PGNJUHVUDHXYPZ-UHFFFAOYSA-N,4-ethyl-3-methyldodecane,,Classification|Patents|Spectral Information,,"IBM|MolGenie|SureChEMBL|ZeroPM - Zero Pollution of Persistent, Mobile Substances",Curation Efforts|Research and Development,,212.41,0.0,117,7.8,15,0,0,10,212.250397,212.250397,0,1,0,2,0,2,0,0,0,0,12,9,3,20141103
18710051,Hexamethylnonane,hexamethylnonane,C15H32,"InChI=1S/C15H32/c1-14(2,3)12-10-8-7-9-11-13-15(4,5)6/h7-13H2,1-6H3",CC(C)(C)CCCCCCCC(C)(C)C,PQKIVRJXGKWZPG-UHFFFAOYSA-N,"2,2,10,10-tetramethylundecane",,Literature|Patents,,ChemSpider|Google Patents|PATENTSCOPE (WIPO)|SCRIPDB|Springer Nature,Governmental Organizations|Journal Publishers|Legacy Depositors|Research and Development,,212.41,0.0,124,7.5,15,0,0,8,212.250397,212.250397,0,1,0,0,0,0,0,0,0,2,62,32,2,20071204
19931298,Dimethyltridecane,dimethyltridecane|SCHEMBL1874461|SCHEMBL8895547|SCHEMBL25384437,C15H32,"InChI=1S/C15H32/c1-5-7-9-11-13-15(3,4)14-12-10-8-6-2/h5-14H2,1-4H3",CCCCCCC(C)(C)CCCCCC,AACQKCNKSWNVIW-UHFFFAOYSA-N,"7,7-dimethyltridecane",,Literature|Patents,,ChemSpider|Google Patents|IBM|PATENTSCOPE (WIPO)|SCRIPDB|Springer Nature|SureChEMBL,Curation Efforts|Governmental Organizations|Journal Publishers|Legacy Depositors|Research and Development,,212.41,0.0,110,7.9,15,0,0,10,212.250397,212.250397,0,1,0,0,0,0,0,0,0,2,43,30,2,20071205
19931394,5-Dimethyl-tridecan,5-Dimethyl-tridecan|SCHEMBL8897161|SCHEMBL25383476|SCHEMBL25384516,C15H32,"InChI=1S/C15H32/c1-5-7-9-10-11-12-14-15(3,4)13-8-6-2/h5-14H2,1-4H3",CCCCCCCCC(C)(C)CCCC,BGELIKHCWUDGKP-UHFFFAOYSA-N,"5,5-dimethyltridecane",,Literature|Patents,,ChemSpider|IBM|PATENTSCOPE (WIPO)|Springer Nature|SureChEMBL,Curation Efforts|Governmental Organizations|Journal Publishers|Legacy Depositors|Research and Development,,212.41,0.0,124,7.9,15,0,0,10,212.250397,212.250397,0,1,0,0,0,0,0,0,0,1,14,10,2,20071205
20139828,"2,4,6,8-Tetramethylundecane","2,4,6,8-tetramethylundecane|SCHEMBL3456086|SCHEMBL8190453|SCHEMBL10639593",C15H32,"InChI=1S/C15H32/c1-7-8-13(4)10-15(6)11-14(5)9-12(2)3/h12-15H,7-11H2,1-6H3",CCCC(C)CC(C)CC(C)CC(C)C,WIRCLRWVKNJKHO-UHFFFAOYSA-N,"2,4,6,8-tetramethylundecane",,Literature|Patents,,ChemSpider|Google Patents|IBM|PATENTSCOPE (WIPO)|SCRIPDB|Springer Nature|SureChEMBL,Curation Efforts|Governmental Organizations|Journal Publishers|Legacy Depositors|Research and Development,,212.41,0.0,137,7.2,15,0,0,8,212.250397,212.250397,0,1,0,3,0,3,0,0,0,2,29,13,2,20071205
22356309,"4,6,8-Trimethyldodecane","4,6,8-trimethyldodecane|SCHEMBL9175617",C15H32,"InChI=1S/C15H32/c1-6-8-10-14(4)12-15(5)11-13(3)9-7-2/h13-15H,6-12H2,1-5H3",CCCCC(C)CC(C)CC(C)CCC,CHVBKCPVKLXKOC-UHFFFAOYSA-N,"4,6,8-trimethyldodecane",,Literature|Patents,,ChemSpider|Google Patents|IBM|PATENTSCOPE (WIPO)|SCRIPDB|Springer Nature|SureChEMBL,Curation Efforts|Governmental Organizations|Journal Publishers|Legacy Depositors|Research and Development,,212.41,0.0,128,7.5,15,0,0,9,212.250397,212.250397,0,1,0,3,0,3,0,0,0,1,4,3,2,20071205
57773740,6-Ethyl-6-methyldodecane,,C15H32,"InChI=1S/C15H32/c1-5-8-10-12-14-15(4,7-3)13-11-9-6-2/h5-14H2,1-4H3",CCCCCCC(C)(CC)CCCCC,NCICFWCDHWQEJE-UHFFFAOYSA-N,6-ethyl-6-methyldodecane,,Literature|Patents,,Google Patents|IBM|SCRIPDB|Thieme Chemistry,Journal Publishers|Legacy Depositors|Research and Development|Subscription Services,,212.41,0.0,128,7.9,15,0,0,10,212.250397,212.250397,0,1,0,1,0,1,0,0,0,1,4,4,2,20120819
85799694,"6,9-Dimethyltridecane","6,9-dimethyltridecane|SCHEMBL30708135",C15H32,"InChI=1S/C15H32/c1-5-7-9-11-15(4)13-12-14(3)10-8-6-2/h14-15H,5-13H2,1-4H3",CCCCCC(C)CCC(C)CCCC,QRRLHKJGWNJNLN-UHFFFAOYSA-N,"5,8-dimethyltridecane",,Literature|Patents,,Google Patents|IBM|Springer Nature|SureChEMBL,Curation Efforts|Journal Publishers|Research and Development,,212.41,0.0,117,7.8,15,0,0,10,212.250397,212.250397,0,1,0,2,0,2,0,0,0,1,7,7,2,20141103
85984579,"3,8-Dimethyltridecane","3,8-dimethyltridecane",C15H32,"InChI=1S/C15H32/c1-5-7-8-12-15(4)13-10-9-11-14(3)6-2/h14-15H,5-13H2,1-4H3",CCCCCC(C)CCCCC(C)CC,OYPLBWCCPGJOGD-UHFFFAOYSA-N,"3,8-dimethyltridecane",,Literature|Patents,,Google Patents|IBM|PATENTSCOPE (WIPO)|Springer Nature,Governmental Organizations|Journal Publishers|Research and Development,,212.41,0.0,117,7.8,15,0,0,10,212.250397,212.250397,0,1,0,2,0,2,0,0,0,1,4,3,2,20141103
91026397,7-Ethyl-6-methyldodecane,7-ethyl-6-methyldodecane|SCHEMBL2502759,C15H32,"InChI=1S/C15H32/c1-5-8-10-12-14(4)15(7-3)13-11-9-6-2/h14-15H,5-13H2,1-4H3",CCCCCC(C)C(CC)CCCCC,GIPUXQCFGJQSRG-UHFFFAOYSA-N,6-ethyl-7-methyldodecane,,Literature|Patents,,Google Patents|IBM|Springer Nature|SureChEMBL,Curation Efforts|Journal Publishers|Research and Development,,212.41,0.0,117,7.8,15,0,0,10,212.250397,212.250397,0,1,0,2,0,2,0,0,0,1,9,8,2,20150317
91062145,Decamethyl pentane,decamethyl pentane|SCHEMBL5792579,C15H32,"InChI=1S/C15H32/c1-11-13(5,6)15(9,10)14(7,8)12(2,3)4/h11H2,1-10H3",CCC(C)(C)C(C)(C)C(C)(C)C(C)(C)C,KVKPMERTMDSMMA-UHFFFAOYSA-N,"2,2,3,3,4,4,5,5-octamethylheptane",,Literature|Patents,,Google Patents|IBM|PATENTSCOPE (WIPO)|Springer Nature|SureChEMBL,Curation Efforts|Governmental Organizations|Journal Publishers|Research and Development,,212.41,0.0,211,6.6,15,0,0,4,212.250397,212.250397,0,1,0,0,0,0,0,0,0,1,15,14,2,20150317
91111704,4-Methyl-6-propyl-undecane,4-methyl-6-propyl-undecane|SCHEMBL4271779|SCHEMBL4271785,C15H32,"InChI=1S/C15H32/c1-5-8-9-12-15(11-7-3)13-14(4)10-6-2/h14-15H,5-13H2,1-4H3",CCCCCC(CCC)CC(C)CCC,QAUBMPRKDDSAKD-UHFFFAOYSA-N,4-methyl-6-propylundecane,,Literature|Patents,,Google Patents|IBM|Springer Nature|SureChEMBL,Curation Efforts|Journal Publishers|Research and Development,,212.41,0.0,117,7.8,15,0,0,10,212.250397,212.250397,0,1,0,2,0,2,0,0,0,1,15,6,2,20150317
91461033,6-Ethyl-8-methyldodecane,6-ethyl-8-methyldodecane|SCHEMBL4269679|SCHEMBL4269683,C15H32,"InChI=1S/C15H32/c1-5-8-10-12-15(7-3)13-14(4)11-9-6-2/h14-15H,5-13H2,1-4H3",CCCCCC(CC)CC(C)CCCC,OXCNPMJAWMZCFQ-UHFFFAOYSA-N,7-ethyl-5-methyldodecane,,Literature|Patents,,IBM|Springer Nature|SureChEMBL,Curation Efforts|Journal Publishers|Research and Development,,212.41,0.0,117,7.8,15,0,0,10,212.250397,212.250397,0,1,0,2,0,2,0,0,0,1,14,5,2,20150317
123183055,Pentamethyl decane,pentamethyl decane|SCHEMBL28091914|SCHEMBL29006845,C15H32,"InChI=1S/C15H32/c1-7-8-9-10-11-12-13-15(5,6)14(2,3)4/h7-13H2,1-6H3",CCCCCCCCC(C)(C)C(C)(C)C,FAIWZBWGACQBPT-UHFFFAOYSA-N,"2,2,3,3-tetramethylundecane",,Literature|Patents,,Google Patents|IBM|PATENTSCOPE (WIPO)|Springer Nature|SureChEMBL,Curation Efforts|Governmental Organizations|Journal Publishers|Research and Development,,212.41,0.0,148,7.5,15,0,0,8,212.250397,212.250397,0,1,0,0,0,0,0,0,0,1,35,31,2,20170124
123256516,2-Methyl-5-(1.2-dimethyl-propyl)-nonan,2-Methyl-5-(1.2-dimethyl-propyl)-nonan,C15H32,"InChI=1S/C15H32/c1-7-8-9-15(11-10-12(2)3)14(6)13(4)5/h12-15H,7-11H2,1-6H3",CCCCC(CCC(C)C)C(C)C(C)C,ZOZHNBZLHSCTBY-UHFFFAOYSA-N,2-methyl-5-(3-methylbutan-2-yl)nonane,,Literature|Patents,,IBM|Springer Nature,Journal Publishers|Research and Development,,212.41,0.0,135,7.2,15,0,0,8,212.250397,212.250397,0,1,0,2,0,2,0,0,0,1,1,1,2,20170124
123676584,"3,4,4,6,6,7-Hexamethyl-nonane","3,4,4,6,6,7-hexamethyl-nonane",C15H32,"InChI=1S/C15H32/c1-9-12(3)14(5,6)11-15(7,8)13(4)10-2/h12-13H,9-11H2,1-8H3",CCC(C)C(C)(C)CC(C)(C)C(C)CC,PCLJVWUSQNDFIE-UHFFFAOYSA-N,"3,4,4,6,6,7-hexamethylnonane",,Literature|Patents,,IBM|Springer Nature,Journal Publishers|Research and Development,,212.41,0.0,156,6.9,15,0,0,6,212.250397,212.250397,0,1,0,2,0,2,0,0,0,2,1,1,2,20170125
13023880,"2,2,5,5,8,8-Hexamethylnonane",SCHEMBL21874951|LMAWTCKDKWEJBB-UHFFFAOYSA-N,C15H32,"InChI=1S/C15H32/c1-13(2,3)9-11-15(7,8)12-10-14(4,5)6/h9-12H2,1-8H3",CC(C)(C)CCC(C)(C)CCC(C)(C)C,LMAWTCKDKWEJBB-UHFFFAOYSA-N,"2,2,5,5,8,8-hexamethylnonane",,Classification|Patents,,"ChemSpider|Google Patents|IBM|MolGenie|PATENTSCOPE (WIPO)|SCRIPDB|SureChEMBL|ZeroPM - Zero Pollution of Persistent, Mobile Substances",Curation Efforts|Governmental Organizations|Legacy Depositors|Research and Development,,212.41,0.0,153,7.0,15,0,0,6,212.250397,212.250397,0,1,0,0,0,0,0,0,0,0,10,6,2,20070208
23556351,"3,5,7-Triethylnonane","3,5,7-TRIETHYLNONANE|98007-32-0|DTXSID90634934|FVWYLBHBLKQDRK-UHFFFAOYSA-N",C15H32,"InChI=1S/C15H32/c1-6-13(7-2)11-15(10-5)12-14(8-3)9-4/h13-15H,6-12H2,1-5H3",CCC(CC)CC(CC)CC(CC)CC,FVWYLBHBLKQDRK-UHFFFAOYSA-N,"3,5,7-triethylnonane",,Classification|Patents,,"Achemica|ChemTik|EPA DSSTox|Google Patents|IBM|J&H Chemical Co.,ltd|MolGenie|RR Scientific|SCRIPDB|Wikidata|ZeroPM - Zero Pollution of Persistent, Mobile Substances",Chemical Vendors|Curation Efforts|Governmental Organizations|Legacy Depositors|Research and Development,,212.41,0.0,106,7.5,15,0,0,9,212.250397,212.250397,0,1,0,0,0,0,0,0,0,0,85,32,2,20071206
54335915,"2,2,3-Trimethyldodecane",SCHEMBL23803921|SCHEMBL25383987|TVLLGUPFDUOZHT-UHFFFAOYSA-N,C15H32,"InChI=1S/C15H32/c1-6-7-8-9-10-11-12-13-14(2)15(3,4)5/h14H,6-13H2,1-5H3",CCCCCCCCCC(C)C(C)(C)C,TVLLGUPFDUOZHT-UHFFFAOYSA-N,"2,2,3-trimethyldodecane",,Classification|Patents,,"Google Patents|MolGenie|PATENTSCOPE (WIPO)|SureChEMBL|ZeroPM - Zero Pollution of Persistent, Mobile Substances",Curation Efforts|Governmental Organizations|Research and Development,,212.41,0.0,129,7.6,15,0,0,9,212.250397,212.250397,0,1,0,1,0,1,0,0,0,0,26,19,2,20111204
59702239,"4-Tert-butyl-2,2,6,6-tetramethylheptane",SCHEMBL4654159|SCHEMBL4654161|SCHEMBL18722218|RGSXSINCLNJKDR-UHFFFAOYSA-N,C15H32,"InChI=1S/C15H32/c1-13(2,3)10-12(15(7,8)9)11-14(4,5)6/h12H,10-11H2,1-9H3",CC(C)(C)CC(CC(C)(C)C)C(C)(C)C,RGSXSINCLNJKDR-UHFFFAOYSA-N,"4-tert-butyl-2,2,6,6-tetramethylheptane",,Classification|Patents,,"Google Patents|IBM|MolGenie|PATENTSCOPE (WIPO)|SCRIPDB|SureChEMBL|ZeroPM - Zero Pollution of Persistent, Mobile Substances",Curation Efforts|Governmental Organizations|Legacy Depositors|Research and Development,,212.41,0.0,164,6.7,15,0,0,5,212.250397,212.250397,0,1,0,0,0,0,0,0,0,0,12,8,2,20120820
85520330,"5,9-Dimethyltridecane",SCHEMBL19284303|MYRIYVBHIIEIRY-UHFFFAOYSA-N,C15H32,"InChI=1S/C15H32/c1-5-7-10-14(3)12-9-13-15(4)11-8-6-2/h14-15H,5-13H2,1-4H3",CCCCC(C)CCCC(C)CCCC,MYRIYVBHIIEIRY-UHFFFAOYSA-N,"5,9-dimethyltridecane",,Classification|Patents,,"IBM|MolGenie|SureChEMBL|ZeroPM - Zero Pollution of Persistent, Mobile Substances",Curation Efforts|Research and Development,,212.41,0.0,103,7.8,15,0,0,10,212.250397,212.250397,0,1,0,2,0,2,0,0,0,0,3,2,2,20141103
92173562,"(6R,10R)-2,6,10-trimethyldodecane",YFHFHLSMISYUAQ-HUUCEWRRSA-N,C15H32,"InChI=1S/C15H32/c1-6-14(4)10-8-12-15(5)11-7-9-13(2)3/h13-15H,6-12H2,1-5H3/t14-,15-/m1/s1",CC[C@@H](C)CCC[C@H](C)CCCC(C)C,YFHFHLSMISYUAQ-HUUCEWRRSA-N,"(6R,10R)-2,6,10-trimethyldodecane",,Classification|Patents,,"Cheminformatics Friedrich-Schiller-University Jena|Google Patents|MolGenie|ZeroPM - Zero Pollution of Persistent, Mobile Substances|ZINC",Chemical Vendors|Legacy Depositors|Research and Development,,212.41,0.0,126,7.5,15,0,0,9,212.250397,212.250397,0,1,0,2,2,0,0,0,0,0,2,2,2,20151210
102000014,(3R)-3-methyltetradecane,HXUYUZCPGPKNGS-OAHLLOKOSA-N,C15H32,"InChI=1S/C15H32/c1-4-6-7-8-9-10-11-12-13-14-15(3)5-2/h15H,4-14H2,1-3H3/t15-/m1/s1",CCCCCCCCCCC[C@H](C)CC,HXUYUZCPGPKNGS-OAHLLOKOSA-N,(3R)-3-methyltetradecane,,Classification|Patents,,"Cheminformatics Friedrich-Schiller-University Jena|Japan Chemical Substance Dictionary (Nikkaji)|MolGenie|PATENTSCOPE (WIPO)|ZeroPM - Zero Pollution of Persistent, Mobile Substances",Governmental Organizations|Research and Development,,212.41,0.0,107,8.1,15,0,0,11,212.250397,212.250397,0,1,0,1,1,0,0,0,0,0,0,0,2,20151219
123324500,5-Methyl-5-propylundecane,KSMNXIXOOBXCDF-UHFFFAOYSA-N,C15H32,"InChI=1S/C15H32/c1-5-8-10-11-14-15(4,12-7-3)13-9-6-2/h5-14H2,1-4H3",CCCCCCC(C)(CCC)CCCC,KSMNXIXOOBXCDF-UHFFFAOYSA-N,5-methyl-5-propylundecane,,Classification|Patents,,"IBM|MolGenie|ZeroPM - Zero Pollution of Persistent, Mobile Substances",Research and Development,,212.41,0.0,128,7.9,15,0,0,10,212.250397,212.250397,0,1,0,1,0,1,0,0,0,0,3,3,2,20170124
152843200,"3-Tert-butyl-2,2,3,5,5-pentamethylhexane",SZKQKUDUUQBEFE-UHFFFAOYSA-N,C15H32,"InChI=1S/C15H32/c1-12(2,3)11-15(10,13(4,5)6)14(7,8)9/h11H2,1-10H3",CC(C)(C)CC(C)(C(C)(C)C)C(C)(C)C,SZKQKUDUUQBEFE-UHFFFAOYSA-N,"3-tert-butyl-2,2,3,5,5-pentamethylhexane",,Classification|Patents,,"Google Patents|MolGenie|PATENTSCOPE (WIPO)|ZeroPM - Zero Pollution of Persistent, Mobile Substances",Governmental Organizations|Research and Development,,212.41,0.0,188,6.6,15,0,0,4,212.250397,212.250397,0,1,0,0,0,0,0,0,0,0,15,3,2,20200813
524061,"Decane, 2,6-dimethyl","Decane, 2,6-dimethyl|SCHEMBL8025475|SCHEMBL10596634|SCHEMBL23672996|JIQUCMXOBFLKIM-UHFFFAOYSA-N",C15H32,"InChI=1S/C15H32/c1-5-6-7-8-9-12-15(4)13-10-11-14(2)3/h14-15H,5-13H2,1-4H3",CCCCCCCC(C)CCCC(C)C,JIQUCMXOBFLKIM-UHFFFAOYSA-N,"2,6-dimethyltridecane",,Chemical and Physical Properties|Patents,,ABI Chem|ChemSpider|Google Patents|IBM|NextBio|NIST Chemistry WebBook|NIST Mass Spectrometry Data Center|PATENTSCOPE (WIPO)|SureChEMBL,Chemical Vendors|Curation Efforts|Governmental Organizations|Legacy Depositors|Research and Development|Subscription Services,,212.41,0.0,115,7.8,15,0,0,10,212.250397,212.250397,0,1,0,1,0,1,0,0,0,0,36,25,2,20050327
529923,"Dodecane, 4-propyl","Dodecane, 4-propyl|4-propyl-dodecane|SCHEMBL101205|SCHEMBL2076547|SCHEMBL6651294|XZHZQKGVIRIOCW-UHFFFAOYSA-N",C15H32,"InChI=1S/C15H32/c1-4-7-8-9-10-11-14-15(12-5-2)13-6-3/h15H,4-14H2,1-3H3",CCCCCCCCC(CCC)CCC,XZHZQKGVIRIOCW-UHFFFAOYSA-N,4-propyldodecane,,Chemical and Physical Properties|Patents,,ABI Chem|ChemSpider|Google Patents|IBM|NextBio|NIST Chemistry WebBook|NIST Mass Spectrometry Data Center|PATENTSCOPE (WIPO)|SpringerMaterials|SureChEMBL,Chemical Vendors|Curation Efforts|Governmental Organizations|Journal Publishers|Legacy Depositors|Research and Development|Subscription Services,,212.41,0.0,101,8.1,15,0,0,11,212.250397,212.250397,0,1,0,0,0,0,0,0,0,0,47,22,2,20050327
529933,"Dodecane, 5-propyl","Dodecane, 5-propyl|SCHEMBL199400|SCHEMBL200485|SCHEMBL5488763|SCHEMBL6269498|SCHEMBL19347210|SCHEMBL25178916|SCHEMBL27942253|MQYBDUFOJSHFLQ-UHFFFAOYSA-N",C15H32,"InChI=1S/C15H32/c1-4-7-9-10-11-14-15(12-6-3)13-8-5-2/h15H,4-14H2,1-3H3",CCCCCCCC(CCC)CCCC,MQYBDUFOJSHFLQ-UHFFFAOYSA-N,5-propyldodecane,,Chemical and Physical Properties|Patents,,ABI Chem|ChemSpider|Google Patents|IBM|NextBio|NIST Chemistry WebBook|NIST Mass Spectrometry Data Center|PATENTSCOPE (WIPO)|SureChEMBL,Chemical Vendors|Curation Efforts|Governmental Organizations|Legacy Depositors|Research and Development|Subscription Services,,212.41,0.0,107,8.1,15,0,0,11,212.250397,212.250397,0,1,0,1,0,1,0,0,0,0,49,24,2,20050327
530351,"Tridecane, 7-ethyl","Tridecane, 7-ethyl|SCHEMBL199857|SCHEMBL200196|SCHEMBL5987013|SCHEMBL19286610|MUMTUILLCMYPIJ-UHFFFAOYSA-N",C15H32,"InChI=1S/C15H32/c1-4-7-9-11-13-15(6-3)14-12-10-8-5-2/h15H,4-14H2,1-3H3",CCCCCCC(CC)CCCCCC,MUMTUILLCMYPIJ-UHFFFAOYSA-N,7-ethyltridecane,,Chemical and Physical Properties|Patents,,ABI Chem|ChemSpider|Google Patents|IBM|NextBio|NIST Chemistry WebBook|NIST Mass Spectrometry Data Center|PATENTSCOPE (WIPO)|SCRIPDB|SureChEMBL,Chemical Vendors|Curation Efforts|Governmental Organizations|Legacy Depositors|Research and Development|Subscription Services,,212.41,0.0,94,8.1,15,0,0,11,212.250397,212.250397,0,1,0,0,0,0,0,0,0,0,153,57,2,20050327
530368,"Undecane, 5-butyl","Undecane, 5-butyl|SCHEMBL198962|SCHEMBL200336|SCHEMBL506079|SCHEMBL506080|FYDURCHFUJHZKF-UHFFFAOYSA-N|3-Acetyl-1-(4-chlorophenyl)-5-phenyl-4,5-dihydro-1,2,4-triazin-6(1H)-one",C15H32,"InChI=1S/C15H32/c1-4-7-10-11-14-15(12-8-5-2)13-9-6-3/h15H,4-14H2,1-3H3",CCCCCCC(CCCC)CCCC,FYDURCHFUJHZKF-UHFFFAOYSA-N,5-butylundecane,,Chemical and Physical Properties|Patents,,ABI Chem|ChemSpider|Google Patents|IBM|Japan Chemical Substance Dictionary (Nikkaji)|NextBio|NIST Chemistry WebBook|NIST Mass Spectrometry Data Center|PATENTSCOPE (WIPO)|SCRIPDB|SureChEMBL,Chemical Vendors|Curation Efforts|Governmental Organizations|Legacy Depositors|Research and Development|Subscription Services,,212.41,0.0,98,8.1,15,0,0,11,212.250397,212.250397,0,1,0,0,0,0,0,0,0,0,40,15,2,20050327
20669465,"5,5-Dipropyl-nonane","5,5-dipropyl-nonane",C15H32,"InChI=1S/C15H32/c1-5-9-13-15(11-7-3,12-8-4)14-10-6-2/h5-14H2,1-4H3",CCCCC(CCC)(CCC)CCCC,ODUJBPPSYWJFMP-UHFFFAOYSA-N,"5,5-dipropylnonane",,Chemical and Physical Properties|Patents,,ChemSpider|Google Patents|IBM|PATENTSCOPE (WIPO)|SCRIPDB|SpringerMaterials,Governmental Organizations|Journal Publishers|Legacy Depositors|Research and Development|Subscription Services,,212.41,0.0,110,7.9,15,0,0,10,212.250397,212.250397,0,1,0,0,0,0,0,0,0,0,3,3,2,20071205
56619966,3-Ethyl-3-methyl-dodecane,3-ethyl-3-methyl-dodecane,C15H32,"InChI=1S/C15H32/c1-5-8-9-10-11-12-13-14-15(4,6-2)7-3/h5-14H2,1-4H3",CCCCCCCCCC(C)(CC)CC,BJXSTHWLDODKLM-UHFFFAOYSA-N,3-ethyl-3-methyldodecane,,Chemical and Physical Properties|Patents,,Google Patents|IBM|SpringerMaterials,Journal Publishers|Research and Development|Subscription Services,,212.41,0.0,122,7.9,15,0,0,10,212.250397,212.250397,0,1,0,0,0,0,0,0,0,0,5,4,2,20120224
85977258,"3,3-Diethylundecane","3,3-Diethylundecane|SCHEMBL26407039|JRKHGXZNVIUSTG-UHFFFAOYSA-N",C15H32,"InChI=1S/C15H32/c1-5-9-10-11-12-13-14-15(6-2,7-3)8-4/h5-14H2,1-4H3",CCCCCCCCC(CC)(CC)CC,JRKHGXZNVIUSTG-UHFFFAOYSA-N,"3,3-diethylundecane",,Chemical and Physical Properties|Patents,,IBM|NIST Mass Spectrometry Data Center|PATENTSCOPE (WIPO)|SureChEMBL,Curation Efforts|Governmental Organizations|Legacy Depositors|Research and Development,,212.41,0.0,114,7.9,15,0,0,10,212.250397,212.250397,0,1,0,0,0,0,0,0,0,0,5,5,2,20141103
86034927,"5,5-Diethylundecane","5,5-diethylundecane|SCHEMBL27977798|JQCXFNVFAYZRBM-UHFFFAOYSA-N",C15H32,"InChI=1S/C15H32/c1-5-9-11-12-14-15(7-3,8-4)13-10-6-2/h5-14H2,1-4H3",CCCCCCC(CC)(CC)CCCC,JQCXFNVFAYZRBM-UHFFFAOYSA-N,"5,5-diethylundecane",,Chemical and Physical Properties|Patents,,IBM|NIST Mass Spectrometry Data Center|SureChEMBL,Curation Efforts|Governmental Organizations|Legacy Depositors|Research and Development,,212.41,0.0,122,7.9,15,0,0,10,212.250397,212.250397,0,1,0,0,0,0,0,0,0,0,2,2,2,20141103
450704,(111C)pentadecane,MOLI001234,C15H32,"InChI=1S/C15H32/c1-3-5-7-9-11-13-15-14-12-10-8-6-4-2/h3-15H2,1-2H3/i1-1",CCCCCCCCCCCCCC[11CH3],YCOZIPAWZNQLMR-BJUDXGSMSA-N,(111C)pentadecane,,Interactions and Pathways,,ABI Chem|Molecular Imaging Database (MOLI)|NextBio|NovoSeek,Chemical Vendors|Curation Efforts|Legacy Depositors|Research and Development|Subscription Services,,211.42,0.0,84,7.7,15,0,0,12,211.261841,211.261841,0,1,1,0,0,0,0,0,0,0,0,0,1,20050327
42626793,(5S)-5-propyldodecane,,C15H32,"InChI=1S/C15H32/c1-4-7-9-10-11-14-15(12-6-3)13-8-5-2/h15H,4-14H2,1-3H3/t15-/m0/s1",CCCCCCC[C@@H](CCC)CCCC,MQYBDUFOJSHFLQ-HNNXBMFYSA-N,(5S)-5-propyldodecane,,Interactions and Pathways,,NCBI Structure|Wikidata,Curation Efforts|Governmental Organizations,,212.41,0.0,107,8.1,15,0,0,11,212.250397,212.250397,0,1,0,1,1,0,0,0,0,0,0,0,1,20090702
121499154,"(10S)-2,10-dimethyltridecane",,C15H32,"InChI=1S/C15H32/c1-5-11-15(4)13-10-8-6-7-9-12-14(2)3/h14-15H,5-13H2,1-4H3/t15-/m0/s1",CCC[C@H](C)CCCCCCCC(C)C,WWUFVQJJMDZASQ-HNNXBMFYSA-N,"(10S)-2,10-dimethyltridecane",,Interactions and Pathways,,NCBI Structure|Wikidata,Curation Efforts|Governmental Organizations,,212.41,0.0,115,7.8,15,0,0,10,212.250397,212.250397,0,1,0,1,1,0,0,0,0,0,0,0,1,20160901
129638560,4-Isopropyl-5-tert.-butyl-octan,4-Isopropyl-5-tert.-butyl-octan,C15H32,"InChI=1S/C15H32/c1-8-10-13(12(3)4)14(11-9-2)15(5,6)7/h12-14H,8-11H2,1-7H3",CCCC(C(C)C)C(CCC)C(C)(C)C,RWZAZTKKYPSVFM-UHFFFAOYSA-N,4-tert-butyl-5-propan-2-yloctane,,Literature,,Springer Nature,Journal Publishers,,212.41,0.0,150,7.0,15,0,0,7,212.250397,212.250397,0,1,0,2,0,2,0,0,0,1,0,0,1,20170913
129651515,6-Methyl-5-propylundecane,6-methyl-5-propylundecane,C15H32,"InChI=1S/C15H32/c1-5-8-10-12-14(4)15(11-7-3)13-9-6-2/h14-15H,5-13H2,1-4H3",CCCCCC(C)C(CCC)CCCC,PKJGDHPQRRZCQK-UHFFFAOYSA-N,6-methyl-5-propylundecane,,Literature,,Springer Nature,Journal Publishers,,212.41,0.0,117,7.8,15,0,0,10,212.250397,212.250397,0,1,0,2,0,2,0,0,0,2,0,0,1,20170913
129656567,"3,5-Diethyl-2,3,5,6-tetramethyl-heptane","3,5-diethyl-2,3,5,6-tetramethyl-heptane",C15H32,"InChI=1S/C15H32/c1-9-14(7,12(3)4)11-15(8,10-2)13(5)6/h12-13H,9-11H2,1-8H3",CCC(C)(CC(C)(CC)C(C)C)C(C)C,QJXRPBFTWYIMQT-UHFFFAOYSA-N,"3,5-diethyl-2,3,5,6-tetramethylheptane",,Literature,,Springer Nature,Journal Publishers,,212.41,0.0,160,6.9,15,0,0,6,212.250397,212.250397,0,1,0,2,0,2,0,0,0,2,0,0,1,20170913
129656625,"2,3,3,5,5,6,6-Heptamethyl-octane","2,3,3,5,5,6,6-heptamethyl-octane",C15H32,"InChI=1S/C15H32/c1-10-14(6,7)15(8,9)11-13(4,5)12(2)3/h12H,10-11H2,1-9H3",CCC(C)(C)C(C)(C)CC(C)(C)C(C)C,PWFXYRKZUHFOPX-UHFFFAOYSA-N,"2,3,3,5,5,6,6-heptamethyloctane",,Literature,,Springer Nature,Journal Publishers,,212.41,0.0,194,6.7,15,0,0,5,212.250397,212.250397,0,1,0,0,0,0,0,0,0,2,0,0,1,20170913
129656693,"3,5-Diethyl-2,3,5-trimethyl-octane","3,5-diethyl-2,3,5-trimethyl-octane",C15H32,"InChI=1S/C15H32/c1-8-11-14(6,9-2)12-15(7,10-3)13(4)5/h13H,8-12H2,1-7H3",CCCC(C)(CC)CC(C)(CC)C(C)C,KCALNCOTMJHVCP-UHFFFAOYSA-N,"3,5-diethyl-2,3,5-trimethyloctane",,Literature,,Springer Nature,Journal Publishers,,212.41,0.0,171,7.2,15,0,0,7,212.250397,212.250397,0,1,0,2,0,2,0,0,0,2,0,0,1,20170913
129656766,"2,4,4,6,6,8-Hexamethyl-nonane","2,4,4,6,6,8-hexamethyl-nonane",C15H32,"InChI=1S/C15H32/c1-12(2)9-14(5,6)11-15(7,8)10-13(3)4/h12-13H,9-11H2,1-8H3",CC(C)CC(C)(C)CC(C)(C)CC(C)C,MSCBQOUWQDBKAF-UHFFFAOYSA-N,"2,4,4,6,6,8-hexamethylnonane",,Literature,,Springer Nature,Journal Publishers,,212.41,0.0,152,6.9,15,0,0,6,212.250397,212.250397,0,1,0,0,0,0,0,0,0,2,0,0,1,20170913
129656838,"6-Ethyl-2,3,3,5,5-pentamethyl-octane","6-ethyl-2,3,3,5,5-pentamethyl-octane",C15H32,"InChI=1S/C15H32/c1-9-13(10-2)15(7,8)11-14(5,6)12(3)4/h12-13H,9-11H2,1-8H3",CCC(CC)C(C)(C)CC(C)(C)C(C)C,OXBRGSNRIFAEEZ-UHFFFAOYSA-N,"6-ethyl-2,3,3,5,5-pentamethyloctane",,Literature,,Springer Nature,Journal Publishers,,212.41,0.0,170,6.9,15,0,0,6,212.250397,212.250397,0,1,0,0,0,0,0,0,0,2,0,0,1,20170913
129656860,"2,4,6,6,7,7-Hexamethyl-nonane","2,4,6,6,7,7-hexamethyl-nonane",C15H32,"InChI=1S/C15H32/c1-9-14(5,6)15(7,8)11-13(4)10-12(2)3/h12-13H,9-11H2,1-8H3",CCC(C)(C)C(C)(C)CC(C)CC(C)C,SOWQYWYOXHJTEM-UHFFFAOYSA-N,"2,4,6,6,7,7-hexamethylnonane",,Literature,,Springer Nature,Journal Publishers,,212.41,0.0,174,6.9,15,0,0,6,212.250397,212.250397,0,1,0,1,0,1,0,0,0,1,0,0,1,20170913
129659949,"5,5,6,6-Tetramethylundecane","5,5,6,6-tetramethylundecane",C15H32,"InChI=1S/C15H32/c1-7-9-11-13-15(5,6)14(3,4)12-10-8-2/h7-13H2,1-6H3",CCCCCC(C)(C)C(C)(C)CCCC,WQOJJWSCXAWEQY-UHFFFAOYSA-N,"5,5,6,6-tetramethylundecane",,Literature,,Springer Nature,Journal Publishers,,212.41,0.0,153,7.5,15,0,0,8,212.250397,212.250397,0,1,0,0,0,0,0,0,0,1,0,0,1,20170913
129730053,"6,10-Trimethyldodecane","6,10-trimethyldodecane",C15H32,"InChI=1S/C15H32/c1-6-8-9-12-15(4,5)13-10-11-14(3)7-2/h14H,6-13H2,1-5H3",CCCCCC(C)(C)CCCC(C)CC,JLJNDAMXWHUUPX-UHFFFAOYSA-N,"3,7,7-trimethyldodecane",,Literature,,Springer Nature,Journal Publishers,,212.41,0.0,135,7.6,15,0,0,9,212.250397,212.250397,0,1,0,1,0,1,0,0,0,2,0,0,1,20170913
129805293,"3,3-Dimethyl-5,6-diethyl-nonane","3,3-dimethyl-5,6-diethyl-nonane",C15H32,"InChI=1S/C15H32/c1-7-11-13(8-2)14(9-3)12-15(5,6)10-4/h13-14H,7-12H2,1-6H3",CCCC(CC)C(CC)CC(C)(C)CC,ZLQFNQMIAWOULV-UHFFFAOYSA-N,"5,6-diethyl-3,3-dimethylnonane",,Literature,,Springer Nature,Journal Publishers,,212.41,0.0,146,7.3,15,0,0,8,212.250397,212.250397,0,1,0,2,0,2,0,0,0,1,0,0,1,20170913
135036616,"4,6,6,8-Tetramethylundecane",,C15H32,"InChI=1S/C15H32/c1-7-9-13(3)11-15(5,6)12-14(4)10-8-2/h13-14H,7-12H2,1-6H3",CCCC(C)CC(C)(C)CC(C)CCC,LPHPIWUILVSKAK-UHFFFAOYSA-N,"4,6,6,8-tetramethylundecane",,Literature,,Thieme Chemistry,Journal Publishers|Subscription Services,,212.41,0.0,130,7.3,15,0,0,8,212.250397,212.250397,0,1,0,2,0,2,0,0,0,1,0,0,1,20181130
162370720,3-Ethyl-5-(1-methylpropyl)nonan,3-Ethyl-5-(1-methylpropyl)nonan,C15H32,"InChI=1S/C15H32/c1-6-10-11-15(13(5)7-2)12-14(8-3)9-4/h13-15H,6-12H2,1-5H3",CCCCC(CC(CC)CC)C(C)CC,AWHXLZGYAIREOB-UHFFFAOYSA-N,5-butan-2-yl-3-ethylnonane,,Literature,,Springer Nature,Journal Publishers,,212.41,0.0,124,7.5,15,0,0,9,212.250397,212.250397,0,1,0,2,0,2,0,0,0,1,0,0,1,20211231
14631400,"(6R,10S)-2,6,10-trimethyldodecane",YFHFHLSMISYUAQ-LSDHHAIUSA-N,C15H32,"InChI=1S/C15H32/c1-6-14(4)10-8-12-15(5)11-7-9-13(2)3/h13-15H,6-12H2,1-5H3/t14-,15+/m0/s1",CC[C@H](C)CCC[C@H](C)CCCC(C)C,YFHFHLSMISYUAQ-LSDHHAIUSA-N,"(6R,10S)-2,6,10-trimethyldodecane",,Classification,,"Cheminformatics Friedrich-Schiller-University Jena|Google Patents|MolGenie|ZeroPM - Zero Pollution of Persistent, Mobile Substances|ZINC",Chemical Vendors|Legacy Depositors|Research and Development,,212.41,0.0,126,7.5,15,0,0,9,212.250397,212.250397,0,1,0,2,2,0,0,0,0,0,0,0,1,20070209
25021971,(4S)-4-methyltetradecane,ITVMHPMCNRGCIY-HNNXBMFYSA-N,C15H32,"InChI=1S/C15H32/c1-4-6-7-8-9-10-11-12-14-15(3)13-5-2/h15H,4-14H2,1-3H3/t15-/m0/s1",CCCCCCCCCC[C@@H](C)CCC,ITVMHPMCNRGCIY-HNNXBMFYSA-N,(4S)-4-methyltetradecane,,Classification,,"MolGenie|ZeroPM - Zero Pollution of Persistent, Mobile Substances|ZINC",Chemical Vendors|Legacy Depositors|Research and Development,,212.41,0.0,107,8.1,15,0,0,11,212.250397,212.250397,0,1,0,1,1,0,0,0,0,0,0,0,1,20081108
59479602,"2,4,8,10-Tetramethylundecane",COXKSRUPWLQHHB-UHFFFAOYSA-N,C15H32,"InChI=1S/C15H32/c1-12(2)10-14(5)8-7-9-15(6)11-13(3)4/h12-15H,7-11H2,1-6H3",CC(C)CC(C)CCCC(C)CC(C)C,COXKSRUPWLQHHB-UHFFFAOYSA-N,"2,4,8,10-tetramethylundecane",,Classification,,"Google Patents|MolGenie|SCRIPDB|ZeroPM - Zero Pollution of Persistent, Mobile Substances",Legacy Depositors|Research and Development,,212.41,0.0,119,7.2,15,0,0,8,212.250397,212.250397,0,1,0,2,0,2,0,0,0,0,0,0,1,20120820
86160252,3-Methyl-5-propylundecane,MZDMCWKJLRKVQF-UHFFFAOYSA-N,C15H32,"InChI=1S/C15H32/c1-5-8-9-10-12-15(11-6-2)13-14(4)7-3/h14-15H,5-13H2,1-4H3",CCCCCCC(CCC)CC(C)CC,MZDMCWKJLRKVQF-UHFFFAOYSA-N,3-methyl-5-propylundecane,,Classification,,"MolGenie|ZeroPM - Zero Pollution of Persistent, Mobile Substances",Research and Development,,212.41,0.0,117,7.8,15,0,0,10,212.250397,212.250397,0,1,0,2,0,2,0,0,0,0,0,0,1,20141103
92150290,(5S)-5-methyltetradecane,SQKZZFHVQCSUHZ-HNNXBMFYSA-N,C15H32,"InChI=1S/C15H32/c1-4-6-8-9-10-11-12-14-15(3)13-7-5-2/h15H,4-14H2,1-3H3/t15-/m0/s1",CCCCCCCCC[C@@H](C)CCCC,SQKZZFHVQCSUHZ-HNNXBMFYSA-N,(5S)-5-methyltetradecane,,Classification,,"MolGenie|ZeroPM - Zero Pollution of Persistent, Mobile Substances|ZINC",Chemical Vendors|Legacy Depositors|Research and Development,,212.41,0.0,107,8.1,15,0,0,11,212.250397,212.250397,0,1,0,1,1,0,0,0,0,0,0,0,1,20151210
92173561,"(6S,10S)-2,6,10-trimethyldodecane",YFHFHLSMISYUAQ-GJZGRUSLSA-N,C15H32,"InChI=1S/C15H32/c1-6-14(4)10-8-12-15(5)11-7-9-13(2)3/h13-15H,6-12H2,1-5H3/t14-,15-/m0/s1",CC[C@H](C)CCC[C@@H](C)CCCC(C)C,YFHFHLSMISYUAQ-GJZGRUSLSA-N,"(6S,10S)-2,6,10-trimethyldodecane",,Classification,,"Cheminformatics Friedrich-Schiller-University Jena|Google Patents|MolGenie|ZeroPM - Zero Pollution of Persistent, Mobile Substances|ZINC",Chemical Vendors|Legacy Depositors|Research and Development,,212.41,0.0,126,7.5,15,0,0,9,212.250397,212.250397,0,1,0,2,2,0,0,0,0,0,0,0,1,20151210
141883142,(6S)-6-methyltetradecane,ONQXEQPEKDADGM-HNNXBMFYSA-N,C15H32,"InChI=1S/C15H32/c1-4-6-8-9-10-12-14-15(3)13-11-7-5-2/h15H,4-14H2,1-3H3/t15-/m0/s1",CCCCCCCC[C@@H](C)CCCCC,ONQXEQPEKDADGM-HNNXBMFYSA-N,(6S)-6-methyltetradecane,,Classification,,"MolGenie|PATENTSCOPE (WIPO)|ZeroPM - Zero Pollution of Persistent, Mobile Substances",Governmental Organizations|Research and Development,,212.41,0.0,107,8.1,15,0,0,11,212.250397,212.250397,0,1,0,1,1,0,0,0,0,0,0,0,1,20191206
170848420,(7S)-7-methyltetradecane,QUMVEMCGRQYIQG-HNNXBMFYSA-N,C15H32,"InChI=1S/C15H32/c1-4-6-8-10-12-14-15(3)13-11-9-7-5-2/h15H,4-14H2,1-3H3/t15-/m0/s1",CCCCCCC[C@@H](C)CCCCCC,QUMVEMCGRQYIQG-HNNXBMFYSA-N,(7S)-7-methyltetradecane,,Classification,,"MolGenie|ZeroPM - Zero Pollution of Persistent, Mobile Substances",Research and Development,,212.41,0.0,107,8.1,15,0,0,11,212.250397,212.250397,0,1,0,1,1,0,0,0,0,0,0,0,1,20240307
170848614,"(3R,5S,7S)-2,2,3,5,7,8-hexamethylnonane",,C15H32,"InChI=1S/C15H32/c1-11(2)13(4)9-12(3)10-14(5)15(6,7)8/h11-14H,9-10H2,1-8H3/t12-,13-,14+/m0/s1",C[C@@H](C[C@H](C)C(C)C)C[C@@H](C)C(C)(C)C,YNKFKHRZLKFQFL-MELADBBJSA-N,"(3R,5S,7S)-2,2,3,5,7,8-hexamethylnonane",,Classification,,"MolGenie|ZeroPM - Zero Pollution of Persistent, Mobile Substances",Research and Development,,212.41,0.0,161,6.7,15,0,0,6,212.250397,212.250397,0,1,0,3,3,0,0,0,0,0,0,0,1,20240307
17787536,"2,2,4,4,9-Pentamethyldecane",SCHEMBL4021828,C15H32,"InChI=1S/C15H32/c1-13(2)10-8-9-11-15(6,7)12-14(3,4)5/h13H,8-12H2,1-7H3",CC(C)CCCCC(C)(C)CC(C)(C)C,GHWQYRAWCXKYFS-UHFFFAOYSA-N,"2,2,4,4,9-pentamethyldecane",,Patents,,Google Patents|IBM|SureChEMBL,Curation Efforts|Research and Development,,212.41,0.0,157,7.2,15,0,0,7,212.250397,212.250397,0,1,0,0,0,0,0,0,0,0,3,2,1,20071204
17831824,"2,12-Dimethyltridecane",SCHEMBL286602|SCHEMBL25654242|SCHEMBL28419560|SCHEMBL28750971,C15H32,"InChI=1S/C15H32/c1-14(2)12-10-8-6-5-7-9-11-13-15(3)4/h14-15H,5-13H2,1-4H3",CC(C)CCCCCCCCCC(C)C,SICFYMHAHMPCFZ-UHFFFAOYSA-N,"2,12-dimethyltridecane",,Patents,,Google Patents|IBM|PATENTSCOPE (WIPO)|SCRIPDB|SureChEMBL,Curation Efforts|Governmental Organizations|Legacy Depositors|Research and Development,,212.41,0.0,99,7.8,15,0,0,10,212.250397,212.250397,0,1,0,0,0,0,0,0,0,0,62,27,1,20071204
17831843,"2,11-Dimethyltridecane",,C15H32,"InChI=1S/C15H32/c1-5-15(4)13-11-9-7-6-8-10-12-14(2)3/h14-15H,5-13H2,1-4H3",CCC(C)CCCCCCCCC(C)C,VYIOZYWUIIDAQU-UHFFFAOYSA-N,"2,11-dimethyltridecane",,Patents,,Google Patents|IBM|PATENTSCOPE (WIPO),Governmental Organizations|Research and Development,,212.41,0.0,115,7.8,15,0,0,10,212.250397,212.250397,0,1,0,1,0,1,0,0,0,0,6,5,1,20071204
18336641,"3,4,5,6,7-Pentamethyldecane",,C15H32,"InChI=1S/C15H32/c1-8-10-12(4)14(6)15(7)13(5)11(3)9-2/h11-15H,8-10H2,1-7H3",CCCC(C)C(C)C(C)C(C)C(C)CC,HJXOBUBKFKCKKS-UHFFFAOYSA-N,"3,4,5,6,7-pentamethyldecane",,Patents,,ChemSpider|Google Patents|IBM|PATENTSCOPE (WIPO)|SCRIPDB,Governmental Organizations|Legacy Depositors|Research and Development,,212.41,0.0,150,6.9,15,0,0,7,212.250397,212.250397,0,1,0,5,0,5,0,0,0,0,5,5,1,20071204
18346535,"2,6-Dimethyl-3,5-di(propan-2-yl)heptane",,C15H32,"InChI=1S/C15H32/c1-10(2)14(11(3)4)9-15(12(5)6)13(7)8/h10-15H,9H2,1-8H3",CC(C)C(CC(C(C)C)C(C)C)C(C)C,BWVLZAMCMGNTFS-UHFFFAOYSA-N,"2,6-dimethyl-3,5-di(propan-2-yl)heptane",,Patents,,Google Patents|IBM|Japan Chemical Substance Dictionary (Nikkaji)|PATENTSCOPE (WIPO)|SCRIPDB|SureChEMBL,Curation Efforts|Governmental Organizations|Legacy Depositors|Research and Development,,212.41,0.0,119,6.6,15,0,0,6,212.250397,212.250397,0,1,0,0,0,0,0,0,0,0,17,7,1,20071204
18688933,5-Ethyl-8-methyldodecane,SCHEMBL8084724,C15H32,"InChI=1S/C15H32/c1-5-8-10-14(4)12-13-15(7-3)11-9-6-2/h14-15H,5-13H2,1-4H3",CCCCC(C)CCC(CC)CCCC,DJNOOAPPSWLHQG-UHFFFAOYSA-N,5-ethyl-8-methyldodecane,,Patents,,ChemSpider|Google Patents|IBM|SureChEMBL,Curation Efforts|Legacy Depositors|Research and Development,,212.41,0.0,117,7.8,15,0,0,10,212.250397,212.250397,0,1,0,2,0,2,0,0,0,0,10,7,1,20071204
18689993,2-Methyl-6-propan-2-ylundecane,SCHEMBL8010772,C15H32,"InChI=1S/C15H32/c1-6-7-8-11-15(14(4)5)12-9-10-13(2)3/h13-15H,6-12H2,1-5H3",CCCCCC(CCCC(C)C)C(C)C,RMZYVAAMKNGHPT-UHFFFAOYSA-N,2-methyl-6-propan-2-ylundecane,,Patents,,IBM|SureChEMBL,Curation Efforts|Research and Development,,212.41,0.0,124,7.5,15,0,0,9,212.250397,212.250397,0,1,0,1,0,1,0,0,0,0,2,2,1,20071204
19077635,"2,2-Dimethyl-3-propan-2-yldecane",,C15H32,"InChI=1S/C15H32/c1-7-8-9-10-11-12-14(13(2)3)15(4,5)6/h13-14H,7-12H2,1-6H3",CCCCCCCC(C(C)C)C(C)(C)C,MBMMLKUGIPMCIW-UHFFFAOYSA-N,"2,2-dimethyl-3-propan-2-yldecane",,Patents,,Google Patents,Research and Development,,212.41,0.0,139,7.3,15,0,0,8,212.250397,212.250397,0,1,0,1,0,1,0,0,0,0,2,2,1,20071204
19695743,"2,5,5,8,8-Pentamethyldecane",,C15H32,"InChI=1S/C15H32/c1-8-14(4,5)11-12-15(6,7)10-9-13(2)3/h13H,8-12H2,1-7H3",CCC(C)(C)CCC(C)(C)CCC(C)C,ULQSHNBKSPIGAY-UHFFFAOYSA-N,"2,5,5,8,8-pentamethyldecane",,Patents,,Google Patents,Research and Development,,212.41,0.0,163,7.2,15,0,0,7,212.250397,212.250397,0,1,0,0,0,0,0,0,0,0,1,1,1,20071205
19833052,"7-Ethyl-3,8-dimethylundecane",,C15H32,"InChI=1S/C15H32/c1-6-10-14(5)15(8-3)12-9-11-13(4)7-2/h13-15H,6-12H2,1-5H3",CCCC(C)C(CC)CCCC(C)CC,XFWMDCZWCSSWRD-UHFFFAOYSA-N,"7-ethyl-3,8-dimethylundecane",,Patents,,IBM,Research and Development,,212.41,0.0,128,7.5,15,0,0,9,212.250397,212.250397,0,1,0,3,0,3,0,0,0,0,1,1,1,20071205
19844331,"2,2,4,5,5-Pentamethyldecane",SCHEMBL9543828,C15H32,"InChI=1S/C15H32/c1-8-9-10-11-15(6,7)13(2)12-14(3,4)5/h13H,8-12H2,1-7H3",CCCCCC(C)(C)C(C)CC(C)(C)C,MWGQOYQVXMSKCD-UHFFFAOYSA-N,"2,2,4,5,5-pentamethyldecane",,Patents,,IBM|SureChEMBL,Curation Efforts|Research and Development,,212.41,0.0,159,7.2,15,0,0,7,212.250397,212.250397,0,1,0,1,0,1,0,0,0,0,3,2,1,20071205
19931266,5-Ethyl-5-propyldecane,SCHEMBL626852|SCHEMBL8895789,C15H32,"InChI=1S/C15H32/c1-5-9-11-14-15(8-4,12-7-3)13-10-6-2/h5-14H2,1-4H3",CCCCCC(CC)(CCC)CCCC,ATQFURAGGMKVQX-UHFFFAOYSA-N,5-ethyl-5-propyldecane,,Patents,,ChemSpider|IBM|PATENTSCOPE (WIPO)|SureChEMBL,Curation Efforts|Governmental Organizations|Legacy Depositors|Research and Development,,212.41,0.0,128,7.9,15,0,0,10,212.250397,212.250397,0,1,0,1,0,1,0,0,0,0,273,76,1,20071205
20532190,"5,6-Dimethyltridecane",SCHEMBL11231565,C15H32,"InChI=1S/C15H32/c1-5-7-9-10-11-13-15(4)14(3)12-8-6-2/h14-15H,5-13H2,1-4H3",CCCCCCCC(C)C(C)CCCC,LVHNWFPEZWSDHS-UHFFFAOYSA-N,"5,6-dimethyltridecane",,Patents,,IBM|PATENTSCOPE (WIPO)|SureChEMBL,Curation Efforts|Governmental Organizations|Research and Development,,212.41,0.0,117,7.8,15,0,0,10,212.250397,212.250397,0,1,0,2,0,2,0,0,0,0,4,4,1,20071205
20661116,"3,3,9,9-Tetramethylundecane",SCHEMBL4442303,C15H32,"InChI=1S/C15H32/c1-7-14(3,4)12-10-9-11-13-15(5,6)8-2/h7-13H2,1-6H3",CCC(C)(C)CCCCCC(C)(C)CC,DHEFLJDNQNAMRF-UHFFFAOYSA-N,"3,3,9,9-tetramethylundecane",,Patents,,ChemSpider|Google Patents|IBM|SCRIPDB|SureChEMBL,Curation Efforts|Legacy Depositors|Research and Development,,212.41,0.0,135,7.5,15,0,0,8,212.250397,212.250397,0,1,0,0,0,0,0,0,0,0,3,3,1,20071205
20665303,"3,3,6-Trimethyl-4-(2-methylpropyl)octane",,C15H32,"InChI=1S/C15H32/c1-8-13(5)11-14(10-12(3)4)15(6,7)9-2/h12-14H,8-11H2,1-7H3",CCC(C)CC(CC(C)C)C(C)(C)CC,NDCTYZIVCWTPFM-UHFFFAOYSA-N,"3,3,6-trimethyl-4-(2-methylpropyl)octane",,Patents,,ChemSpider|IBM|SCRIPDB,Legacy Depositors|Research and Development,,212.41,0.0,155,7.0,15,0,0,7,212.250397,212.250397,0,1,0,2,0,2,0,0,0,0,1,1,1,20071205
20669624,"2,3,3,4,4,5,5,6-Octamethylheptane",,C15H32,"InChI=1S/C15H32/c1-11(2)13(5,6)15(9,10)14(7,8)12(3)4/h11-12H,1-10H3",CC(C)C(C)(C)C(C)(C)C(C)(C)C(C)C,ZFRKPOXSWWCQJW-UHFFFAOYSA-N,"2,3,3,4,4,5,5,6-octamethylheptane",,Patents,,ChemSpider|Google Patents|IBM|PATENTSCOPE (WIPO)|SCRIPDB,Governmental Organizations|Legacy Depositors|Research and Development,,212.41,0.0,182,6.5,15,0,0,4,212.250397,212.250397,0,1,0,0,0,0,0,0,0,0,12,12,1,20071205
20729318,"2,2,3,4,4,5,6,6-Octamethylheptane",,C15H32,"InChI=1S/C15H32/c1-11(13(3,4)5)15(9,10)12(2)14(6,7)8/h11-12H,1-10H3",CC(C(C)(C)C)C(C)(C)C(C)C(C)(C)C,CGABZPLBQYUDLJ-UHFFFAOYSA-N,"2,2,3,4,4,5,6,6-octamethylheptane",,Patents,,ChemSpider|Google Patents|IBM|SCRIPDB,Legacy Depositors|Research and Development,,212.41,0.0,175,6.5,15,0,0,4,212.250397,212.250397,0,1,0,2,0,2,0,0,0,0,2,1,1,20071205
20745611,"3,3,5,5-Tetraethylheptane",SCHEMBL28147326,C15H32,"InChI=1S/C15H32/c1-7-14(8-2,9-3)13-15(10-4,11-5)12-6/h7-13H2,1-6H3",CCC(CC)(CC)CC(CC)(CC)CC,SKGHKADMKOMAJI-UHFFFAOYSA-N,"3,3,5,5-tetraethylheptane",,Patents,,ChemSpider|Google Patents|IBM|PATENTSCOPE (WIPO)|SCRIPDB|SureChEMBL,Curation Efforts|Governmental Organizations|Legacy Depositors|Research and Development,,212.41,0.0,115,7.5,15,0,0,8,212.250397,212.250397,0,1,0,0,0,0,0,0,0,0,20,15,1,20071205
20777508,"5,7-Diethylundecane",SCHEMBL4281878|SCHEMBL4281881|SCHEMBL28203416|SCHEMBL28862622,C15H32,"InChI=1S/C15H32/c1-5-9-11-14(7-3)13-15(8-4)12-10-6-2/h14-15H,5-13H2,1-4H3",CCCCC(CC)CC(CC)CCCC,CLMZDRORJMFORV-UHFFFAOYSA-N,"5,7-diethylundecane",,Patents,,ChemSpider|Google Patents|IBM|PATENTSCOPE (WIPO)|SureChEMBL,Curation Efforts|Governmental Organizations|Legacy Depositors|Research and Development,,212.41,0.0,103,7.8,15,0,0,10,212.250397,212.250397,0,1,0,2,0,2,0,0,0,0,22,10,1,20071205
20812361,"2,4,9-Trimethyldodecane",,C15H32,"InChI=1S/C15H32/c1-6-9-14(4)10-7-8-11-15(5)12-13(2)3/h13-15H,6-12H2,1-5H3",CCCC(C)CCCCC(C)CC(C)C,COFKBAQYUQJJME-UHFFFAOYSA-N,"2,4,9-trimethyldodecane",,Patents,,ChemSpider|Google Patents|IBM|SCRIPDB,Legacy Depositors|Research and Development,,212.41,0.0,126,7.5,15,0,0,9,212.250397,212.250397,0,1,0,2,0,2,0,0,0,0,4,3,1,20071205
21018158,3-Ethyl-7-propyldecane,,C15H32,"InChI=1S/C15H32/c1-5-10-15(11-6-2)13-9-12-14(7-3)8-4/h14-15H,5-13H2,1-4H3",CCCC(CCC)CCCC(CC)CC,GSCINQKPGWDGAO-UHFFFAOYSA-N,3-ethyl-7-propyldecane,,Patents,,ChemSpider|Google Patents|IBM|SCRIPDB,Legacy Depositors|Research and Development,,212.41,0.0,107,7.8,15,0,0,10,212.250397,212.250397,0,1,0,0,0,0,0,0,0,0,1,1,1,20071205
21201027,"3,4,5-Trimethyldodecane",SCHEMBL5090866,C15H32,"InChI=1S/C15H32/c1-6-8-9-10-11-12-14(4)15(5)13(3)7-2/h13-15H,6-12H2,1-5H3",CCCCCCCC(C)C(C)C(C)CC,RPQBTIJERCKJDZ-UHFFFAOYSA-N,"3,4,5-trimethyldodecane",,Patents,,Google Patents|IBM|SureChEMBL,Curation Efforts|Research and Development,,212.41,0.0,128,7.5,15,0,0,9,212.250397,212.250397,0,1,0,3,0,3,0,0,0,0,7,6,1,20071205
21201028,"5-(2,2-Dimethylpropyl)decane",,C15H32,"InChI=1S/C15H32/c1-6-8-10-12-14(11-9-7-2)13-15(3,4)5/h14H,6-13H2,1-5H3",CCCCCC(CCCC)CC(C)(C)C,MKKWGEPXCQGAIL-UHFFFAOYSA-N,"5-(2,2-dimethylpropyl)decane",,Patents,,IBM|PATENTSCOPE (WIPO),Governmental Organizations|Research and Development,,212.41,0.0,129,7.6,15,0,0,9,212.250397,212.250397,0,1,0,1,0,1,0,0,0,0,4,3,1,20071205
21201034,5-Butyl-3-methyldecane,,C15H32,"InChI=1S/C15H32/c1-5-8-10-12-15(11-9-6-2)13-14(4)7-3/h14-15H,5-13H2,1-4H3",CCCCCC(CCCC)CC(C)CC,DTFNCSVCJKIKLS-UHFFFAOYSA-N,5-butyl-3-methyldecane,,Patents,,IBM,Research and Development,,212.41,0.0,117,7.8,15,0,0,10,212.250397,212.250397,0,1,0,2,0,2,0,0,0,0,3,2,1,20071205
21201035,5-Butyl-4-methyldecane,,C15H32,"InChI=1S/C15H32/c1-5-8-10-13-15(12-9-6-2)14(4)11-7-3/h14-15H,5-13H2,1-4H3",CCCCCC(CCCC)C(C)CCC,VNRQSCQTNXBHLZ-UHFFFAOYSA-N,5-butyl-4-methyldecane,,Patents,,IBM,Research and Development,,212.41,0.0,117,7.8,15,0,0,10,212.250397,212.250397,0,1,0,2,0,2,0,0,0,0,4,3,1,20071205
21201049,2-Methyl-4-propan-2-ylundecane,,C15H32,"InChI=1S/C15H32/c1-6-7-8-9-10-11-15(14(4)5)12-13(2)3/h13-15H,6-12H2,1-5H3",CCCCCCCC(CC(C)C)C(C)C,RHYRHWWLUILZDO-UHFFFAOYSA-N,2-methyl-4-propan-2-ylundecane,,Patents,,IBM,Research and Development,,212.41,0.0,124,7.5,15,0,0,9,212.250397,212.250397,0,1,0,1,0,1,0,0,0,0,1,1,1,20071205
21201058,5-Butyl-2-methyldecane,,C15H32,"InChI=1S/C15H32/c1-5-7-9-11-15(10-8-6-2)13-12-14(3)4/h14-15H,5-13H2,1-4H3",CCCCCC(CCCC)CCC(C)C,KCQROTSCPYOOFE-UHFFFAOYSA-N,5-butyl-2-methyldecane,,Patents,,IBM,Research and Development,,212.41,0.0,115,7.8,15,0,0,10,212.250397,212.250397,0,1,0,1,0,1,0,0,0,0,2,2,1,20071205
21512609,"5-Methyl-4,4-dipropyloctane",,C15H32,"InChI=1S/C15H32/c1-6-10-14(5)15(11-7-2,12-8-3)13-9-4/h14H,6-13H2,1-5H3",CCCC(C)C(CCC)(CCC)CCC,AXIXYZJGCNRXAQ-UHFFFAOYSA-N,"5-methyl-4,4-dipropyloctane",,Patents,,Google Patents,Research and Development,,212.41,0.0,120,7.6,15,0,0,9,212.250397,212.250397,0,1,0,1,0,1,0,0,0,0,2,2,1,20071205
21558273,"4,6-Dimethyl-6-propyldecane",SCHEMBL11817458,C15H32,"InChI=1S/C15H32/c1-6-9-12-15(5,11-8-3)13-14(4)10-7-2/h14H,6-13H2,1-5H3",CCCCC(C)(CCC)CC(C)CCC,OBIAJGKINZKEKW-UHFFFAOYSA-N,"4,6-dimethyl-6-propyldecane",,Patents,,ChemSpider|Google Patents|SureChEMBL,Curation Efforts|Legacy Depositors|Research and Development,,212.41,0.0,139,7.6,15,0,0,9,212.250397,212.250397,0,1,0,2,0,2,0,0,0,0,5,2,1,20071205
21622738,"6,7-Dimethyltridecane",SCHEMBL7278088,C15H32,"InChI=1S/C15H32/c1-5-7-9-11-13-15(4)14(3)12-10-8-6-2/h14-15H,5-13H2,1-4H3",CCCCCCC(C)C(C)CCCCC,STJWMWTVBADBEX-UHFFFAOYSA-N,"6,7-dimethyltridecane",,Patents,,IBM|SureChEMBL,Curation Efforts|Research and Development,,212.41,0.0,117,7.8,15,0,0,10,212.250397,212.250397,0,1,0,2,0,2,0,0,0,0,8,8,1,20071205
21622748,"4-Butan-2-yl-2,5-dimethylnonane",SCHEMBL7269875,C15H32,"InChI=1S/C15H32/c1-7-9-10-14(6)15(11-12(3)4)13(5)8-2/h12-15H,7-11H2,1-6H3",CCCCC(C)C(CC(C)C)C(C)CC,WGWNEWQRRFGTOR-UHFFFAOYSA-N,"4-butan-2-yl-2,5-dimethylnonane",,Patents,,IBM|SureChEMBL,Curation Efforts|Research and Development,,212.41,0.0,137,7.2,15,0,0,8,212.250397,212.250397,0,1,0,3,0,3,0,0,0,0,2,2,1,20071205
21847206,"5-Butyl-2,4-dimethylnonane",SCHEMBL6658930,C15H32,"InChI=1S/C15H32/c1-6-8-10-15(11-9-7-2)14(5)12-13(3)4/h13-15H,6-12H2,1-5H3",CCCCC(CCCC)C(C)CC(C)C,HIIUYIOXOFKZML-UHFFFAOYSA-N,"5-butyl-2,4-dimethylnonane",,Patents,,Google Patents|IBM|PATENTSCOPE (WIPO)|SureChEMBL,Curation Efforts|Governmental Organizations|Research and Development,,212.41,0.0,118,7.5,15,0,0,9,212.250397,212.250397,0,1,0,1,0,1,0,0,0,0,8,4,1,20071205
22051815,"3-Ethyl-6,9-dimethylundecane",SCHEMBL1094086,C15H32,"InChI=1S/C15H32/c1-6-13(4)9-10-14(5)11-12-15(7-2)8-3/h13-15H,6-12H2,1-5H3",CCC(C)CCC(C)CCC(CC)CC,FLDCWPATUFRCFO-UHFFFAOYSA-N,"3-ethyl-6,9-dimethylundecane",,Patents,,ChemSpider|Google Patents|IBM|PATENTSCOPE (WIPO)|SureChEMBL,Curation Efforts|Governmental Organizations|Legacy Depositors|Research and Development,,212.41,0.0,124,7.5,15,0,0,9,212.250397,212.250397,0,1,0,2,0,2,0,0,0,0,98,19,1,20071205
22051817,"3,6-Diethylundecane",SCHEMBL1094064,C15H32,"InChI=1S/C15H32/c1-5-9-10-11-15(8-4)13-12-14(6-2)7-3/h14-15H,5-13H2,1-4H3",CCCCCC(CC)CCC(CC)CC,VJEQJMOIMQQOER-UHFFFAOYSA-N,"3,6-diethylundecane",,Patents,,ChemSpider|Google Patents|IBM|PATENTSCOPE (WIPO)|SCRIPDB|SureChEMBL,Curation Efforts|Governmental Organizations|Legacy Depositors|Research and Development,,212.41,0.0,113,7.8,15,0,0,10,212.250397,212.250397,0,1,0,1,0,1,0,0,0,0,95,20,1,20071205
22114303,"3,4,4,5-Tetraethylheptane",SCHEMBL7565447|SCHEMBL7565451,C15H32,"InChI=1S/C15H32/c1-7-13(8-2)15(11-5,12-6)14(9-3)10-4/h13-14H,7-12H2,1-6H3",CCC(CC)C(CC)(CC)C(CC)CC,JFXFWFHUKIQNQB-UHFFFAOYSA-N,"3,4,4,5-tetraethylheptane",,Patents,,ChemSpider|IBM|SureChEMBL,Curation Efforts|Legacy Depositors|Research and Development,,212.41,0.0,122,7.3,15,0,0,8,212.250397,212.250397,0,1,0,0,0,0,0,0,0,0,8,4,1,20071205
22481197,"4-Ethyl-2,4-dimethylundecane",SCHEMBL6314066,C15H32,"InChI=1S/C15H32/c1-6-8-9-10-11-12-15(5,7-2)13-14(3)4/h14H,6-13H2,1-5H3",CCCCCCCC(C)(CC)CC(C)C,NUCYCPGAFJHHTQ-UHFFFAOYSA-N,"4-ethyl-2,4-dimethylundecane",,Patents,,IBM|SureChEMBL,Curation Efforts|Research and Development,,212.41,0.0,137,7.6,15,0,0,9,212.250397,212.250397,0,1,0,1,0,1,0,0,0,0,2,1,1,20071205
22620664,"4,4-Dipropylnonane",SCHEMBL1225638,C15H32,"InChI=1S/C15H32/c1-5-9-10-14-15(11-6-2,12-7-3)13-8-4/h5-14H2,1-4H3",CCCCCC(CCC)(CCC)CCC,OERDQHHKQBQOOF-UHFFFAOYSA-N,"4,4-dipropylnonane",,Patents,,ChemSpider|Google Patents|IBM|PATENTSCOPE (WIPO)|SureChEMBL,Curation Efforts|Governmental Organizations|Legacy Depositors|Research and Development,,212.41,0.0,109,7.9,15,0,0,10,212.250397,212.250397,0,1,0,0,0,0,0,0,0,0,8,6,1,20071205
22726420,Ethene;tridecane,SCHEMBL2861346,C15H32,"InChI=1S/C13H28.C2H4/c1-3-5-7-9-11-13-12-10-8-6-4-2;1-2/h3-13H2,1-2H3;1-2H2",CCCCCCCCCCCCC.C=C,ISTQDKCMDXFKPA-UHFFFAOYSA-N,ethene;tridecane,,Patents,,Google Patents|SureChEMBL,Curation Efforts|Research and Development,,212.41,0.0,66,,15,0,0,10,212.250397,212.250397,0,2,0,0,0,0,0,0,0,0,45,16,1,20071205
22947990,"3,6,7,8-Tetramethylundecane",,C15H32,"InChI=1S/C15H32/c1-7-9-13(4)15(6)14(5)11-10-12(3)8-2/h12-15H,7-11H2,1-6H3",CCCC(C)C(C)C(C)CCC(C)CC,YNWSKGGOKRWFMW-UHFFFAOYSA-N,"3,6,7,8-tetramethylundecane",,Patents,,ChemSpider|IBM|SCRIPDB,Legacy Depositors|Research and Development,,212.41,0.0,139,7.2,15,0,0,8,212.250397,212.250397,0,1,0,4,0,4,0,0,0,0,3,3,1,20071205
22949619,"3,5,10-Trimethyldodecane",,C15H32,"InChI=1S/C15H32/c1-6-13(3)10-8-9-11-15(5)12-14(4)7-2/h13-15H,6-12H2,1-5H3",CCC(C)CCCCC(C)CC(C)CC,NBWBXLBSNWKUHS-UHFFFAOYSA-N,"3,5,10-trimethyldodecane",,Patents,,ChemSpider|Google Patents|IBM|PATENTSCOPE (WIPO)|SCRIPDB,Governmental Organizations|Legacy Depositors|Research and Development,,212.41,0.0,128,7.5,15,0,0,9,212.250397,212.250397,0,1,0,3,0,3,0,0,0,0,7,6,1,20071205
23127942,"2,5,11-Trimethyldodecane",SCHEMBL10483627,C15H32,"InChI=1S/C15H32/c1-13(2)9-7-6-8-10-15(5)12-11-14(3)4/h13-15H,6-12H2,1-5H3",CC(C)CCCCCC(C)CCC(C)C,JFOINVLHIAORIS-UHFFFAOYSA-N,"2,5,11-trimethyldodecane",,Patents,,IBM|SureChEMBL,Curation Efforts|Research and Development,,212.41,0.0,124,7.5,15,0,0,9,212.250397,212.250397,0,1,0,1,0,1,0,0,0,0,2,2,1,20071205
23402885,"2,6,6-Trimethyl-5-(2-methylpropyl)octane",,C15H32,"InChI=1S/C15H32/c1-8-15(6,7)14(11-13(4)5)10-9-12(2)3/h12-14H,8-11H2,1-7H3",CCC(C)(C)C(CCC(C)C)CC(C)C,BGYWBSRLJSFPGQ-UHFFFAOYSA-N,"2,6,6-trimethyl-5-(2-methylpropyl)octane",,Patents,,ChemSpider|Google Patents|IBM|PATENTSCOPE (WIPO)|SCRIPDB,Governmental Organizations|Legacy Depositors|Research and Development,,212.41,0.0,153,7.0,15,0,0,7,212.250397,212.250397,0,1,0,1,0,1,0,0,0,0,2,1,1,20071206
23402886,2-Methyl-5-propan-2-ylundecane,SCHEMBL10992388,C15H32,"InChI=1S/C15H32/c1-6-7-8-9-10-15(14(4)5)12-11-13(2)3/h13-15H,6-12H2,1-5H3",CCCCCCC(CCC(C)C)C(C)C,DGEDUVMXFLHINP-UHFFFAOYSA-N,2-methyl-5-propan-2-ylundecane,,Patents,,ChemSpider|Google Patents|IBM|PATENTSCOPE (WIPO)|SCRIPDB|SureChEMBL,Curation Efforts|Governmental Organizations|Legacy Depositors|Research and Development,,212.41,0.0,124,7.5,15,0,0,9,212.250397,212.250397,0,1,0,1,0,1,0,0,0,0,5,3,1,20071206
23431938,"3-Ethyl-2,2,6,7,7-pentamethyloctane",SCHEMBL18823898,C15H32,"InChI=1S/C15H32/c1-9-13(15(6,7)8)11-10-12(2)14(3,4)5/h12-13H,9-11H2,1-8H3",CCC(CCC(C)C(C)(C)C)C(C)(C)C,FMFZCORQONRVQA-UHFFFAOYSA-N,"3-ethyl-2,2,6,7,7-pentamethyloctane",,Patents,,SureChEMBL,Curation Efforts|Research and Development,,212.41,0.0,165,6.9,15,0,0,6,212.250397,212.250397,0,1,0,2,0,2,0,0,0,0,5,5,1,20071206
23513336,"2,4,5-Trimethyl-5-propan-2-ylnonane",SCHEMBL6837538,C15H32,"InChI=1S/C15H32/c1-8-9-10-15(7,13(4)5)14(6)11-12(2)3/h12-14H,8-11H2,1-7H3",CCCCC(C)(C(C)C)C(C)CC(C)C,FLJPYPOHMAEHOJ-UHFFFAOYSA-N,"2,4,5-trimethyl-5-propan-2-ylnonane",,Patents,,SureChEMBL,Curation Efforts|Research and Development,,212.41,0.0,157,7.0,15,0,0,7,212.250397,212.250397,0,1,0,2,0,2,0,0,0,0,1,1,1,20071206
53644287,6-Propan-2-yldodecane,SCHEMBL28202256,C15H32,"InChI=1S/C15H32/c1-5-7-9-11-13-15(14(3)4)12-10-8-6-2/h14-15H,5-13H2,1-4H3",CCCCCCC(CCCCC)C(C)C,OBWFKLBPWXPOJK-UHFFFAOYSA-N,6-propan-2-yldodecane,,Patents,,IBM|SureChEMBL,Curation Efforts|Research and Development,,212.41,0.0,115,7.8,15,0,0,10,212.250397,212.250397,0,1,0,1,0,1,0,0,0,0,7,7,1,20111203
53675448,"3,9-Dimethyltridecane",SCHEMBL9029419,C15H32,"InChI=1S/C15H32/c1-5-7-11-15(4)13-10-8-9-12-14(3)6-2/h14-15H,5-13H2,1-4H3",CCCCC(C)CCCCCC(C)CC,WJHCJUHKGIYNAK-UHFFFAOYSA-N,"3,9-dimethyltridecane",,Patents,,Google Patents|IBM|SCRIPDB|SureChEMBL,Curation Efforts|Legacy Depositors|Research and Development,,212.41,0.0,117,7.8,15,0,0,10,212.250397,212.250397,0,1,0,2,0,2,0,0,0,0,8,7,1,20111203
53703561,"2,3,3-Trimethyldodecane",SCHEMBL10759608,C15H32,"InChI=1S/C15H32/c1-6-7-8-9-10-11-12-13-15(4,5)14(2)3/h14H,6-13H2,1-5H3",CCCCCCCCCC(C)(C)C(C)C,PTBXWFQUQZFIFD-UHFFFAOYSA-N,"2,3,3-trimethyldodecane",,Patents,,Google Patents|IBM|SureChEMBL,Curation Efforts|Research and Development,,212.41,0.0,133,7.6,15,0,0,9,212.250397,212.250397,0,1,0,0,0,0,0,0,0,0,32,22,1,20111204
53748951,4-Ethyl-2-methyldodecane,SCHEMBL7566789,C15H32,"InChI=1S/C15H32/c1-5-7-8-9-10-11-12-15(6-2)13-14(3)4/h14-15H,5-13H2,1-4H3",CCCCCCCCC(CC)CC(C)C,LYLOLCAXKXGQKD-UHFFFAOYSA-N,4-ethyl-2-methyldodecane,,Patents,,IBM|PATENTSCOPE (WIPO)|SureChEMBL,Curation Efforts|Governmental Organizations|Research and Development,,212.41,0.0,115,7.8,15,0,0,10,212.250397,212.250397,0,1,0,1,0,1,0,0,0,0,8,3,1,20111204
53784123,"5,6-Diethyl-2,3,4-trimethyloctane",SCHEMBL11549488,C15H32,"InChI=1S/C15H32/c1-8-14(9-2)15(10-3)13(7)12(6)11(4)5/h11-15H,8-10H2,1-7H3",CCC(CC)C(CC)C(C)C(C)C(C)C,OICHKLGWNRFEHG-UHFFFAOYSA-N,"5,6-diethyl-2,3,4-trimethyloctane",,Patents,,IBM|SureChEMBL,Curation Efforts|Research and Development,,212.41,0.0,144,6.9,15,0,0,7,212.250397,212.250397,0,1,0,3,0,3,0,0,0,0,4,3,1,20111204
53822659,"3,5-Dimethyltridecane",SCHEMBL2418501|SCHEMBL4279290|SCHEMBL4279295,C15H32,"InChI=1S/C15H32/c1-5-7-8-9-10-11-12-15(4)13-14(3)6-2/h14-15H,5-13H2,1-4H3",CCCCCCCCC(C)CC(C)CC,YXDVIZLXAOBCBA-UHFFFAOYSA-N,"3,5-dimethyltridecane",,Patents,,Google Patents|IBM|SCRIPDB|SureChEMBL,Curation Efforts|Legacy Depositors|Research and Development,,212.41,0.0,117,7.8,15,0,0,10,212.250397,212.250397,0,1,0,2,0,2,0,0,0,0,90,34,1,20111204
53864575,"5-Butan-2-yl-2,7-dimethylnonane",SCHEMBL11246510,C15H32,"InChI=1S/C15H32/c1-7-13(5)11-15(14(6)8-2)10-9-12(3)4/h12-15H,7-11H2,1-6H3",CCC(C)CC(CCC(C)C)C(C)CC,YQHUCXXFXHNAKH-UHFFFAOYSA-N,"5-butan-2-yl-2,7-dimethylnonane",,Patents,,IBM|SureChEMBL,Curation Efforts|Research and Development,,212.41,0.0,137,7.2,15,0,0,8,212.250397,212.250397,0,1,0,3,0,3,0,0,0,0,10,3,1,20111204
53874575,"2,2,4,5-Tetramethylundecane",SCHEMBL10908675,C15H32,"InChI=1S/C15H32/c1-7-8-9-10-11-13(2)14(3)12-15(4,5)6/h13-14H,7-12H2,1-6H3",CCCCCCC(C)C(C)CC(C)(C)C,QMFYNMJUOLELIY-UHFFFAOYSA-N,"2,2,4,5-tetramethylundecane",,Patents,,IBM|SureChEMBL,Curation Efforts|Research and Development,,212.41,0.0,141,7.3,15,0,0,8,212.250397,212.250397,0,1,0,2,0,2,0,0,0,0,1,1,1,20111204
53881139,5-Ethyl-3-methyldodecane,SCHEMBL3098126|SCHEMBL4278465|SCHEMBL4278471|SCHEMBL10921111,C15H32,"InChI=1S/C15H32/c1-5-8-9-10-11-12-15(7-3)13-14(4)6-2/h14-15H,5-13H2,1-4H3",CCCCCCCC(CC)CC(C)CC,PSRNEJPWBDVOHP-UHFFFAOYSA-N,5-ethyl-3-methyldodecane,,Patents,,IBM|SureChEMBL,Curation Efforts|Research and Development,,212.41,0.0,117,7.8,15,0,0,10,212.250397,212.250397,0,1,0,2,0,2,0,0,0,0,102,31,1,20111204
53898796,"2,3,4-Trimethyldodecane",SCHEMBL5090184,C15H32,"InChI=1S/C15H32/c1-6-7-8-9-10-11-12-14(4)15(5)13(2)3/h13-15H,6-12H2,1-5H3",CCCCCCCCC(C)C(C)C(C)C,JURFDYVNFGTMMH-UHFFFAOYSA-N,"2,3,4-trimethyldodecane",,Patents,,Google Patents|IBM|PATENTSCOPE (WIPO)|SureChEMBL,Curation Efforts|Governmental Organizations|Research and Development,,212.41,0.0,126,7.5,15,0,0,9,212.250397,212.250397,0,1,0,2,0,2,0,0,0,0,9,7,1,20111204
53943911,"5-Butan-2-yl-2,8-dimethylnonane",SCHEMBL6387485,C15H32,"InChI=1S/C15H32/c1-7-14(6)15(10-8-12(2)3)11-9-13(4)5/h12-15H,7-11H2,1-6H3",CCC(C)C(CCC(C)C)CCC(C)C,FHLJDXZRDCZWIY-UHFFFAOYSA-N,"5-butan-2-yl-2,8-dimethylnonane",,Patents,,SureChEMBL,Curation Efforts|Research and Development,,212.41,0.0,123,7.2,15,0,0,8,212.250397,212.250397,0,1,0,1,0,1,0,0,0,0,2,2,1,20111204
53994323,5-Methyl-6-(2-methylpropyl)decane,,C15H32,"InChI=1S/C15H32/c1-6-8-10-14(5)15(11-9-7-2)12-13(3)4/h13-15H,6-12H2,1-5H3",CCCCC(C)C(CCCC)CC(C)C,FLAAIVYADDZWSH-UHFFFAOYSA-N,5-methyl-6-(2-methylpropyl)decane,,Patents,,IBM,Research and Development,,212.41,0.0,126,7.5,15,0,0,9,212.250397,212.250397,0,1,0,2,0,2,0,0,0,0,3,3,1,20111204
54019165,"2,3,9,10-Tetramethylundecane",,C15H32,"InChI=1S/C15H32/c1-12(2)14(5)10-8-7-9-11-15(6)13(3)4/h12-15H,7-11H2,1-6H3",CC(C)C(C)CCCCCC(C)C(C)C,KXSLGMAUNHSZRN-UHFFFAOYSA-N,"2,3,9,10-tetramethylundecane",,Patents,,Google Patents|IBM,Research and Development,,212.41,0.0,119,7.2,15,0,0,8,212.250397,212.250397,0,1,0,2,0,2,0,0,0,0,1,1,1,20111204
54053679,"2,4,4,10-Tetramethylundecane",SCHEMBL20596725,C15H32,"InChI=1S/C15H32/c1-13(2)10-8-7-9-11-15(5,6)12-14(3)4/h13-14H,7-12H2,1-6H3",CC(C)CCCCCC(C)(C)CC(C)C,LUSDFPAVRUYPRT-UHFFFAOYSA-N,"2,4,4,10-tetramethylundecane",,Patents,,Google Patents|IBM|SCRIPDB|SureChEMBL,Curation Efforts|Legacy Depositors|Research and Development,,212.41,0.0,142,7.3,15,0,0,8,212.250397,212.250397,0,1,0,0,0,0,0,0,0,0,3,3,1,20111204
54169175,3-Ethyl-10-methyldodecane,SCHEMBL531102|SCHEMBL24503561,C15H32,"InChI=1S/C15H32/c1-5-14(4)12-10-8-9-11-13-15(6-2)7-3/h14-15H,5-13H2,1-4H3",CCC(C)CCCCCCC(CC)CC,YEDMLWJNLSIMKS-UHFFFAOYSA-N,3-ethyl-10-methyldodecane,,Patents,,IBM|PATENTSCOPE (WIPO)|SureChEMBL,Curation Efforts|Governmental Organizations|Research and Development,,212.41,0.0,113,7.8,15,0,0,10,212.250397,212.250397,0,1,0,1,0,1,0,0,0,0,55,18,1,20111204
54169953,"2,2,5-Trimethyldodecane",SCHEMBL25384983,C15H32,"InChI=1S/C15H32/c1-6-7-8-9-10-11-14(2)12-13-15(3,4)5/h14H,6-13H2,1-5H3",CCCCCCCC(C)CCC(C)(C)C,OUHUXVYLBXICFN-UHFFFAOYSA-N,"2,2,5-trimethyldodecane",,Patents,,IBM|SureChEMBL,Curation Efforts|Research and Development,,212.41,0.0,129,7.6,15,0,0,9,212.250397,212.250397,0,1,0,1,0,1,0,0,0,0,5,3,1,20111204
54170523,1-Methyl-2-(2-methylbutan-2-yl)cyclohexane;propane,,C15H32,"InChI=1S/C12H24.C3H8/c1-5-12(3,4)11-9-7-6-8-10(11)2;1-3-2/h10-11H,5-9H2,1-4H3;3H2,1-2H3",CCC.CCC(C)(C)C1CCCCC1C,OURYSNURIBFHBQ-UHFFFAOYSA-N,1-methyl-2-(2-methylbutan-2-yl)cyclohexane;propane,,Patents,,IBM,Research and Development,,212.41,0.0,135,,15,0,0,2,212.250397,212.250397,0,2,0,2,0,2,0,0,0,0,1,1,1,20111204
54186939,"3-Tert-butyl-2,2,6,6-tetramethylheptane",,C15H32,"InChI=1S/C15H32/c1-13(2,3)11-10-12(14(4,5)6)15(7,8)9/h12H,10-11H2,1-9H3",CC(C)(C)CCC(C(C)(C)C)C(C)(C)C,RUHXRZWXKJIXJK-UHFFFAOYSA-N,"3-tert-butyl-2,2,6,6-tetramethylheptane",,Patents,,Google Patents|PATENTSCOPE (WIPO),Governmental Organizations|Research and Development,,212.41,0.0,166,6.7,15,0,0,5,212.250397,212.250397,0,1,0,0,0,0,0,0,0,0,0,0,1,20111204
54193633,4-Ethyl-4-methyl-5-propylnonane,SCHEMBL15972032,C15H32,"InChI=1S/C15H32/c1-6-10-12-14(11-7-2)15(5,9-4)13-8-3/h14H,6-13H2,1-5H3",CCCCC(CCC)C(C)(CC)CCC,WFPIMZUEOWTQOR-UHFFFAOYSA-N,4-ethyl-4-methyl-5-propylnonane,,Patents,,IBM|SureChEMBL,Curation Efforts|Research and Development,,212.41,0.0,139,7.6,15,0,0,9,212.250397,212.250397,0,1,0,2,0,2,0,0,0,0,5,4,1,20111204
54228007,"2,2,11-Trimethyldodecane",SCHEMBL7639076|SCHEMBL23522267|SCHEMBL25383008,C15H32,"InChI=1S/C15H32/c1-14(2)12-10-8-6-7-9-11-13-15(3,4)5/h14H,6-13H2,1-5H3",CC(C)CCCCCCCCC(C)(C)C,ORCPYJOQCDVNLH-UHFFFAOYSA-N,"2,2,11-trimethyldodecane",,Patents,,Google Patents|IBM|PATENTSCOPE (WIPO)|SureChEMBL,Curation Efforts|Governmental Organizations|Research and Development,,212.41,0.0,127,7.6,15,0,0,9,212.250397,212.250397,0,1,0,0,0,0,0,0,0,0,34,25,1,20111204
54274200,"5,6,7-Trimethyldodecane",,C15H32,"InChI=1S/C15H32/c1-6-8-10-12-14(4)15(5)13(3)11-9-7-2/h13-15H,6-12H2,1-5H3",CCCCCC(C)C(C)C(C)CCCC,RMGTTYYXJVVDSK-UHFFFAOYSA-N,"5,6,7-trimethyldodecane",,Patents,,IBM,Research and Development,,212.41,0.0,128,7.5,15,0,0,9,212.250397,212.250397,0,1,0,3,0,3,0,0,0,0,2,2,1,20111204
54276109,6-Ethyl-4-propyldecane,SCHEMBL4271365|SCHEMBL4271369,C15H32,"InChI=1S/C15H32/c1-5-9-12-14(8-4)13-15(10-6-2)11-7-3/h14-15H,5-13H2,1-4H3",CCCCC(CC)CC(CCC)CCC,RNNUHJBYBVGEHH-UHFFFAOYSA-N,6-ethyl-4-propyldecane,,Patents,,IBM|SureChEMBL,Curation Efforts|Research and Development,,212.41,0.0,111,7.8,15,0,0,10,212.250397,212.250397,0,1,0,1,0,1,0,0,0,0,10,3,1,20111204
54297700,4-Propan-2-yl-5-propylnonane,SCHEMBL8539707|SCHEMBL28274596,C15H32,"InChI=1S/C15H32/c1-6-9-12-14(10-7-2)15(11-8-3)13(4)5/h13-15H,6-12H2,1-5H3",CCCCC(CCC)C(CCC)C(C)C,HSHDEXCZUNRIQP-UHFFFAOYSA-N,4-propan-2-yl-5-propylnonane,,Patents,,IBM|SureChEMBL,Curation Efforts|Research and Development,,212.41,0.0,126,7.5,15,0,0,9,212.250397,212.250397,0,1,0,2,0,2,0,0,0,0,8,5,1,20111204
54311055,"2,2,6,6-Tetramethylundecane",SCHEMBL9413107|SCHEMBL28046412|SCHEMBL28172303,C15H32,"InChI=1S/C15H32/c1-7-8-9-12-15(5,6)13-10-11-14(2,3)4/h7-13H2,1-6H3",CCCCCC(C)(C)CCCC(C)(C)C,YCYCLHYOJAAWBX-UHFFFAOYSA-N,"2,2,6,6-tetramethylundecane",,Patents,,IBM|SureChEMBL,Curation Efforts|Research and Development,,212.41,0.0,148,7.5,15,0,0,8,212.250397,212.250397,0,1,0,0,0,0,0,0,0,0,5,5,1,20111204
54316569,"3,5,5-Trimethyldodecane",SCHEMBL8853410,C15H32,"InChI=1S/C15H32/c1-6-8-9-10-11-12-15(4,5)13-14(3)7-2/h14H,6-13H2,1-5H3",CCCCCCCC(C)(C)CC(C)CC,QPXOXIWCKPTHJD-UHFFFAOYSA-N,"3,5,5-trimethyldodecane",,Patents,,IBM|SureChEMBL,Curation Efforts|Research and Development,,212.41,0.0,135,7.6,15,0,0,9,212.250397,212.250397,0,1,0,1,0,1,0,0,0,0,1,1,1,20111204
54343264,4-Ethyl-6-methyldodecane,SCHEMBL4275141|SCHEMBL4275145|SCHEMBL7755668,C15H32,"InChI=1S/C15H32/c1-5-8-9-10-12-14(4)13-15(7-3)11-6-2/h14-15H,5-13H2,1-4H3",CCCCCCC(C)CC(CC)CCC,WXELVCZCXYLFIK-UHFFFAOYSA-N,4-ethyl-6-methyldodecane,,Patents,,IBM|SureChEMBL,Curation Efforts|Research and Development,,212.41,0.0,117,7.8,15,0,0,10,212.250397,212.250397,0,1,0,2,0,2,0,0,0,0,24,7,1,20111204
54354995,"2,5,7-Trimethyldodecane",SCHEMBL5968157,C15H32,"InChI=1S/C15H32/c1-6-7-8-9-14(4)12-15(5)11-10-13(2)3/h13-15H,6-12H2,1-5H3",CCCCCC(C)CC(C)CCC(C)C,DSDZEKDIOAUCFK-UHFFFAOYSA-N,"2,5,7-trimethyldodecane",,Patents,,IBM|SureChEMBL,Curation Efforts|Research and Development,,212.41,0.0,126,7.5,15,0,0,9,212.250397,212.250397,0,1,0,2,0,2,0,0,0,0,4,2,1,20111204
54359721,3-Ethyl-2-methyldodecane,SCHEMBL9207262|SCHEMBL28153736,C15H32,"InChI=1S/C15H32/c1-5-7-8-9-10-11-12-13-15(6-2)14(3)4/h14-15H,5-13H2,1-4H3",CCCCCCCCCC(CC)C(C)C,YENXADDCOFVJBJ-UHFFFAOYSA-N,3-ethyl-2-methyldodecane,,Patents,,Google Patents|IBM|SureChEMBL,Curation Efforts|Research and Development,,212.41,0.0,115,7.8,15,0,0,10,212.250397,212.250397,0,1,0,1,0,1,0,0,0,0,16,10,1,20111204
54366079,"4,4,5,5,6,6-Hexamethylnonane",,C15H32,"InChI=1S/C15H32/c1-9-11-13(3,4)15(7,8)14(5,6)12-10-2/h9-12H2,1-8H3",CCCC(C)(C)C(C)(C)C(C)(C)CCC,UPWKTNQSGADNFU-UHFFFAOYSA-N,"4,4,5,5,6,6-hexamethylnonane",,Patents,,IBM,Research and Development,,212.41,0.0,164,7.0,15,0,0,6,212.250397,212.250397,0,1,0,0,0,0,0,0,0,0,1,1,1,20111204
54370358,6-(2-Methylpropyl)undecane,SCHEMBL543158,C15H32,"InChI=1S/C15H32/c1-5-7-9-11-15(13-14(3)4)12-10-8-6-2/h14-15H,5-13H2,1-4H3",CCCCCC(CCCCC)CC(C)C,DYKLAKAPISCZGS-UHFFFAOYSA-N,6-(2-methylpropyl)undecane,,Patents,,Google Patents|IBM|PATENTSCOPE (WIPO)|SureChEMBL,Curation Efforts|Governmental Organizations|Research and Development,,212.41,0.0,105,7.8,15,0,0,10,212.250397,212.250397,0,1,0,0,0,0,0,0,0,0,8,6,1,20111204
54383393,"2,2,3,4,5,5,6-Heptamethyloctane",SCHEMBL7053475,C15H32,"InChI=1S/C15H32/c1-10-11(2)15(8,9)13(4)12(3)14(5,6)7/h11-13H,10H2,1-9H3",CCC(C)C(C)(C)C(C)C(C)C(C)(C)C,QTCNAJSMBVDZTH-UHFFFAOYSA-N,"2,2,3,4,5,5,6-heptamethyloctane",,Patents,,IBM|SureChEMBL,Curation Efforts|Research and Development,,212.41,0.0,183,6.6,15,0,0,5,212.250397,212.250397,0,1,0,3,0,3,0,0,0,0,4,1,1,20111204
54409479,"3,4-Diethylundecane",SCHEMBL1170347,C15H32,"InChI=1S/C15H32/c1-5-9-10-11-12-13-15(8-4)14(6-2)7-3/h14-15H,5-13H2,1-4H3",CCCCCCCC(CC)C(CC)CC,TWVWQEMDEPNQQD-UHFFFAOYSA-N,"3,4-diethylundecane",,Patents,,IBM|SureChEMBL,Curation Efforts|Research and Development,,212.41,0.0,113,7.8,15,0,0,10,212.250397,212.250397,0,1,0,1,0,1,0,0,0,0,7,3,1,20111204
54411859,"5-Ethyl-2,3,5-trimethyldecane",SCHEMBL9738418,C15H32,"InChI=1S/C15H32/c1-7-9-10-11-15(6,8-2)12-14(5)13(3)4/h13-14H,7-12H2,1-6H3",CCCCCC(C)(CC)CC(C)C(C)C,NFNOYTGIDCODSA-UHFFFAOYSA-N,"5-ethyl-2,3,5-trimethyldecane",,Patents,,IBM|SureChEMBL,Curation Efforts|Research and Development,,212.41,0.0,148,7.3,15,0,0,8,212.250397,212.250397,0,1,0,2,0,2,0,0,0,0,1,1,1,20111204
54476308,"4,5-Dimethyltridecane",SCHEMBL5090307|SCHEMBL7061104|SCHEMBL28154775,C15H32,"InChI=1S/C15H32/c1-5-7-8-9-10-11-13-15(4)14(3)12-6-2/h14-15H,5-13H2,1-4H3",CCCCCCCCC(C)C(C)CCC,HZBOGMFGHSNAHQ-UHFFFAOYSA-N,"4,5-dimethyltridecane",,Patents,,IBM|SureChEMBL,Curation Efforts|Research and Development,,212.41,0.0,117,7.8,15,0,0,10,212.250397,212.250397,0,1,0,2,0,2,0,0,0,0,12,8,1,20111204
54520300,"2,5-Dimethyl-4,4-di(propan-2-yl)heptane",SCHEMBL9083474,C15H32,"InChI=1S/C15H32/c1-9-14(8)15(12(4)5,13(6)7)10-11(2)3/h11-14H,9-10H2,1-8H3",CCC(C)C(CC(C)C)(C(C)C)C(C)C,OWKSKALBJCJCOY-UHFFFAOYSA-N,"2,5-dimethyl-4,4-di(propan-2-yl)heptane",,Patents,,IBM|SureChEMBL,Curation Efforts|Research and Development,,212.41,0.0,157,6.7,15,0,0,6,212.250397,212.250397,0,1,0,1,0,1,0,0,0,0,3,2,1,20111204
56610813,"2,2,4-Trimethyldodecane",SCHEMBL10603491|SCHEMBL25385849|SCHEMBL28299272,C15H32,"InChI=1S/C15H32/c1-6-7-8-9-10-11-12-14(2)13-15(3,4)5/h14H,6-13H2,1-5H3",CCCCCCCCC(C)CC(C)(C)C,QKBPWRPQHJIRFF-UHFFFAOYSA-N,"2,2,4-trimethyldodecane",,Patents,,Google Patents|IBM|PATENTSCOPE (WIPO)|SureChEMBL,Curation Efforts|Governmental Organizations|Research and Development,,212.41,0.0,129,7.6,15,0,0,9,212.250397,212.250397,0,1,0,1,0,1,0,0,0,0,68,32,1,20120224
56612798,6-Butan-2-ylundecane,,C15H32,"InChI=1S/C15H32/c1-5-8-10-12-15(14(4)7-3)13-11-9-6-2/h14-15H,5-13H2,1-4H3",CCCCCC(CCCCC)C(C)CC,MQGOQOGZLUKDKY-UHFFFAOYSA-N,6-butan-2-ylundecane,,Patents,,IBM,Research and Development,,212.41,0.0,107,7.8,15,0,0,10,212.250397,212.250397,0,1,0,1,0,1,0,0,0,0,7,6,1,20120224
56629883,2-Methyl-5-propylundecane,,C15H32,"InChI=1S/C15H32/c1-5-7-8-9-11-15(10-6-2)13-12-14(3)4/h14-15H,5-13H2,1-4H3",CCCCCCC(CCC)CCC(C)C,GUSZCMQEVIXIHC-UHFFFAOYSA-N,2-methyl-5-propylundecane,,Patents,,IBM,Research and Development,,212.41,0.0,115,7.8,15,0,0,10,212.250397,212.250397,0,1,0,1,0,1,0,0,0,0,1,1,1,20120226
56979613,"5-Butyl-2,8-dimethylnonane",,C15H32,"InChI=1S/C15H32/c1-6-7-8-15(11-9-13(2)3)12-10-14(4)5/h13-15H,6-12H2,1-5H3",CCCCC(CCC(C)C)CCC(C)C,RCDRVWLBUDHYJU-UHFFFAOYSA-N,"5-butyl-2,8-dimethylnonane",,Patents,,IBM,Research and Development,,212.41,0.0,112,7.5,15,0,0,9,212.250397,212.250397,0,1,0,0,0,0,0,0,0,0,1,1,1,20120613
56982057,"2,2,3,5,9-Pentamethyldecane",,C15H32,"InChI=1S/C15H32/c1-12(2)9-8-10-13(3)11-14(4)15(5,6)7/h12-14H,8-11H2,1-7H3",CC(C)CCCC(C)CC(C)C(C)(C)C,WMCCCGFJLCDEEI-UHFFFAOYSA-N,"2,2,3,5,9-pentamethyldecane",,Patents,,IBM,Research and Development,,212.41,0.0,150,7.0,15,0,0,7,212.250397,212.250397,0,1,0,2,0,2,0,0,0,0,2,1,1,20120613
57031645,"2,8-Dimethyltridecane","138655-04-6|2,8-DIMETHYLTRIDECANE|SCHEMBL28296151|DTXSID60720111",C15H32,"InChI=1S/C15H32/c1-5-6-8-12-15(4)13-10-7-9-11-14(2)3/h14-15H,5-13H2,1-4H3",CCCCCC(C)CCCCCC(C)C,DUBRHMOMGLFGBS-UHFFFAOYSA-N,"2,8-dimethyltridecane",,Patents,,"Achemica|ChemTik|CymitQuimica|EPA DSSTox|IBM|J&H Chemical Co.,ltd|Japan Chemical Substance Dictionary (Nikkaji)|RR Scientific|SureChEMBL|Wikidata",Chemical Vendors|Curation Efforts|Governmental Organizations|Legacy Depositors|Research and Development,,212.41,0.0,115,7.8,15,0,0,10,212.250397,212.250397,0,1,0,1,0,1,0,0,0,0,10,9,1,20120613
57046551,"2,2-Dimethyl-4-propyldecane",,C15H32,"InChI=1S/C15H32/c1-6-8-9-10-12-14(11-7-2)13-15(3,4)5/h14H,6-13H2,1-5H3",CCCCCCC(CCC)CC(C)(C)C,BDBZCEKFYOSLKZ-UHFFFAOYSA-N,"2,2-dimethyl-4-propyldecane",,Patents,,IBM|PATENTSCOPE (WIPO),Governmental Organizations|Research and Development,,212.41,0.0,129,7.6,15,0,0,9,212.250397,212.250397,0,1,0,1,0,1,0,0,0,0,1,1,1,20120613
57077445,"5-Butyl-2,7-dimethylnonane",,C15H32,"InChI=1S/C15H32/c1-6-8-9-15(11-10-13(3)4)12-14(5)7-2/h13-15H,6-12H2,1-5H3",CCCCC(CCC(C)C)CC(C)CC,YOFYVHGYGUCLRS-UHFFFAOYSA-N,"5-butyl-2,7-dimethylnonane",,Patents,,IBM,Research and Development,,212.41,0.0,126,7.5,15,0,0,9,212.250397,212.250397,0,1,0,2,0,2,0,0,0,0,4,3,1,20120613
57080586,"2,2,3,6,6,8-Hexamethylnonane",,C15H32,"InChI=1S/C15H32/c1-12(2)11-15(7,8)10-9-13(3)14(4,5)6/h12-13H,9-11H2,1-8H3",CC(C)CC(C)(C)CCC(C)C(C)(C)C,SMOUAAWFMDVXFJ-UHFFFAOYSA-N,"2,2,3,6,6,8-hexamethylnonane",,Patents,,IBM,Research and Development,,212.41,0.0,169,6.9,15,0,0,6,212.250397,212.250397,0,1,0,1,0,1,0,0,0,0,1,1,1,20120613
57084097,3-Methyl-5-(2-methylpropyl)decane,SCHEMBL8010773,C15H32,"InChI=1S/C15H32/c1-6-8-9-10-15(11-13(3)4)12-14(5)7-2/h13-15H,6-12H2,1-5H3",CCCCCC(CC(C)C)CC(C)CC,ZGVFRMDSSJUTKS-UHFFFAOYSA-N,3-methyl-5-(2-methylpropyl)decane,,Patents,,IBM|SureChEMBL,Curation Efforts|Research and Development,,212.41,0.0,126,7.5,15,0,0,9,212.250397,212.250397,0,1,0,2,0,2,0,0,0,0,5,4,1,20120613
57085555,"3,7-Dimethyl-5-(2-methylpropyl)nonane",SCHEMBL4653010,C15H32,"InChI=1S/C15H32/c1-7-13(5)10-15(9-12(3)4)11-14(6)8-2/h12-15H,7-11H2,1-6H3",CCC(C)CC(CC(C)C)CC(C)CC,VIACXHLRWUEHID-UHFFFAOYSA-N,"3,7-dimethyl-5-(2-methylpropyl)nonane",,Patents,,IBM|SureChEMBL,Curation Efforts|Research and Development,,212.41,0.0,125,7.2,15,0,0,8,212.250397,212.250397,0,1,0,2,0,2,0,0,0,0,3,2,1,20120613
57097149,"2,7-Dimethyltridecane",,C15H32,"InChI=1S/C15H32/c1-5-6-7-8-12-15(4)13-10-9-11-14(2)3/h14-15H,5-13H2,1-4H3",CCCCCCC(C)CCCCC(C)C,YQNXEVXBFWUHID-UHFFFAOYSA-N,"2,7-dimethyltridecane",,Patents,,Google Patents|IBM,Research and Development,,212.41,0.0,115,7.8,15,0,0,10,212.250397,212.250397,0,1,0,1,0,1,0,0,0,0,7,6,1,20120613
57098396,4-Tert-butyl-4-propyloctane,,C15H32,"InChI=1S/C15H32/c1-7-10-13-15(11-8-2,12-9-3)14(4,5)6/h7-13H2,1-6H3",CCCCC(CCC)(CCC)C(C)(C)C,PAIUHMZMVWAYHP-UHFFFAOYSA-N,4-tert-butyl-4-propyloctane,,Patents,,IBM,Research and Development,,212.41,0.0,144,7.5,15,0,0,8,212.250397,212.250397,0,1,0,0,0,0,0,0,0,0,2,2,1,20120613
57100698,4-Ethyl-4-propyldecane,,C15H32,"InChI=1S/C15H32/c1-5-9-10-11-14-15(8-4,12-6-2)13-7-3/h5-14H2,1-4H3",CCCCCCC(CC)(CCC)CCC,IXQLNVGQIICOCM-UHFFFAOYSA-N,4-ethyl-4-propyldecane,,Patents,,IBM|PATENTSCOPE (WIPO),Governmental Organizations|Research and Development,,212.41,0.0,120,7.9,15,0,0,10,212.250397,212.250397,0,1,0,0,0,0,0,0,0,0,2,2,1,20120613
57139577,"4,4-Diethylundecane",,C15H32,"InChI=1S/C15H32/c1-5-9-10-11-12-14-15(7-3,8-4)13-6-2/h5-14H2,1-4H3",CCCCCCCC(CC)(CC)CCC,AOKIOBAWSARNRD-UHFFFAOYSA-N,"4,4-diethylundecane",,Patents,,IBM,Research and Development,,212.41,0.0,122,7.9,15,0,0,10,212.250397,212.250397,0,1,0,0,0,0,0,0,0,0,1,1,1,20120613
57148290,"4-Ethyl-2,2-dimethylundecane",,C15H32,"InChI=1S/C15H32/c1-6-8-9-10-11-12-14(7-2)13-15(3,4)5/h14H,6-13H2,1-5H3",CCCCCCCC(CC)CC(C)(C)C,NDLYPSJFVLDLNO-UHFFFAOYSA-N,"4-ethyl-2,2-dimethylundecane",,Patents,,Google Patents|IBM|PATENTSCOPE (WIPO),Governmental Organizations|Research and Development,,212.41,0.0,129,7.6,15,0,0,9,212.250397,212.250397,0,1,0,1,0,1,0,0,0,0,1,1,1,20120613
57148978,"2,7-Dimethyl-5-(2-methylpropyl)nonane",,C15H32,"InChI=1S/C15H32/c1-7-14(6)11-15(10-13(4)5)9-8-12(2)3/h12-15H,7-11H2,1-6H3",CCC(C)CC(CCC(C)C)CC(C)C,GTIDPBKVSPQKAM-UHFFFAOYSA-N,"2,7-dimethyl-5-(2-methylpropyl)nonane",,Patents,,Google Patents|IBM,Research and Development,,212.41,0.0,135,7.2,15,0,0,8,212.250397,212.250397,0,1,0,2,0,2,0,0,0,0,3,2,1,20120613
57155776,"2,2,4,4,8,8-Hexamethylnonane",,C15H32,"InChI=1S/C15H32/c1-13(2,3)10-9-11-15(7,8)12-14(4,5)6/h9-12H2,1-8H3",CC(C)(C)CCCC(C)(C)CC(C)(C)C,XIRLVTYSMZLQGZ-UHFFFAOYSA-N,"2,2,4,4,8,8-hexamethylnonane",,Patents,,Google Patents|IBM|PATENTSCOPE (WIPO)|SCRIPDB,Governmental Organizations|Legacy Depositors|Research and Development,,212.41,0.0,173,7.0,15,0,0,6,212.250397,212.250397,0,1,0,0,0,0,0,0,0,0,6,5,1,20120614
57171850,"4,4-Dimethyltridecane",SCHEMBL25386450|SCHEMBL25386564|SCHEMBL28154779,C15H32,"InChI=1S/C15H32/c1-5-7-8-9-10-11-12-14-15(3,4)13-6-2/h5-14H2,1-4H3",CCCCCCCCCC(C)(C)CCC,GNKZKHLCCLDPIU-UHFFFAOYSA-N,"4,4-dimethyltridecane",,Patents,,Google Patents|IBM|PATENTSCOPE (WIPO)|SureChEMBL,Curation Efforts|Governmental Organizations|Research and Development,,212.41,0.0,124,7.9,15,0,0,10,212.250397,212.250397,0,1,0,0,0,0,0,0,0,0,39,30,1,20120614
57189291,"2,2,4,5,8,8-Hexamethylnonane",,C15H32,"InChI=1S/C15H32/c1-12(9-10-14(3,4)5)13(2)11-15(6,7)8/h12-13H,9-11H2,1-8H3",CC(CCC(C)(C)C)C(C)CC(C)(C)C,OXGBNORNWSUWDC-UHFFFAOYSA-N,"2,2,4,5,8,8-hexamethylnonane",,Patents,,IBM|PATENTSCOPE (WIPO),Governmental Organizations|Research and Development,,212.41,0.0,165,6.9,15,0,0,6,212.250397,212.250397,0,1,0,2,0,2,0,0,0,0,1,1,1,20120614
57198735,"3,6-Dimethyl-5-(2-methylpropyl)nonane",,C15H32,"InChI=1S/C15H32/c1-7-9-14(6)15(10-12(3)4)11-13(5)8-2/h12-15H,7-11H2,1-6H3",CCCC(C)C(CC(C)C)CC(C)CC,SWEVGEVHVADYTJ-UHFFFAOYSA-N,"3,6-dimethyl-5-(2-methylpropyl)nonane",,Patents,,IBM,Research and Development,,212.41,0.0,137,7.2,15,0,0,8,212.250397,212.250397,0,1,0,3,0,3,0,0,0,0,1,1,1,20120614
57207561,"7-Ethyl-2,6-dimethylundecane",,C15H32,"InChI=1S/C15H32/c1-6-8-12-15(7-2)14(5)11-9-10-13(3)4/h13-15H,6-12H2,1-5H3",CCCCC(CC)C(C)CCCC(C)C,QJJQFZXLCXXBNW-UHFFFAOYSA-N,"7-ethyl-2,6-dimethylundecane",,Patents,,IBM|PATENTSCOPE (WIPO),Governmental Organizations|Research and Development,,212.41,0.0,126,7.5,15,0,0,9,212.250397,212.250397,0,1,0,2,0,2,0,0,0,0,1,1,1,20120614
57211209,"5-Ethyl-2,4-dimethylundecane",SCHEMBL10497042,C15H32,"InChI=1S/C15H32/c1-6-8-9-10-11-15(7-2)14(5)12-13(3)4/h13-15H,6-12H2,1-5H3",CCCCCCC(CC)C(C)CC(C)C,UVKRSKFSMZEPKX-UHFFFAOYSA-N,"5-ethyl-2,4-dimethylundecane",,Patents,,IBM|SureChEMBL,Curation Efforts|Research and Development,,212.41,0.0,126,7.5,15,0,0,9,212.250397,212.250397,0,1,0,2,0,2,0,0,0,0,1,1,1,20120614
57226785,"4,6-Dipropylnonane",SCHEMBL4269748|SCHEMBL4269752|SCHEMBL4273315,C15H32,"InChI=1S/C15H32/c1-5-9-14(10-6-2)13-15(11-7-3)12-8-4/h14-15H,5-13H2,1-4H3",CCCC(CCC)CC(CCC)CCC,FGPTZISWCYETRU-UHFFFAOYSA-N,"4,6-dipropylnonane",,Patents,,Google Patents|IBM|PATENTSCOPE (WIPO)|SCRIPDB|SureChEMBL,Curation Efforts|Governmental Organizations|Legacy Depositors|Research and Development,,212.41,0.0,91,7.8,15,0,0,10,212.250397,212.250397,0,1,0,0,0,0,0,0,0,0,12,4,1,20120614
57235445,"2,2,5,5-Tetramethylundecane",,C15H32,"InChI=1S/C15H32/c1-7-8-9-10-11-15(5,6)13-12-14(2,3)4/h7-13H2,1-6H3",CCCCCCC(C)(C)CCC(C)(C)C,FRMHGBGUIKFAKM-UHFFFAOYSA-N,"2,2,5,5-tetramethylundecane",,Patents,,IBM,Research and Development,,212.41,0.0,148,7.5,15,0,0,8,212.250397,212.250397,0,1,0,0,0,0,0,0,0,0,1,1,1,20120614
57238059,"5-Ethyl-3,6,7-trimethyldecane",,C15H32,"InChI=1S/C15H32/c1-7-10-13(5)14(6)15(9-3)11-12(4)8-2/h12-15H,7-11H2,1-6H3",CCCC(C)C(C)C(CC)CC(C)CC,MBECMMMBEMITER-UHFFFAOYSA-N,"5-ethyl-3,6,7-trimethyldecane",,Patents,,IBM,Research and Development,,212.41,0.0,139,7.2,15,0,0,8,212.250397,212.250397,0,1,0,4,0,4,0,0,0,0,2,1,1,20120614
57257546,2-Methyl-4-propan-2-yl-4-propyloctane,SCHEMBL6837539|SCHEMBL7269878,C15H32,"InChI=1S/C15H32/c1-7-9-11-15(10-8-2,14(5)6)12-13(3)4/h13-14H,7-12H2,1-6H3",CCCCC(CCC)(CC(C)C)C(C)C,JHRVUSXKIPWLSQ-UHFFFAOYSA-N,2-methyl-4-propan-2-yl-4-propyloctane,,Patents,,IBM|SureChEMBL,Curation Efforts|Research and Development,,212.41,0.0,146,7.3,15,0,0,8,212.250397,212.250397,0,1,0,1,0,1,0,0,0,0,2,2,1,20120614
57257758,5-Ethyl-6-propyldecane,SCHEMBL9647600,C15H32,"InChI=1S/C15H32/c1-5-9-12-14(8-4)15(11-7-3)13-10-6-2/h14-15H,5-13H2,1-4H3",CCCCC(CC)C(CCC)CCCC,PFANAAKHSJGRJF-UHFFFAOYSA-N,5-ethyl-6-propyldecane,,Patents,,IBM|SureChEMBL,Curation Efforts|Research and Development,,212.41,0.0,117,7.8,15,0,0,10,212.250397,212.250397,0,1,0,2,0,2,0,0,0,0,5,5,1,20120614
57273837,"2,5,5,6-Tetramethyl-4-propan-2-yloctane",,C15H32,"InChI=1S/C15H32/c1-9-13(6)15(7,8)14(12(4)5)10-11(2)3/h11-14H,9-10H2,1-8H3",CCC(C)C(C)(C)C(CC(C)C)C(C)C,JXFSCEABMCBWNE-UHFFFAOYSA-N,"2,5,5,6-tetramethyl-4-propan-2-yloctane",,Patents,,IBM,Research and Development,,212.41,0.0,165,6.7,15,0,0,6,212.250397,212.250397,0,1,0,2,0,2,0,0,0,0,2,1,1,20120615
57514408,"4-Butan-2-yl-2,2,6,6-tetramethylheptane",SCHEMBL4653003,C15H32,"InChI=1S/C15H32/c1-9-12(2)13(10-14(3,4)5)11-15(6,7)8/h12-13H,9-11H2,1-8H3",CCC(C)C(CC(C)(C)C)CC(C)(C)C,KYRLDHGTESGINV-UHFFFAOYSA-N,"4-butan-2-yl-2,2,6,6-tetramethylheptane",,Patents,,SureChEMBL,Curation Efforts|Research and Development,,212.41,0.0,149,6.9,15,0,0,6,212.250397,212.250397,0,1,0,1,0,1,0,0,0,0,2,1,1,20120808
57540264,"2,2,3,4,5,6,7-Heptamethyloctane",,C15H32,"InChI=1S/C15H32/c1-10(2)11(3)12(4)13(5)14(6)15(7,8)9/h10-14H,1-9H3",CC(C)C(C)C(C)C(C)C(C)C(C)(C)C,BRGFXFUEYGXEIG-UHFFFAOYSA-N,"2,2,3,4,5,6,7-heptamethyloctane",,Patents,,Google Patents|IBM|PATENTSCOPE (WIPO)|SCRIPDB,Governmental Organizations|Legacy Depositors|Research and Development,,212.41,0.0,173,6.5,15,0,0,5,212.250397,212.250397,0,1,0,4,0,4,0,0,0,0,5,4,1,20120818
57773741,"3,4,5-Triethylnonane",,C15H32,"InChI=1S/C15H32/c1-6-11-12-14(9-4)15(10-5)13(7-2)8-3/h13-15H,6-12H2,1-5H3",CCCCC(CC)C(CC)C(CC)CC,LKEQFTXULANCIJ-UHFFFAOYSA-N,"3,4,5-triethylnonane",,Patents,,Google Patents|IBM|SCRIPDB,Legacy Depositors|Research and Development,,212.41,0.0,124,7.5,15,0,0,9,212.250397,212.250397,0,1,0,2,0,2,0,0,0,0,1,1,1,20120819
57885049,"4-Tert-butyl-2,4,5,5-tetramethylheptane",,C15H32,"InChI=1S/C15H32/c1-10-14(7,8)15(9,11-12(2)3)13(4,5)6/h12H,10-11H2,1-9H3",CCC(C)(C)C(C)(CC(C)C)C(C)(C)C,ASKZCLSKSSXVSX-UHFFFAOYSA-N,"4-tert-butyl-2,4,5,5-tetramethylheptane",,Patents,,Google Patents|IBM|SCRIPDB,Legacy Depositors|Research and Development,,212.41,0.0,193,6.7,15,0,0,5,212.250397,212.250397,0,1,0,1,0,1,0,0,0,0,4,1,1,20120819
57894671,"4-Tert-butyl-3,3,4,5-tetramethylheptane",,C15H32,"InChI=1S/C15H32/c1-10-12(3)15(9,13(4,5)6)14(7,8)11-2/h12H,10-11H2,1-9H3",CCC(C)C(C)(C(C)(C)C)C(C)(C)CC,HGKYFDTXXTVWMF-UHFFFAOYSA-N,"4-tert-butyl-3,3,4,5-tetramethylheptane",,Patents,,Google Patents|IBM|SCRIPDB,Legacy Depositors|Research and Development,,212.41,0.0,195,6.7,15,0,0,5,212.250397,212.250397,0,1,0,2,0,2,0,0,0,0,2,1,1,20120819
58160523,"3,6,10-Trimethyldodecane",SCHEMBL1270793,C15H32,"InChI=1S/C15H32/c1-6-13(3)9-8-10-15(5)12-11-14(4)7-2/h13-15H,6-12H2,1-5H3",CCC(C)CCCC(C)CCC(C)CC,MTFIKFLTOGLRLL-UHFFFAOYSA-N,"3,6,10-trimethyldodecane",,Patents,,Google Patents|IBM|PATENTSCOPE (WIPO)|SCRIPDB|SureChEMBL,Curation Efforts|Governmental Organizations|Legacy Depositors|Research and Development,,212.41,0.0,128,7.5,15,0,0,9,212.250397,212.250397,0,1,0,3,0,3,0,0,0,0,10,3,1,20120819
58193616,"4-Ethyl-2,2,4,6,6-pentamethyloctane",,C15H32,"InChI=1S/C15H32/c1-9-14(6,7)12-15(8,10-2)11-13(3,4)5/h9-12H2,1-8H3",CCC(C)(C)CC(C)(CC)CC(C)(C)C,FZPUODPQTBBDSX-UHFFFAOYSA-N,"4-ethyl-2,2,4,6,6-pentamethyloctane",,Patents,,SCRIPDB,Legacy Depositors|Research and Development,,212.41,0.0,183,7.0,15,0,0,6,212.250397,212.250397,0,1,0,1,0,1,0,0,0,0,1,1,1,20120819
58193640,"3,3,5,5,7,7-Hexamethylnonane",,C15H32,"InChI=1S/C15H32/c1-9-13(3,4)11-15(7,8)12-14(5,6)10-2/h9-12H2,1-8H3",CCC(C)(C)CC(C)(C)CC(C)(C)CC,SZNOTNFPNMTWLO-UHFFFAOYSA-N,"3,3,5,5,7,7-hexamethylnonane",,Patents,,Google Patents|SCRIPDB,Legacy Depositors|Research and Development,,212.41,0.0,164,7.0,15,0,0,6,212.250397,212.250397,0,1,0,0,0,0,0,0,0,0,2,1,1,20120819
58193652,"(4R)-4-ethyl-2,2,4,6-tetramethylnonane",,C15H32,"InChI=1S/C15H32/c1-8-10-13(3)11-15(7,9-2)12-14(4,5)6/h13H,8-12H2,1-7H3/t13?,15-/m1/s1",CCCC(C)C[C@@](C)(CC)CC(C)(C)C,DEKOPLULFVDXNQ-AWKYBWMHSA-N,"(4R)-4-ethyl-2,2,4,6-tetramethylnonane",,Patents,,SCRIPDB,Legacy Depositors|Research and Development,,212.41,0.0,163,7.2,15,0,0,7,212.250397,212.250397,0,1,0,2,1,1,0,0,0,0,1,1,1,20120819
58271596,"4-Butan-2-yl-3-ethyl-2,5-dimethylheptane",,C15H32,"InChI=1S/C15H32/c1-8-12(6)15(13(7)9-2)14(10-3)11(4)5/h11-15H,8-10H2,1-7H3",CCC(C)C(C(C)CC)C(CC)C(C)C,PLOWGBNDCAJHQA-UHFFFAOYSA-N,"4-butan-2-yl-3-ethyl-2,5-dimethylheptane",,Patents,,Google Patents|SCRIPDB,Legacy Depositors|Research and Development,,212.41,0.0,138,6.9,15,0,0,7,212.250397,212.250397,0,1,0,3,0,3,0,0,0,0,1,1,1,20120819
58324126,"2,8-Dimethyl-5-(2-methylpropyl)nonane",SCHEMBL6387482,C15H32,"InChI=1S/C15H32/c1-12(2)7-9-15(11-14(5)6)10-8-13(3)4/h12-15H,7-11H2,1-6H3",CC(C)CCC(CCC(C)C)CC(C)C,ZTRFQQCXZMEQCB-UHFFFAOYSA-N,"2,8-dimethyl-5-(2-methylpropyl)nonane",,Patents,,Google Patents|PATENTSCOPE (WIPO)|SCRIPDB|SureChEMBL,Curation Efforts|Governmental Organizations|Legacy Depositors|Research and Development,,212.41,0.0,121,7.2,15,0,0,8,212.250397,212.250397,0,1,0,0,0,0,0,0,0,0,23,6,1,20120819
58340694,"3,11-Dimethyltridecane",,C15H32,"InChI=1S/C15H32/c1-5-14(3)12-10-8-7-9-11-13-15(4)6-2/h14-15H,5-13H2,1-4H3",CCC(C)CCCCCCCC(C)CC,FSIRQXQNSPEJRJ-UHFFFAOYSA-N,"3,11-dimethyltridecane",,Patents,,Google Patents|PATENTSCOPE (WIPO)|SCRIPDB,Governmental Organizations|Legacy Depositors|Research and Development,,212.41,0.0,103,7.8,15,0,0,10,212.250397,212.250397,0,1,0,2,0,2,0,0,0,0,2,1,1,20120819
58351129,"4-Ethyl-2,2,8,8-tetramethylnonane",,C15H32,"InChI=1S/C15H32/c1-8-13(12-15(5,6)7)10-9-11-14(2,3)4/h13H,8-12H2,1-7H3",CCC(CCCC(C)(C)C)CC(C)(C)C,OYQUOLVLCQLOQZ-UHFFFAOYSA-N,"4-ethyl-2,2,8,8-tetramethylnonane",,Patents,,Google Patents|PATENTSCOPE (WIPO)|SCRIPDB,Governmental Organizations|Legacy Depositors|Research and Development,,212.41,0.0,154,7.2,15,0,0,7,212.250397,212.250397,0,1,0,1,0,1,0,0,0,0,2,2,1,20120819
58462605,"(3S)-2,3,11-trimethyldodecane",,C15H32,"InChI=1S/C15H32/c1-13(2)11-9-7-6-8-10-12-15(5)14(3)4/h13-15H,6-12H2,1-5H3/t15-/m0/s1",C[C@@H](CCCCCCCC(C)C)C(C)C,JRUPZHAWYUEHRB-HNNXBMFYSA-N,"(3S)-2,3,11-trimethyldodecane",,Patents,,Google Patents|PATENTSCOPE (WIPO)|SCRIPDB,Governmental Organizations|Legacy Depositors|Research and Development,,212.41,0.0,124,7.5,15,0,0,9,212.250397,212.250397,0,1,0,1,1,0,0,0,0,0,4,2,1,20120819
58571342,"3,4,5,5,6,7-Hexamethylnonane",,C15H32,"InChI=1S/C15H32/c1-9-11(3)13(5)15(7,8)14(6)12(4)10-2/h11-14H,9-10H2,1-8H3",CCC(C)C(C)C(C)(C)C(C)C(C)CC,CVUYPJRBOMINQB-UHFFFAOYSA-N,"3,4,5,5,6,7-hexamethylnonane",,Patents,,Google Patents|IBM|PATENTSCOPE (WIPO)|SCRIPDB,Governmental Organizations|Legacy Depositors|Research and Development,,212.41,0.0,151,6.7,15,0,0,6,212.250397,212.250397,0,1,0,4,0,4,0,0,0,0,3,3,1,20120819
58574164,"2,9-Dimethyl-4-propan-2-yldecane",,C15H32,"InChI=1S/C15H32/c1-12(2)9-7-8-10-15(14(5)6)11-13(3)4/h12-15H,7-11H2,1-6H3",CC(C)CCCCC(CC(C)C)C(C)C,RKBRVDNGCIKKQB-UHFFFAOYSA-N,"2,9-dimethyl-4-propan-2-yldecane",,Patents,,Google Patents|PATENTSCOPE (WIPO)|SCRIPDB,Governmental Organizations|Legacy Depositors|Research and Development,,212.41,0.0,133,7.2,15,0,0,8,212.250397,212.250397,0,1,0,1,0,1,0,0,0,0,1,1,1,20120819
58609426,"4,10-Dimethyltridecane",,C15H32,"InChI=1S/C15H32/c1-5-10-14(3)12-8-7-9-13-15(4)11-6-2/h14-15H,5-13H2,1-4H3",CCCC(C)CCCCCC(C)CCC,BHVPKPFXJMXVTA-UHFFFAOYSA-N,"4,10-dimethyltridecane",,Patents,,Google Patents|IBM|SCRIPDB,Legacy Depositors|Research and Development,,212.41,0.0,103,7.8,15,0,0,10,212.250397,212.250397,0,1,0,2,0,2,0,0,0,0,4,3,1,20120819
58632307,"(4R,6S,8S)-2,4,6,8-tetramethylundecane",,C15H32,"InChI=1S/C15H32/c1-7-8-13(4)10-15(6)11-14(5)9-12(2)3/h12-15H,7-11H2,1-6H3/t13-,14+,15-/m0/s1",CCC[C@H](C)C[C@H](C)C[C@H](C)CC(C)C,WIRCLRWVKNJKHO-ZNMIVQPWSA-N,"(4R,6S,8S)-2,4,6,8-tetramethylundecane",,Patents,,Google Patents|IBM|PATENTSCOPE (WIPO)|SCRIPDB,Governmental Organizations|Legacy Depositors|Research and Development,,212.41,0.0,137,7.2,15,0,0,8,212.250397,212.250397,0,1,0,3,3,0,0,0,0,0,2,2,1,20120819
58683404,"2,9-Dimethyl-3-propan-2-yldecane",,C15H32,"InChI=1S/C15H32/c1-12(2)10-8-7-9-11-15(13(3)4)14(5)6/h12-15H,7-11H2,1-6H3",CC(C)CCCCCC(C(C)C)C(C)C,VRXGRUIVWMZHHR-UHFFFAOYSA-N,"2,9-dimethyl-3-propan-2-yldecane",,Patents,,Google Patents|PATENTSCOPE (WIPO)|SCRIPDB,Governmental Organizations|Legacy Depositors|Research and Development,,212.41,0.0,125,7.2,15,0,0,8,212.250397,212.250397,0,1,0,0,0,0,0,0,0,0,1,1,1,20120819
58719452,"2,3,5,7-Tetramethyl-3-propan-2-yloctane",,C15H32,"InChI=1S/C15H32/c1-11(2)9-14(7)10-15(8,12(3)4)13(5)6/h11-14H,9-10H2,1-8H3",CC(C)CC(C)CC(C)(C(C)C)C(C)C,ZIOWDPSBZNBVCA-UHFFFAOYSA-N,"2,3,5,7-tetramethyl-3-propan-2-yloctane",,Patents,,Google Patents|SCRIPDB,Legacy Depositors|Research and Development,,212.41,0.0,157,6.7,15,0,0,6,212.250397,212.250397,0,1,0,1,0,1,0,0,0,0,36,15,1,20120819
58860892,"2,2,5-Trimethyl-3,4-di(propan-2-yl)hexane",,C15H32,"InChI=1S/C15H32/c1-10(2)13(11(3)4)14(12(5)6)15(7,8)9/h10-14H,1-9H3",CC(C)C(C(C)C)C(C(C)C)C(C)(C)C,VAQACYXJVHGBFF-UHFFFAOYSA-N,"2,2,5-trimethyl-3,4-di(propan-2-yl)hexane",,Patents,,Google Patents|PATENTSCOPE (WIPO)|SCRIPDB,Governmental Organizations|Legacy Depositors|Research and Development,,212.41,0.0,161,6.5,15,0,0,5,212.250397,212.250397,0,1,0,1,0,1,0,0,0,0,2,1,1,20120819
58875831,"2,2,6,10-Tetramethylundecane",,C15H32,"InChI=1S/C15H32/c1-13(2)9-7-10-14(3)11-8-12-15(4,5)6/h13-14H,7-12H2,1-6H3",CC(C)CCCC(C)CCCC(C)(C)C,GYAKEOSKSVUDHU-UHFFFAOYSA-N,"2,2,6,10-tetramethylundecane",,Patents,,Google Patents|PATENTSCOPE (WIPO)|SCRIPDB,Governmental Organizations|Legacy Depositors|Research and Development,,212.41,0.0,139,7.3,15,0,0,8,212.250397,212.250397,0,1,0,1,0,1,0,0,0,0,2,2,1,20120819
58982151,"2,2,3,3,8,8-Hexamethylnonane",,C15H32,"InChI=1S/C15H32/c1-13(2,3)11-9-10-12-15(7,8)14(4,5)6/h9-12H2,1-8H3",CC(C)(C)CCCCC(C)(C)C(C)(C)C,ZIQGDTPCJPUGAG-UHFFFAOYSA-N,"2,2,3,3,8,8-hexamethylnonane",,Patents,,Google Patents|PATENTSCOPE (WIPO)|SCRIPDB,Governmental Organizations|Legacy Depositors|Research and Development,,212.41,0.0,173,7.0,15,0,0,6,212.250397,212.250397,0,1,0,0,0,0,0,0,0,0,7,4,1,20120819
59008471,"6-Ethyl-2,3-dimethyl-4-propyloctane",,C15H32,"InChI=1S/C15H32/c1-7-10-15(13(6)12(4)5)11-14(8-2)9-3/h12-15H,7-11H2,1-6H3",CCCC(CC(CC)CC)C(C)C(C)C,OSNJASLPOJMAPF-UHFFFAOYSA-N,"6-ethyl-2,3-dimethyl-4-propyloctane",,Patents,,IBM|SCRIPDB,Legacy Depositors|Research and Development,,212.41,0.0,133,7.2,15,0,0,8,212.250397,212.250397,0,1,0,2,0,2,0,0,0,0,1,1,1,20120819
59081329,1-Tritiopentadecane,,C15H32,"InChI=1S/C15H32/c1-3-5-7-9-11-13-15-14-12-10-8-6-4-2/h3-15H2,1-2H3/i1T",[3H]CCCCCCCCCCCCCCC,YCOZIPAWZNQLMR-CNRUNOGKSA-N,1-tritiopentadecane,,Patents,,PATENTSCOPE (WIPO)|SCRIPDB,Governmental Organizations|Legacy Depositors|Research and Development,,214.42,0.0,84,7.7,15,0,0,12,214.258621,214.258621,0,1,1,0,0,0,0,0,0,0,1,1,1,20120820
59170794,"4,4-Diethyl-2,2,6,6-tetramethylheptane",,C15H32,"InChI=1S/C15H32/c1-9-15(10-2,11-13(3,4)5)12-14(6,7)8/h9-12H2,1-8H3",CCC(CC)(CC(C)(C)C)CC(C)(C)C,UKPRBYVKLCKYGL-UHFFFAOYSA-N,"4,4-diethyl-2,2,6,6-tetramethylheptane",,Patents,,Google Patents|IBM|PATENTSCOPE (WIPO)|SCRIPDB,Governmental Organizations|Legacy Depositors|Research and Development,,212.41,0.0,153,7.0,15,0,0,6,212.250397,212.250397,0,1,0,0,0,0,0,0,0,0,10,5,1,20120820
59279912,"2,3,3,10-Tetramethylundecane",,C15H32,"InChI=1S/C15H32/c1-13(2)11-9-7-8-10-12-15(5,6)14(3)4/h13-14H,7-12H2,1-6H3",CC(C)CCCCCCC(C)(C)C(C)C,WYEKQPPLTOXKEO-UHFFFAOYSA-N,"2,3,3,10-tetramethylundecane",,Patents,,Google Patents|PATENTSCOPE (WIPO)|SCRIPDB,Governmental Organizations|Legacy Depositors|Research and Development,,212.41,0.0,142,7.3,15,0,0,8,212.250397,212.250397,0,1,0,0,0,0,0,0,0,0,1,1,1,20120820
59280971,"2,3,4,5,6,7-Hexamethylnonane",,C15H32,"InChI=1S/C15H32/c1-9-11(4)13(6)15(8)14(7)12(5)10(2)3/h10-15H,9H2,1-8H3",CCC(C)C(C)C(C)C(C)C(C)C(C)C,GTMDEHQPPKUOGR-UHFFFAOYSA-N,"2,3,4,5,6,7-hexamethylnonane",,Patents,,Google Patents|IBM|PATENTSCOPE (WIPO)|SCRIPDB,Governmental Organizations|Legacy Depositors|Research and Development,,212.41,0.0,159,6.6,15,0,0,6,212.250397,212.250397,0,1,0,5,0,5,0,0,0,0,26,25,1,20120820
59428532,"2,4,4,7,9-Pentamethyldecane",,C15H32,"InChI=1S/C15H32/c1-12(2)10-14(5)8-9-15(6,7)11-13(3)4/h12-14H,8-11H2,1-7H3",CC(C)CC(C)CCC(C)(C)CC(C)C,LRUJKZDHDVTEQW-UHFFFAOYSA-N,"2,4,4,7,9-pentamethyldecane",,Patents,,Google Patents|PATENTSCOPE (WIPO)|SCRIPDB,Governmental Organizations|Legacy Depositors|Research and Development,,212.41,0.0,153,7.0,15,0,0,7,212.250397,212.250397,0,1,0,1,0,1,0,0,0,0,1,1,1,20120820
59607928,"2,2,3,3,5,5,6,6-Octamethylheptane",,C15H32,"InChI=1S/C15H32/c1-12(2,3)14(7,8)11-15(9,10)13(4,5)6/h11H2,1-10H3",CC(C)(C)C(C)(C)CC(C)(C)C(C)(C)C,BWWOPNOJMWQYPH-UHFFFAOYSA-N,"2,2,3,3,5,5,6,6-octamethylheptane",,Patents,,Google Patents|PATENTSCOPE (WIPO)|SCRIPDB,Governmental Organizations|Legacy Depositors|Research and Development,,212.41,0.0,181,6.6,15,0,0,4,212.250397,212.250397,0,1,0,0,0,0,0,0,0,0,3,2,1,20120820
59683924,"(3R,6R)-3,7-diethyl-2,6-dimethylnonane",,C15H32,"InChI=1S/C15H32/c1-7-14(8-2)13(6)10-11-15(9-3)12(4)5/h12-15H,7-11H2,1-6H3/t13-,15-/m1/s1",CC[C@H](CC[C@@H](C)C(CC)CC)C(C)C,ZREASIJAJJNGSO-UKRRQHHQSA-N,"(3R,6R)-3,7-diethyl-2,6-dimethylnonane",,Patents,,Google Patents|IBM|PATENTSCOPE (WIPO)|SCRIPDB,Governmental Organizations|Legacy Depositors|Research and Development,,212.41,0.0,133,7.2,15,0,0,8,212.250397,212.250397,0,1,0,2,2,0,0,0,0,0,2,2,1,20120820
59683927,"(3S,6R)-3,7-diethyl-2,6-dimethylnonane",,C15H32,"InChI=1S/C15H32/c1-7-14(8-2)13(6)10-11-15(9-3)12(4)5/h12-15H,7-11H2,1-6H3/t13-,15+/m1/s1",CC[C@@H](CC[C@@H](C)C(CC)CC)C(C)C,ZREASIJAJJNGSO-HIFRSBDPSA-N,"(3S,6R)-3,7-diethyl-2,6-dimethylnonane",,Patents,,Google Patents|IBM|PATENTSCOPE (WIPO)|SCRIPDB,Governmental Organizations|Legacy Depositors|Research and Development,,212.41,0.0,133,7.2,15,0,0,8,212.250397,212.250397,0,1,0,2,2,0,0,0,0,0,2,2,1,20120820
59856468,"2,2,4,9,9-Pentamethyldecane",,C15H32,"InChI=1S/C15H32/c1-13(12-15(5,6)7)10-8-9-11-14(2,3)4/h13H,8-12H2,1-7H3",CC(CCCCC(C)(C)C)CC(C)(C)C,OFVTUJMCSJSORF-UHFFFAOYSA-N,"2,2,4,9,9-pentamethyldecane",,Patents,,Google Patents|IBM|PATENTSCOPE (WIPO)|SCRIPDB,Governmental Organizations|Legacy Depositors|Research and Development,,212.41,0.0,154,7.2,15,0,0,7,212.250397,212.250397,0,1,0,1,0,1,0,0,0,0,5,3,1,20120820
59977717,7-Methyl-4-propylundecane,,C15H32,"InChI=1S/C15H32/c1-5-8-11-14(4)12-13-15(9-6-2)10-7-3/h14-15H,5-13H2,1-4H3",CCCCC(C)CCC(CCC)CCC,CSTKXGCRWMGKGS-UHFFFAOYSA-N,7-methyl-4-propylundecane,,Patents,,Google Patents|IBM|SCRIPDB,Legacy Depositors|Research and Development,,212.41,0.0,111,7.8,15,0,0,10,212.250397,212.250397,0,1,0,1,0,1,0,0,0,0,4,4,1,20120820
59977727,4-Methyl-8-propylundecane,,C15H32,"InChI=1S/C15H32/c1-5-9-14(4)12-8-13-15(10-6-2)11-7-3/h14-15H,5-13H2,1-4H3",CCCC(C)CCCC(CCC)CCC,TZMVZFVONSCFGM-UHFFFAOYSA-N,4-methyl-8-propylundecane,,Patents,,Google Patents|IBM|PATENTSCOPE (WIPO)|SCRIPDB,Governmental Organizations|Legacy Depositors|Research and Development,,212.41,0.0,111,7.8,15,0,0,10,212.250397,212.250397,0,1,0,1,0,1,0,0,0,0,2,2,1,20120820
59977735,4-Methyl-7-propylundecane,SCHEMBL28335939,C15H32,"InChI=1S/C15H32/c1-5-8-11-15(10-7-3)13-12-14(4)9-6-2/h14-15H,5-13H2,1-4H3",CCCCC(CCC)CCC(C)CCC,ZBZKFLRDODKHKR-UHFFFAOYSA-N,4-methyl-7-propylundecane,,Patents,,Google Patents|IBM|PATENTSCOPE (WIPO)|SCRIPDB|SureChEMBL,Curation Efforts|Governmental Organizations|Legacy Depositors|Research and Development,,212.41,0.0,117,7.8,15,0,0,10,212.250397,212.250397,0,1,0,2,0,2,0,0,0,0,2,2,1,20120820
70374482,"4,4,5,5-Tetramethylundecane",,C15H32,"InChI=1S/C15H32/c1-7-9-10-11-13-15(5,6)14(3,4)12-8-2/h7-13H2,1-6H3",CCCCCCC(C)(C)C(C)(C)CCC,YSOLXULKRHZHTC-UHFFFAOYSA-N,"4,4,5,5-tetramethylundecane",,Patents,,IBM|SureChEMBL,Curation Efforts|Research and Development,,212.41,0.0,153,7.5,15,0,0,8,212.250397,212.250397,0,1,0,0,0,0,0,0,0,0,1,1,1,20121201
71348022,"2,4,10-Trimethyldodecane","189380-74-3|2,4,10-TRIMETHYLDODECANE|DTXSID50773934",C15H32,"InChI=1S/C15H32/c1-6-14(4)10-8-7-9-11-15(5)12-13(2)3/h13-15H,6-12H2,1-5H3",CCC(C)CCCCCC(C)CC(C)C,UEPNVRUJSYXOJZ-UHFFFAOYSA-N,"2,4,10-trimethyldodecane",,Patents,,"ChemTik|CymitQuimica|EPA DSSTox|Google Patents|IBM|J&H Chemical Co.,ltd|RR Scientific",Chemical Vendors|Curation Efforts|Governmental Organizations|Legacy Depositors|Research and Development,,212.41,0.0,126,7.5,15,0,0,9,212.250397,212.250397,0,1,0,2,0,2,0,0,0,0,3,2,1,20130522
76793806,"2,3,11-Trimethyldodecane",,C15H32,"InChI=1S/C15H32/c1-13(2)11-9-7-6-8-10-12-15(5)14(3)4/h13-15H,6-12H2,1-5H3",CC(C)CCCCCCCC(C)C(C)C,JRUPZHAWYUEHRB-UHFFFAOYSA-N,"2,3,11-trimethyldodecane",,Patents,,IBM,Research and Development,,212.41,0.0,124,7.5,15,0,0,9,212.250397,212.250397,0,1,0,1,0,1,0,0,0,0,1,1,1,20140806
85799677,"2,10-Dimethyltridecane",SCHEMBL7976402,C15H32,"InChI=1S/C15H32/c1-5-11-15(4)13-10-8-6-7-9-12-14(2)3/h14-15H,5-13H2,1-4H3",CCCC(C)CCCCCCCC(C)C,WWUFVQJJMDZASQ-UHFFFAOYSA-N,"2,10-dimethyltridecane",,Patents,,IBM|SureChEMBL,Curation Efforts|Research and Development,,212.41,0.0,115,7.8,15,0,0,10,212.250397,212.250397,0,1,0,1,0,1,0,0,0,0,6,6,1,20141103
85799679,"2,9-Dimethyltridecane",,C15H32,"InChI=1S/C15H32/c1-5-6-12-15(4)13-10-8-7-9-11-14(2)3/h14-15H,5-13H2,1-4H3",CCCCC(C)CCCCCCC(C)C,VXEFEDSRAZZXGE-UHFFFAOYSA-N,"2,9-dimethyltridecane",,Patents,,IBM,Research and Development,,212.41,0.0,115,7.8,15,0,0,10,212.250397,212.250397,0,1,0,1,0,1,0,0,0,0,4,4,1,20141103
85799684,"3,10-Dimethyltridecane",SCHEMBL5084184|SCHEMBL19534937|SCHEMBL28089843,C15H32,"InChI=1S/C15H32/c1-5-11-15(4)13-10-8-7-9-12-14(3)6-2/h14-15H,5-13H2,1-4H3",CCCC(C)CCCCCCC(C)CC,ZJEBEEJIGSIOIT-UHFFFAOYSA-N,"3,10-dimethyltridecane",,Patents,,Google Patents|IBM|SureChEMBL,Curation Efforts|Research and Development,,212.41,0.0,117,7.8,15,0,0,10,212.250397,212.250397,0,1,0,2,0,2,0,0,0,0,14,12,1,20141103
85799689,"4,9-Dimethyltridecane",SCHEMBL32675971,C15H32,"InChI=1S/C15H32/c1-5-7-11-15(4)13-9-8-12-14(3)10-6-2/h14-15H,5-13H2,1-4H3",CCCCC(C)CCCCC(C)CCC,MEVWCIGFJMVYSF-UHFFFAOYSA-N,"4,9-dimethyltridecane",,Patents,,IBM|PATENTSCOPE (WIPO)|SureChEMBL,Curation Efforts|Governmental Organizations|Research and Development,,212.41,0.0,117,7.8,15,0,0,10,212.250397,212.250397,0,1,0,2,0,2,0,0,0,0,1,1,1,20141103
85799691,"4,7-Dimethyltridecane",,C15H32,"InChI=1S/C15H32/c1-5-7-8-9-11-15(4)13-12-14(3)10-6-2/h14-15H,5-13H2,1-4H3",CCCCCCC(C)CCC(C)CCC,GFMANMUTWXLGSI-UHFFFAOYSA-N,"4,7-dimethyltridecane",,Patents,,IBM|PATENTSCOPE (WIPO),Governmental Organizations|Research and Development,,212.41,0.0,117,7.8,15,0,0,10,212.250397,212.250397,0,1,0,2,0,2,0,0,0,0,2,1,1,20141103
85882006,"3-Tert-butyl-3-ethyl-2,2,4,4-tetramethylpentane",,C15H32,"InChI=1S/C15H32/c1-11-15(12(2,3)4,13(5,6)7)14(8,9)10/h11H2,1-10H3",CCC(C(C)(C)C)(C(C)(C)C)C(C)(C)C,HTWMISPXVHBEGW-UHFFFAOYSA-N,"3-tert-butyl-3-ethyl-2,2,4,4-tetramethylpentane",,Patents,,Google Patents|PATENTSCOPE (WIPO),Governmental Organizations|Research and Development,,212.41,0.0,166,6.6,15,0,0,4,212.250397,212.250397,0,1,0,0,0,0,0,0,0,0,0,0,1,20141103
86018357,"2,2,4,4-Tetramethyl-3,3-di(propan-2-yl)pentane",,C15H32,"InChI=1S/C15H32/c1-11(2)15(12(3)4,13(5,6)7)14(8,9)10/h11-12H,1-10H3",CC(C)C(C(C)C)(C(C)(C)C)C(C)(C)C,TXHZJVGYIBWWKS-UHFFFAOYSA-N,"2,2,4,4-tetramethyl-3,3-di(propan-2-yl)pentane",,Patents,,Google Patents|PATENTSCOPE (WIPO),Governmental Organizations|Research and Development,,212.41,0.0,171,6.5,15,0,0,4,212.250397,212.250397,0,1,0,0,0,0,0,0,0,0,3,2,1,20141103
86164610,6-Methyl-6-propylundecane,SCHEMBL8060991,C15H32,"InChI=1S/C15H32/c1-5-8-10-13-15(4,12-7-3)14-11-9-6-2/h5-14H2,1-4H3",CCCCCC(C)(CCC)CCCCC,LLGRJUWHWXBDDT-UHFFFAOYSA-N,6-methyl-6-propylundecane,,Patents,,IBM|Japan Chemical Substance Dictionary (Nikkaji)|SureChEMBL,Curation Efforts|Governmental Organizations|Research and Development,,212.41,0.0,116,7.9,15,0,0,10,212.250397,212.250397,0,1,0,0,0,0,0,0,0,0,3,2,1,20141104
86190455,"2,2,4,6,8,8-Hexamethylnonane",,C15H32,"InChI=1S/C15H32/c1-12(10-14(3,4)5)9-13(2)11-15(6,7)8/h12-13H,9-11H2,1-8H3",CC(CC(C)CC(C)(C)C)CC(C)(C)C,YGZFYWLTAWWZCP-UHFFFAOYSA-N,"2,2,4,6,8,8-hexamethylnonane",,Patents,,IBM|PATENTSCOPE (WIPO),Governmental Organizations|Research and Development,,212.41,0.0,145,6.9,15,0,0,6,212.250397,212.250397,0,1,0,2,0,2,0,0,0,0,1,1,1,20141104
87930599,6-Methyl-6-propan-2-ylundecane,,C15H32,"InChI=1S/C15H32/c1-6-8-10-12-15(5,14(3)4)13-11-9-7-2/h14H,6-13H2,1-5H3",CCCCCC(C)(CCCCC)C(C)C,VVQFEYVTCNBOKG-UHFFFAOYSA-N,6-methyl-6-propan-2-ylundecane,,Patents,,IBM|SureChEMBL,Curation Efforts|Research and Development,,212.41,0.0,125,7.6,15,0,0,9,212.250397,212.250397,0,1,0,0,0,0,0,0,0,0,1,1,1,20150212
90691988,"Bis(cyclopentane);2,2-dimethylpropane",,C15H32,"InChI=1S/2C5H10.C5H12/c2*1-2-4-5-3-1;1-5(2,3)4/h2*1-5H2;1-4H3",CC(C)(C)C.C1CCCC1.C1CCCC1,KWCDMESUGQUVGL-UHFFFAOYSA-N,"bis(cyclopentane);2,2-dimethylpropane",,Patents,,Google Patents|IBM,Research and Development,,212.41,0.0,27,,15,0,0,0,212.250397,212.250397,0,3,0,0,0,0,0,0,0,0,8,4,1,20150316
90692302,"4-Ethyl-2,3,3,4,5,6-hexamethylheptane",,C15H32,"InChI=1S/C15H32/c1-10-15(9,13(6)11(2)3)14(7,8)12(4)5/h11-13H,10H2,1-9H3",CCC(C)(C(C)C(C)C)C(C)(C)C(C)C,JYQGWVPQTZEFIH-UHFFFAOYSA-N,"4-ethyl-2,3,3,4,5,6-hexamethylheptane",,Patents,,IBM,Research and Development,,212.41,0.0,188,6.6,15,0,0,5,212.250397,212.250397,0,1,0,2,0,2,0,0,0,0,1,1,1,20150316
90700980,"4-Ethyl-2,5,5,6,6-pentamethyloctane",,C15H32,"InChI=1S/C15H32/c1-9-13(11-12(3)4)15(7,8)14(5,6)10-2/h12-13H,9-11H2,1-8H3",CCC(CC(C)C)C(C)(C)C(C)(C)CC,ILPKRLLWXHWMDO-UHFFFAOYSA-N,"4-ethyl-2,5,5,6,6-pentamethyloctane",,Patents,,IBM,Research and Development,,212.41,0.0,174,6.9,15,0,0,6,212.250397,212.250397,0,1,0,1,0,1,0,0,0,0,1,1,1,20150316
90706225,"2,3,4,9-Tetramethylundecane",,C15H32,"InChI=1S/C15H32/c1-7-13(4)10-8-9-11-14(5)15(6)12(2)3/h12-15H,7-11H2,1-6H3",CCC(C)CCCCC(C)C(C)C(C)C,LPQMUPYPXOWLHN-UHFFFAOYSA-N,"2,3,4,9-tetramethylundecane",,Patents,,IBM,Research and Development,,212.41,0.0,137,7.2,15,0,0,8,212.250397,212.250397,0,1,0,3,0,3,0,0,0,0,1,1,1,20150316
90712847,"2,4,7-Trimethyldodecane",SCHEMBL28031697,C15H32,"InChI=1S/C15H32/c1-6-7-8-9-14(4)10-11-15(5)12-13(2)3/h13-15H,6-12H2,1-5H3",CCCCCC(C)CCC(C)CC(C)C,BOTCILHYUUAHOY-UHFFFAOYSA-N,"2,4,7-trimethyldodecane",,Patents,,IBM|SureChEMBL,Curation Efforts|Research and Development,,212.41,0.0,126,7.5,15,0,0,9,212.250397,212.250397,0,1,0,2,0,2,0,0,0,0,3,3,1,20150316
90712851,"4,5-Diethyl-4,5-dimethylnonane",,C15H32,"InChI=1S/C15H32/c1-7-11-13-15(6,10-4)14(5,9-3)12-8-2/h7-13H2,1-6H3",CCCCC(C)(CC)C(C)(CC)CCC,XBTQWRRULSPDBU-UHFFFAOYSA-N,"4,5-diethyl-4,5-dimethylnonane",,Patents,,IBM,Research and Development,,212.41,0.0,161,7.5,15,0,0,8,212.250397,212.250397,0,1,0,2,0,2,0,0,0,0,1,1,1,20150316
90714582,6-Tert-butylundecane,SCHEMBL1929977,C15H32,"InChI=1S/C15H32/c1-6-8-10-12-14(15(3,4)5)13-11-9-7-2/h14H,6-13H2,1-5H3",CCCCCC(CCCCC)C(C)(C)C,CBGGBFXGMGERBP-UHFFFAOYSA-N,6-tert-butylundecane,,Patents,,Google Patents|IBM|PATENTSCOPE (WIPO)|SureChEMBL,Curation Efforts|Governmental Organizations|Research and Development,,212.41,0.0,119,7.6,15,0,0,9,212.250397,212.250397,0,1,0,0,0,0,0,0,0,0,8,5,1,20150316
90718379,"3,6,6,8-Tetramethylundecane",,C15H32,"InChI=1S/C15H32/c1-7-9-14(4)12-15(5,6)11-10-13(3)8-2/h13-14H,7-12H2,1-6H3",CCCC(C)CC(C)(C)CCC(C)CC,WXMHQXGXDWDESK-UHFFFAOYSA-N,"3,6,6,8-tetramethylundecane",,Patents,,IBM,Research and Development,,212.41,0.0,146,7.3,15,0,0,8,212.250397,212.250397,0,1,0,2,0,2,0,0,0,0,1,1,1,20150316
90721596,"3,3,4,6,7,7-Hexamethylnonane",,C15H32,"InChI=1S/C15H32/c1-9-14(5,6)12(3)11-13(4)15(7,8)10-2/h12-13H,9-11H2,1-8H3",CCC(C)(C)C(C)CC(C)C(C)(C)CC,ALFDAZHIBDUXEC-UHFFFAOYSA-N,"3,3,4,6,7,7-hexamethylnonane",,Patents,,IBM,Research and Development,,212.41,0.0,156,6.9,15,0,0,6,212.250397,212.250397,0,1,0,2,0,2,0,0,0,0,1,1,1,20150316
90726499,"2,5-Dimethyl-4-propan-2-yldecane",,C15H32,"InChI=1S/C15H32/c1-7-8-9-10-14(6)15(13(4)5)11-12(2)3/h12-15H,7-11H2,1-6H3",CCCCCC(C)C(CC(C)C)C(C)C,ADVRZNLPQKHEKS-UHFFFAOYSA-N,"2,5-dimethyl-4-propan-2-yldecane",,Patents,,IBM,Research and Development,,212.41,0.0,135,7.2,15,0,0,8,212.250397,212.250397,0,1,0,2,0,2,0,0,0,0,1,1,1,20150316
90730025,"6-Ethyl-2,3,8-trimethyldecane",,C15H32,"InChI=1S/C15H32/c1-7-13(5)11-15(8-2)10-9-14(6)12(3)4/h12-15H,7-11H2,1-6H3",CCC(C)CC(CC)CCC(C)C(C)C,SXJQUYJLBYHMOI-UHFFFAOYSA-N,"6-ethyl-2,3,8-trimethyldecane",,Patents,,IBM,Research and Development,,212.41,0.0,137,7.2,15,0,0,8,212.250397,212.250397,0,1,0,3,0,3,0,0,0,0,2,2,1,20150316
90738581,4-Methyl-4-propylundecane,SCHEMBL28075094,C15H32,"InChI=1S/C15H32/c1-5-8-9-10-11-14-15(4,12-6-2)13-7-3/h5-14H2,1-4H3",CCCCCCCC(C)(CCC)CCC,YWADOYQEFQAWBS-UHFFFAOYSA-N,4-methyl-4-propylundecane,,Patents,,IBM|SureChEMBL,Curation Efforts|Research and Development,,212.41,0.0,120,7.9,15,0,0,10,212.250397,212.250397,0,1,0,0,0,0,0,0,0,0,10,8,1,20150316
90739461,"4-Ethyl-3,7,8-trimethyldecane",,C15H32,"InChI=1S/C15H32/c1-7-12(4)14(6)10-11-15(9-3)13(5)8-2/h12-15H,7-11H2,1-6H3",CCC(C)C(C)CCC(CC)C(C)CC,SAVZSVJEDHONHX-UHFFFAOYSA-N,"4-ethyl-3,7,8-trimethyldecane",,Patents,,IBM,Research and Development,,212.41,0.0,139,7.2,15,0,0,8,212.250397,212.250397,0,1,0,4,0,4,0,0,0,0,3,3,1,20150316
90741100,"3,5,6,8-Tetramethylundecane",,C15H32,"InChI=1S/C15H32/c1-7-9-13(4)11-15(6)14(5)10-12(3)8-2/h12-15H,7-11H2,1-6H3",CCCC(C)CC(C)C(C)CC(C)CC,ZSESWCDKSUYURH-UHFFFAOYSA-N,"3,5,6,8-tetramethylundecane",,Patents,,IBM,Research and Development,,212.41,0.0,139,7.2,15,0,0,8,212.250397,212.250397,0,1,0,4,0,4,0,0,0,0,3,3,1,20150316
90747295,"Ethane;2-methyl-1,2,3,4,4a,5,6,7,8,8a-decahydronaphthalene",,C15H32,"InChI=1S/C11H20.2C2H6/c1-9-6-7-10-4-2-3-5-11(10)8-9;2*1-2/h9-11H,2-8H2,1H3;2*1-2H3",CC.CC.CC1CCC2CCCCC2C1,YLFYKGIVDBSNML-UHFFFAOYSA-N,"ethane;2-methyl-1,2,3,4,4a,5,6,7,8,8a-decahydronaphthalene",,Patents,,IBM|PATENTSCOPE (WIPO),Governmental Organizations|Research and Development,,212.41,0.0,128,,15,0,0,0,212.250397,212.250397,0,3,0,3,0,3,0,0,0,0,7,3,1,20150316
90750710,3-Ethyl-5-methyl-4-propylnonane,,C15H32,"InChI=1S/C15H32/c1-6-10-12-13(5)15(11-7-2)14(8-3)9-4/h13-15H,6-12H2,1-5H3",CCCCC(C)C(CCC)C(CC)CC,MHNAXJVYNJYGOQ-UHFFFAOYSA-N,3-ethyl-5-methyl-4-propylnonane,,Patents,,IBM,Research and Development,,212.41,0.0,124,7.5,15,0,0,9,212.250397,212.250397,0,1,0,2,0,2,0,0,0,0,1,1,1,20150316
90750745,"2,3,5,10-Tetramethylundecane",,C15H32,"InChI=1S/C15H32/c1-12(2)9-7-8-10-14(5)11-15(6)13(3)4/h12-15H,7-11H2,1-6H3",CC(C)CCCCC(C)CC(C)C(C)C,IOCWQVYLIROWBH-UHFFFAOYSA-N,"2,3,5,10-tetramethylundecane",,Patents,,IBM,Research and Development,,212.41,0.0,135,7.2,15,0,0,8,212.250397,212.250397,0,1,0,2,0,2,0,0,0,0,1,1,1,20150316
90752639,"5-Butan-2-yl-4,6-dimethylnonane",,C15H32,"InChI=1S/C15H32/c1-7-10-13(5)15(12(4)9-3)14(6)11-8-2/h12-15H,7-11H2,1-6H3",CCCC(C)C(C(C)CC)C(C)CCC,UIKVGBYWHFTUDI-UHFFFAOYSA-N,"5-butan-2-yl-4,6-dimethylnonane",,Patents,,IBM,Research and Development,,212.41,0.0,127,7.2,15,0,0,8,212.250397,212.250397,0,1,0,3,0,3,0,0,0,0,1,1,1,20150316
90753080,"4-Tert-butyl-3-ethyl-4,5-dimethylheptane",,C15H32,"InChI=1S/C15H32/c1-9-12(4)15(8,14(5,6)7)13(10-2)11-3/h12-13H,9-11H2,1-8H3",CCC(C)C(C)(C(CC)CC)C(C)(C)C,BLBPTKLHYUOFFD-UHFFFAOYSA-N,"4-tert-butyl-3-ethyl-4,5-dimethylheptane",,Patents,,IBM,Research and Development,,212.41,0.0,171,6.9,15,0,0,6,212.250397,212.250397,0,1,0,2,0,2,0,0,0,0,1,1,1,20150316
90760121,"5-Butyl-3,7-dimethylnonane",SCHEMBL4652951,C15H32,"InChI=1S/C15H32/c1-6-9-10-15(11-13(4)7-2)12-14(5)8-3/h13-15H,6-12H2,1-5H3",CCCCC(CC(C)CC)CC(C)CC,QMIXAEAXNHYHDT-UHFFFAOYSA-N,"5-butyl-3,7-dimethylnonane",,Patents,,IBM|SureChEMBL,Curation Efforts|Research and Development,,212.41,0.0,116,7.5,15,0,0,9,212.250397,212.250397,0,1,0,2,0,2,0,0,0,0,2,1,1,20150316
90760700,"2,6,7-Trimethyl-3-propan-2-ylnonane",,C15H32,"InChI=1S/C15H32/c1-8-13(6)14(7)9-10-15(11(2)3)12(4)5/h11-15H,8-10H2,1-7H3",CCC(C)C(C)CCC(C(C)C)C(C)C,VEHGXYCXCXVBQG-UHFFFAOYSA-N,"2,6,7-trimethyl-3-propan-2-ylnonane",,Patents,,IBM,Research and Development,,212.41,0.0,138,6.9,15,0,0,7,212.250397,212.250397,0,1,0,2,0,2,0,0,0,0,3,3,1,20150316
90762978,"4-Ethyl-3,4,6,7-tetramethylnonane",,C15H32,"InChI=1S/C15H32/c1-8-12(4)13(5)11-15(7,10-3)14(6)9-2/h12-14H,8-11H2,1-7H3",CCC(C)C(C)CC(C)(CC)C(C)CC,MASBTICHMKOAGY-UHFFFAOYSA-N,"4-ethyl-3,4,6,7-tetramethylnonane",,Patents,,IBM,Research and Development,,212.41,0.0,161,7.0,15,0,0,7,212.250397,212.250397,0,1,0,4,0,4,0,0,0,0,1,1,1,20150316
90769083,"3,3,7,8-Tetramethylundecane",,C15H32,"InChI=1S/C15H32/c1-7-10-13(3)14(4)11-9-12-15(5,6)8-2/h13-14H,7-12H2,1-6H3",CCCC(C)C(C)CCCC(C)(C)CC,GOPSEQVNDLBTHK-UHFFFAOYSA-N,"3,3,7,8-tetramethylundecane",,Patents,,IBM,Research and Development,,212.41,0.0,146,7.3,15,0,0,8,212.250397,212.250397,0,1,0,2,0,2,0,0,0,0,2,2,1,20150316
90774853,"3-Ethyl-2,7,8-trimethyldecane",,C15H32,"InChI=1S/C15H32/c1-7-13(5)14(6)10-9-11-15(8-2)12(3)4/h12-15H,7-11H2,1-6H3",CCC(C)C(C)CCCC(CC)C(C)C,QXOYCAMSQWJLPR-UHFFFAOYSA-N,"3-ethyl-2,7,8-trimethyldecane",,Patents,,IBM,Research and Development,,212.41,0.0,137,7.2,15,0,0,8,212.250397,212.250397,0,1,0,3,0,3,0,0,0,0,1,1,1,20150316
90776625,"3,3-Diethyl-5-propan-2-yloctane",,C15H32,"InChI=1S/C15H32/c1-7-11-14(13(5)6)12-15(8-2,9-3)10-4/h13-14H,7-12H2,1-6H3",CCCC(CC(CC)(CC)CC)C(C)C,PSCMMXMQXRZZNH-UHFFFAOYSA-N,"3,3-diethyl-5-propan-2-yloctane",,Patents,,IBM,Research and Development,,212.41,0.0,134,7.3,15,0,0,8,212.250397,212.250397,0,1,0,1,0,1,0,0,0,0,1,1,1,20150316
90778767,"3,4-Diethyl-3,4,5-trimethyloctane",,C15H32,"InChI=1S/C15H32/c1-8-12-13(5)15(7,11-4)14(6,9-2)10-3/h13H,8-12H2,1-7H3",CCCC(C)C(C)(CC)C(C)(CC)CC,WWBSLQMWSKHSGE-UHFFFAOYSA-N,"3,4-diethyl-3,4,5-trimethyloctane",,Patents,,IBM,Research and Development,,212.41,0.0,167,7.2,15,0,0,7,212.250397,212.250397,0,1,0,2,0,2,0,0,0,0,1,1,1,20150316
90779108,"5,6-Diethyl-4,4-dimethylnonane",,C15H32,"InChI=1S/C15H32/c1-7-11-13(9-3)14(10-4)15(5,6)12-8-2/h13-14H,7-12H2,1-6H3",CCCC(CC)C(CC)C(C)(C)CCC,VBWCOSBXIAVUQQ-UHFFFAOYSA-N,"5,6-diethyl-4,4-dimethylnonane",,Patents,,IBM,Research and Development,,212.41,0.0,146,7.3,15,0,0,8,212.250397,212.250397,0,1,0,2,0,2,0,0,0,0,1,1,1,20150316
90782164,"4-Butan-2-yl-2,8-dimethylnonane",,C15H32,"InChI=1S/C15H32/c1-7-14(6)15(11-13(4)5)10-8-9-12(2)3/h12-15H,7-11H2,1-6H3",CCC(C)C(CCCC(C)C)CC(C)C,RWNYBTOSZYVBPR-UHFFFAOYSA-N,"4-butan-2-yl-2,8-dimethylnonane",,Patents,,IBM,Research and Development,,212.41,0.0,135,7.2,15,0,0,8,212.250397,212.250397,0,1,0,2,0,2,0,0,0,0,1,1,1,20150316
90787027,"3,4,7-Trimethyl-5-propylnonane",,C15H32,"InChI=1S/C15H32/c1-7-10-15(11-12(4)8-2)14(6)13(5)9-3/h12-15H,7-11H2,1-6H3",CCCC(CC(C)CC)C(C)C(C)CC,OVUXXEZHDHCHIT-UHFFFAOYSA-N,"3,4,7-trimethyl-5-propylnonane",,Patents,,IBM,Research and Development,,212.41,0.0,139,7.2,15,0,0,8,212.250397,212.250397,0,1,0,4,0,4,0,0,0,0,1,1,1,20150316
90797814,"2,3-Dimethyl-3-propan-2-yl-4-propylheptane",,C15H32,"InChI=1S/C15H32/c1-8-10-14(11-9-2)15(7,12(3)4)13(5)6/h12-14H,8-11H2,1-7H3",CCCC(CCC)C(C)(C(C)C)C(C)C,CXJZSOSTMDDFIG-UHFFFAOYSA-N,"2,3-dimethyl-3-propan-2-yl-4-propylheptane",,Patents,,IBM,Research and Development,,212.41,0.0,141,7.0,15,0,0,7,212.250397,212.250397,0,1,0,0,0,0,0,0,0,0,1,1,1,20150316
90801285,"6-Ethyl-3,3-dimethylundecane",,C15H32,"InChI=1S/C15H32/c1-6-9-10-11-14(7-2)12-13-15(4,5)8-3/h14H,6-13H2,1-5H3",CCCCCC(CC)CCC(C)(C)CC,PIZFDHXTDHHQOG-UHFFFAOYSA-N,"6-ethyl-3,3-dimethylundecane",,Patents,,IBM,Research and Development,,212.41,0.0,135,7.6,15,0,0,9,212.250397,212.250397,0,1,0,1,0,1,0,0,0,0,1,1,1,20150316
90805799,"2,4,6,7-Tetramethyl-3-propan-2-yloctane",,C15H32,"InChI=1S/C15H32/c1-10(2)13(7)9-14(8)15(11(3)4)12(5)6/h10-15H,9H2,1-8H3",CC(C)C(C)CC(C)C(C(C)C)C(C)C,FVRJOFOQGYMSMA-UHFFFAOYSA-N,"2,4,6,7-tetramethyl-3-propan-2-yloctane",,Patents,,IBM,Research and Development,,212.41,0.0,147,6.6,15,0,0,6,212.250397,212.250397,0,1,0,2,0,2,0,0,0,0,2,2,1,20150316
90806774,4-Butan-2-yl-3-methyldecane,,C15H32,"InChI=1S/C15H32/c1-6-9-10-11-12-15(13(4)7-2)14(5)8-3/h13-15H,6-12H2,1-5H3",CCCCCCC(C(C)CC)C(C)CC,WDCKKRAECPPLFD-UHFFFAOYSA-N,4-butan-2-yl-3-methyldecane,,Patents,,IBM,Research and Development,,212.41,0.0,118,7.5,15,0,0,9,212.250397,212.250397,0,1,0,2,0,2,0,0,0,0,1,1,1,20150316
90811278,"5-Ethyl-2,3,4,6-tetramethylnonane",,C15H32,"InChI=1S/C15H32/c1-8-10-12(5)15(9-2)14(7)13(6)11(3)4/h11-15H,8-10H2,1-7H3",CCCC(C)C(CC)C(C)C(C)C(C)C,WTMVBZUFIXUHFL-UHFFFAOYSA-N,"5-ethyl-2,3,4,6-tetramethylnonane",,Patents,,IBM,Research and Development,,212.41,0.0,148,6.9,15,0,0,7,212.250397,212.250397,0,1,0,4,0,4,0,0,0,0,2,2,1,20150316
90812274,"7-Ethyl-2,8,8-trimethyldecane",,C15H32,"InChI=1S/C15H32/c1-7-14(15(5,6)8-2)12-10-9-11-13(3)4/h13-14H,7-12H2,1-6H3",CCC(CCCCC(C)C)C(C)(C)CC,KVRDJRFBJHJWHO-UHFFFAOYSA-N,"7-ethyl-2,8,8-trimethyldecane",,Patents,,IBM,Research and Development,,212.41,0.0,144,7.3,15,0,0,8,212.250397,212.250397,0,1,0,1,0,1,0,0,0,0,1,1,1,20150316
90813779,"8-Ethyl-2,7,8-trimethyldecane",,C15H32,"InChI=1S/C15H32/c1-7-15(6,8-2)14(5)12-10-9-11-13(3)4/h13-14H,7-12H2,1-6H3",CCC(C)(CC)C(C)CCCCC(C)C,MHVKXBNDOFEQJC-UHFFFAOYSA-N,"8-ethyl-2,7,8-trimethyldecane",,Patents,,IBM,Research and Development,,212.41,0.0,142,7.3,15,0,0,8,212.250397,212.250397,0,1,0,1,0,1,0,0,0,0,1,1,1,20150316
90815657,"2,2,3,3,4,5,5,6-Octamethylheptane",,C15H32,"InChI=1S/C15H32/c1-11(2)14(7,8)12(3)15(9,10)13(4,5)6/h11-12H,1-10H3",CC(C)C(C)(C)C(C)C(C)(C)C(C)(C)C,QLDUMRRBQLBNCN-UHFFFAOYSA-N,"2,2,3,3,4,5,5,6-octamethylheptane",,Patents,,IBM,Research and Development,,212.41,0.0,201,6.5,15,0,0,4,212.250397,212.250397,0,1,0,1,0,1,0,0,0,0,2,2,1,20150316
90839413,"3-Ethyl-2,5,6-trimethyldecane",,C15H32,"InChI=1S/C15H32/c1-7-9-10-13(5)14(6)11-15(8-2)12(3)4/h12-15H,7-11H2,1-6H3",CCCCC(C)C(C)CC(CC)C(C)C,GPHWRENVXYAJHA-UHFFFAOYSA-N,"3-ethyl-2,5,6-trimethyldecane",,Patents,,IBM,Research and Development,,212.41,0.0,137,7.2,15,0,0,8,212.250397,212.250397,0,1,0,3,0,3,0,0,0,0,2,2,1,20150316
90840640,"5,7-Dimethyltridecane",SCHEMBL1874459|SCHEMBL4269500,C15H32,"InChI=1S/C15H32/c1-5-7-9-10-12-15(4)13-14(3)11-8-6-2/h14-15H,5-13H2,1-4H3",CCCCCCC(C)CC(C)CCCC,OYQWBPSZVJLPQX-UHFFFAOYSA-N,"5,7-dimethyltridecane",,Patents,,IBM|SureChEMBL,Curation Efforts|Research and Development,,212.41,0.0,117,7.8,15,0,0,10,212.250397,212.250397,0,1,0,2,0,2,0,0,0,0,20,6,1,20150316
90847643,"3-Ethyl-2,4,5,6,7-pentamethyloctane",,C15H32,"InChI=1S/C15H32/c1-9-15(11(4)5)14(8)13(7)12(6)10(2)3/h10-15H,9H2,1-8H3",CCC(C(C)C)C(C)C(C)C(C)C(C)C,YCJVLLIRLOKYRK-UHFFFAOYSA-N,"3-ethyl-2,4,5,6,7-pentamethyloctane",,Patents,,IBM,Research and Development,,212.41,0.0,157,6.6,15,0,0,6,212.250397,212.250397,0,1,0,4,0,4,0,0,0,0,4,4,1,20150316
90850191,"2,3,3,5,5,6,7-Heptamethyloctane",,C15H32,"InChI=1S/C15H32/c1-11(2)13(5)15(8,9)10-14(6,7)12(3)4/h11-13H,10H2,1-9H3",CC(C)C(C)C(C)(C)CC(C)(C)C(C)C,HTSOYRCNQSGMML-UHFFFAOYSA-N,"2,3,3,5,5,6,7-heptamethyloctane",,Patents,,IBM,Research and Development,,212.41,0.0,184,6.6,15,0,0,5,212.250397,212.250397,0,1,0,1,0,1,0,0,0,0,2,2,1,20150316
90858808,"5,6-Diethyl-2,7-dimethylnonane",,C15H32,"InChI=1S/C15H32/c1-7-13(6)15(9-3)14(8-2)11-10-12(4)5/h12-15H,7-11H2,1-6H3",CCC(C)C(CC)C(CC)CCC(C)C,OHFAXZONICOQEM-UHFFFAOYSA-N,"5,6-diethyl-2,7-dimethylnonane",,Patents,,IBM,Research and Development,,212.41,0.0,137,7.2,15,0,0,8,212.250397,212.250397,0,1,0,3,0,3,0,0,0,0,1,1,1,20150316
90871190,"2,3,9-Trimethyldodecane",,C15H32,"InChI=1S/C15H32/c1-6-10-14(4)11-8-7-9-12-15(5)13(2)3/h13-15H,6-12H2,1-5H3",CCCC(C)CCCCCC(C)C(C)C,FRDVIMNKRRFSTN-UHFFFAOYSA-N,"2,3,9-trimethyldodecane",,Patents,,IBM,Research and Development,,212.41,0.0,126,7.5,15,0,0,9,212.250397,212.250397,0,1,0,2,0,2,0,0,0,0,2,2,1,20150316
90872266,"2,4,5,6-Tetramethyl-3-propan-2-yloctane",,C15H32,"InChI=1S/C15H32/c1-9-12(6)13(7)14(8)15(10(2)3)11(4)5/h10-15H,9H2,1-8H3",CCC(C)C(C)C(C)C(C(C)C)C(C)C,WTCIGSZXTFSPCO-UHFFFAOYSA-N,"2,4,5,6-tetramethyl-3-propan-2-yloctane",,Patents,,IBM,Research and Development,,212.41,0.0,149,6.6,15,0,0,6,212.250397,212.250397,0,1,0,3,0,3,0,0,0,0,2,2,1,20150316
90883873,"2,3,3,5,5-Pentamethyl-4-propylheptane",,C15H32,"InChI=1S/C15H32/c1-9-11-13(14(5,6)10-2)15(7,8)12(3)4/h12-13H,9-11H2,1-8H3",CCCC(C(C)(C)CC)C(C)(C)C(C)C,PEWVLFYRXHFWHX-UHFFFAOYSA-N,"2,3,3,5,5-pentamethyl-4-propylheptane",,Patents,,IBM,Research and Development,,212.41,0.0,174,6.9,15,0,0,6,212.250397,212.250397,0,1,0,1,0,1,0,0,0,0,1,1,1,20150316
90886158,"5-Ethyl-2,3,4-trimethyl-3-propan-2-ylheptane",,C15H32,"InChI=1S/C15H32/c1-9-14(10-2)13(7)15(8,11(3)4)12(5)6/h11-14H,9-10H2,1-8H3",CCC(CC)C(C)C(C)(C(C)C)C(C)C,FJORIBWNRUDWBB-UHFFFAOYSA-N,"5-ethyl-2,3,4-trimethyl-3-propan-2-ylheptane",,Patents,,IBM,Research and Development,,212.41,0.0,155,6.7,15,0,0,6,212.250397,212.250397,0,1,0,1,0,1,0,0,0,0,1,1,1,20150316
90892658,"2,5,8-Trimethyldodecane",SCHEMBL102836,C15H32,"InChI=1S/C15H32/c1-6-7-8-14(4)11-12-15(5)10-9-13(2)3/h13-15H,6-12H2,1-5H3",CCCCC(C)CCC(C)CCC(C)C,ZNUFWWGASVQLGL-UHFFFAOYSA-N,"2,5,8-trimethyldodecane",,Patents,,IBM|SureChEMBL,Curation Efforts|Research and Development,,212.41,0.0,126,7.5,15,0,0,9,212.250397,212.250397,0,1,0,2,0,2,0,0,0,0,7,5,1,20150316
90893388,5-Methyl-5-pentan-3-ylnonane,,C15H32,"InChI=1S/C15H32/c1-6-10-12-15(5,13-11-7-2)14(8-3)9-4/h14H,6-13H2,1-5H3",CCCCC(C)(CCCC)C(CC)CC,HPVBTPHXOFDXCL-UHFFFAOYSA-N,5-methyl-5-pentan-3-ylnonane,,Patents,,Google Patents|IBM,Research and Development,,212.41,0.0,125,7.6,15,0,0,9,212.250397,212.250397,0,1,0,0,0,0,0,0,0,0,1,1,1,20150316
90902026,"2,3,4-Trimethyl-5-propan-2-ylnonane",,C15H32,"InChI=1S/C15H32/c1-8-9-10-15(12(4)5)14(7)13(6)11(2)3/h11-15H,8-10H2,1-7H3",CCCCC(C(C)C)C(C)C(C)C(C)C,CWOVMNFAXCHWLI-UHFFFAOYSA-N,"2,3,4-trimethyl-5-propan-2-ylnonane",,Patents,,IBM,Research and Development,,212.41,0.0,146,6.9,15,0,0,7,212.250397,212.250397,0,1,0,3,0,3,0,0,0,0,4,4,1,20150316
90902688,"3-Ethyl-3,6,6-trimethyldecane",,C15H32,"InChI=1S/C15H32/c1-7-10-11-14(4,5)12-13-15(6,8-2)9-3/h7-13H2,1-6H3",CCCCC(C)(C)CCC(C)(CC)CC,LELBKRMXHNQNDR-UHFFFAOYSA-N,"3-ethyl-3,6,6-trimethyldecane",,Patents,,IBM,Research and Development,,212.41,0.0,151,7.5,15,0,0,8,212.250397,212.250397,0,1,0,0,0,0,0,0,0,0,1,1,1,20150317
90904225,"3,3,4-Trimethyldodecane",SCHEMBL28154756,C15H32,"InChI=1S/C15H32/c1-6-8-9-10-11-12-13-14(3)15(4,5)7-2/h14H,6-13H2,1-5H3",CCCCCCCCC(C)C(C)(C)CC,GXLSWVJZVHRSRT-UHFFFAOYSA-N,"3,3,4-trimethyldodecane",,Patents,,IBM|SureChEMBL,Curation Efforts|Research and Development,,212.41,0.0,135,7.6,15,0,0,9,212.250397,212.250397,0,1,0,1,0,1,0,0,0,0,4,3,1,20150317
90906931,"3,5,6,9-Tetramethylundecane",,C15H32,"InChI=1S/C15H32/c1-7-12(3)9-10-14(5)15(6)11-13(4)8-2/h12-15H,7-11H2,1-6H3",CCC(C)CCC(C)C(C)CC(C)CC,KMDMEZXWSPFCLZ-UHFFFAOYSA-N,"3,5,6,9-tetramethylundecane",,Patents,,IBM,Research and Development,,212.41,0.0,139,7.2,15,0,0,8,212.250397,212.250397,0,1,0,4,0,4,0,0,0,0,1,1,1,20150317
90919302,"4-Butan-2-yl-2,3-dimethylnonane",,C15H32,"InChI=1S/C15H32/c1-7-9-10-11-15(13(5)8-2)14(6)12(3)4/h12-15H,7-11H2,1-6H3",CCCCCC(C(C)CC)C(C)C(C)C,GWYXOGJJMSJMHT-UHFFFAOYSA-N,"4-butan-2-yl-2,3-dimethylnonane",,Patents,,IBM,Research and Development,,212.41,0.0,137,7.2,15,0,0,8,212.250397,212.250397,0,1,0,3,0,3,0,0,0,0,1,1,1,20150317
90926820,"3,4,5-Trimethyl-6-propan-2-ylnonane",,C15H32,"InChI=1S/C15H32/c1-8-10-15(11(3)4)14(7)13(6)12(5)9-2/h11-15H,8-10H2,1-7H3",CCCC(C(C)C)C(C)C(C)C(C)CC,CIZASHCKKOLPPU-UHFFFAOYSA-N,"3,4,5-trimethyl-6-propan-2-ylnonane",,Patents,,IBM,Research and Development,,212.41,0.0,148,6.9,15,0,0,7,212.250397,212.250397,0,1,0,4,0,4,0,0,0,0,1,1,1,20150317
90931226,"2,4,6-Trimethyl-4-propan-2-ylnonane",,C15H32,"InChI=1S/C15H32/c1-8-9-14(6)11-15(7,13(4)5)10-12(2)3/h12-14H,8-11H2,1-7H3",CCCC(C)CC(C)(CC(C)C)C(C)C,NRPALNXMYKCMMP-UHFFFAOYSA-N,"2,4,6-trimethyl-4-propan-2-ylnonane",,Patents,,IBM,Research and Development,,212.41,0.0,157,7.0,15,0,0,7,212.250397,212.250397,0,1,0,2,0,2,0,0,0,0,1,1,1,20150317
90935979,"7-Ethyl-2,2,8-trimethyldecane",,C15H32,"InChI=1S/C15H32/c1-7-13(3)14(8-2)11-9-10-12-15(4,5)6/h13-14H,7-12H2,1-6H3",CCC(C)C(CC)CCCCC(C)(C)C,VILJNTOILZZXDK-UHFFFAOYSA-N,"7-ethyl-2,2,8-trimethyldecane",,Patents,,IBM,Research and Development,,212.41,0.0,141,7.3,15,0,0,8,212.250397,212.250397,0,1,0,2,0,2,0,0,0,0,1,1,1,20150317
90949884,"5-Ethyl-2,2,6-trimethyl-3-propan-2-ylheptane",,C15H32,"InChI=1S/C15H32/c1-9-13(11(2)3)10-14(12(4)5)15(6,7)8/h11-14H,9-10H2,1-8H3",CCC(CC(C(C)C)C(C)(C)C)C(C)C,PAORRXQQPNBZRT-UHFFFAOYSA-N,"5-ethyl-2,2,6-trimethyl-3-propan-2-ylheptane",,Patents,,Google Patents|IBM|PATENTSCOPE (WIPO),Governmental Organizations|Research and Development,,212.41,0.0,159,6.7,15,0,0,6,212.250397,212.250397,0,1,0,2,0,2,0,0,0,0,2,2,1,20150317
90950372,"3,6-Dimethyl-6-propan-2-yldecane",,C15H32,"InChI=1S/C15H32/c1-7-9-11-15(6,13(3)4)12-10-14(5)8-2/h13-14H,7-12H2,1-6H3",CCCCC(C)(CCC(C)CC)C(C)C,DFKDUXPEGRUCJJ-UHFFFAOYSA-N,"3,6-dimethyl-6-propan-2-yldecane",,Patents,,IBM,Research and Development,,212.41,0.0,148,7.3,15,0,0,8,212.250397,212.250397,0,1,0,2,0,2,0,0,0,0,1,1,1,20150317
90951830,"2,3,3,5-Tetramethyl-4-(2-methylpropyl)heptane",,C15H32,"InChI=1S/C15H32/c1-9-13(6)14(10-11(2)3)15(7,8)12(4)5/h11-14H,9-10H2,1-8H3",CCC(C)C(CC(C)C)C(C)(C)C(C)C,FLZBACISDQAVEH-UHFFFAOYSA-N,"2,3,3,5-tetramethyl-4-(2-methylpropyl)heptane",,Patents,,IBM,Research and Development,,212.41,0.0,165,6.7,15,0,0,6,212.250397,212.250397,0,1,0,2,0,2,0,0,0,0,1,1,1,20150317
90958860,"3,6-Dimethyl-5-propyldecane",,C15H32,"InChI=1S/C15H32/c1-6-9-11-14(5)15(10-7-2)12-13(4)8-3/h13-15H,6-12H2,1-5H3",CCCCC(C)C(CCC)CC(C)CC,AYQFASCQFMZZSX-UHFFFAOYSA-N,"3,6-dimethyl-5-propyldecane",,Patents,,IBM,Research and Development,,212.41,0.0,128,7.5,15,0,0,9,212.250397,212.250397,0,1,0,3,0,3,0,0,0,0,1,1,1,20150317
90962836,"2,4,7,8-Tetramethylundecane",SCHEMBL2810515|SCHEMBL6513256,C15H32,"InChI=1S/C15H32/c1-7-8-14(5)15(6)10-9-13(4)11-12(2)3/h12-15H,7-11H2,1-6H3",CCCC(C)C(C)CCC(C)CC(C)C,CUAGOWRASHAXCL-UHFFFAOYSA-N,"2,4,7,8-tetramethylundecane",,Patents,,IBM|SureChEMBL,Curation Efforts|Research and Development,,212.41,0.0,137,7.2,15,0,0,8,212.250397,212.250397,0,1,0,3,0,3,0,0,0,0,5,3,1,20150317
90966997,"4-Butan-2-yl-2,3,3-trimethyloctane",SCHEMBL6881191,C15H32,"InChI=1S/C15H32/c1-8-10-11-14(13(5)9-2)15(6,7)12(3)4/h12-14H,8-11H2,1-7H3",CCCCC(C(C)CC)C(C)(C)C(C)C,CXMYRGZPLHLAHH-UHFFFAOYSA-N,"4-butan-2-yl-2,3,3-trimethyloctane",,Patents,,IBM|SureChEMBL,Curation Efforts|Research and Development,,212.41,0.0,155,7.0,15,0,0,7,212.250397,212.250397,0,1,0,2,0,2,0,0,0,0,1,1,1,20150317
90967267,5-Propan-2-yldodecane,,C15H32,"InChI=1S/C15H32/c1-5-7-9-10-11-13-15(14(3)4)12-8-6-2/h14-15H,5-13H2,1-4H3",CCCCCCCC(CCCC)C(C)C,HGOVAGBQFDFOST-UHFFFAOYSA-N,5-propan-2-yldodecane,,Patents,,IBM,Research and Development,,212.41,0.0,115,7.8,15,0,0,10,212.250397,212.250397,0,1,0,1,0,1,0,0,0,0,3,3,1,20150317
90969962,"3-Ethyl-6,8-dimethylundecane",,C15H32,"InChI=1S/C15H32/c1-6-9-13(4)12-14(5)10-11-15(7-2)8-3/h13-15H,6-12H2,1-5H3",CCCC(C)CC(C)CCC(CC)CC,PUIGRPVDSNQSRN-UHFFFAOYSA-N,"3-ethyl-6,8-dimethylundecane",,Patents,,IBM,Research and Development,,212.41,0.0,124,7.5,15,0,0,9,212.250397,212.250397,0,1,0,2,0,2,0,0,0,0,4,4,1,20150317
90972379,"4,7-Diethyl-2,4-dimethylnonane",,C15H32,"InChI=1S/C15H32/c1-7-14(8-2)10-11-15(6,9-3)12-13(4)5/h13-14H,7-12H2,1-6H3",CCC(CC)CCC(C)(CC)CC(C)C,TVIJTTXVEJHFDZ-UHFFFAOYSA-N,"4,7-diethyl-2,4-dimethylnonane",,Patents,,IBM,Research and Development,,212.41,0.0,144,7.3,15,0,0,8,212.250397,212.250397,0,1,0,1,0,1,0,0,0,0,1,1,1,20150317
90980352,"4,6-Diethyl-3,6-dimethylnonane",,C15H32,"InChI=1S/C15H32/c1-7-11-15(6,10-4)12-14(9-3)13(5)8-2/h13-14H,7-12H2,1-6H3",CCCC(C)(CC)CC(CC)C(C)CC,GJWBFHUYYWXPKG-UHFFFAOYSA-N,"4,6-diethyl-3,6-dimethylnonane",,Patents,,IBM,Research and Development,,212.41,0.0,150,7.3,15,0,0,8,212.250397,212.250397,0,1,0,3,0,3,0,0,0,0,1,1,1,20150317
90982203,"4,6-Dimethyl-5-(2-methylpropyl)nonane",,C15H32,"InChI=1S/C15H32/c1-7-9-13(5)15(11-12(3)4)14(6)10-8-2/h12-15H,7-11H2,1-6H3",CCCC(C)C(CC(C)C)C(C)CCC,FLSRBBBWRFUFHR-UHFFFAOYSA-N,"4,6-dimethyl-5-(2-methylpropyl)nonane",,Patents,,IBM,Research and Development,,212.41,0.0,125,7.2,15,0,0,8,212.250397,212.250397,0,1,0,2,0,2,0,0,0,0,2,1,1,20150317
90986352,"2,4,6,7-Tetramethylundecane",,C15H32,"InChI=1S/C15H32/c1-7-8-9-14(5)15(6)11-13(4)10-12(2)3/h12-15H,7-11H2,1-6H3",CCCCC(C)C(C)CC(C)CC(C)C,QNHNIKWKLPSGGH-UHFFFAOYSA-N,"2,4,6,7-tetramethylundecane",,Patents,,IBM,Research and Development,,212.41,0.0,137,7.2,15,0,0,8,212.250397,212.250397,0,1,0,3,0,3,0,0,0,0,1,1,1,20150317
90986402,"2,3,6,7,9-Pentamethyldecane",,C15H32,"InChI=1S/C15H32/c1-11(2)10-15(7)14(6)9-8-13(5)12(3)4/h11-15H,8-10H2,1-7H3",CC(C)CC(C)C(C)CCC(C)C(C)C,MFWPBLVLURHIQW-UHFFFAOYSA-N,"2,3,6,7,9-pentamethyldecane",,Patents,,IBM,Research and Development,,212.41,0.0,146,6.9,15,0,0,7,212.250397,212.250397,0,1,0,3,0,3,0,0,0,0,2,2,1,20150317
90986847,"4,4,5,6,7-Pentamethyldecane",,C15H32,"InChI=1S/C15H32/c1-8-10-12(3)13(4)14(5)15(6,7)11-9-2/h12-14H,8-11H2,1-7H3",CCCC(C)C(C)C(C)C(C)(C)CCC,ZLLTWFOHFFMCCY-UHFFFAOYSA-N,"4,4,5,6,7-pentamethyldecane",,Patents,,IBM,Research and Development,,212.41,0.0,157,7.0,15,0,0,7,212.250397,212.250397,0,1,0,3,0,3,0,0,0,0,1,1,1,20150317
91001327,4-Methyl-5-pentan-3-ylnonane,,C15H32,"InChI=1S/C15H32/c1-6-10-12-15(13(5)11-7-2)14(8-3)9-4/h13-15H,6-12H2,1-5H3",CCCCC(C(C)CCC)C(CC)CC,ZIKXWUHWFMEXRS-UHFFFAOYSA-N,4-methyl-5-pentan-3-ylnonane,,Patents,,IBM,Research and Development,,212.41,0.0,124,7.5,15,0,0,9,212.250397,212.250397,0,1,0,2,0,2,0,0,0,0,1,1,1,20150317
91002221,"6-Ethyl-2,3,5-trimethyldecane",,C15H32,"InChI=1S/C15H32/c1-7-9-10-15(8-2)14(6)11-13(5)12(3)4/h12-15H,7-11H2,1-6H3",CCCCC(CC)C(C)CC(C)C(C)C,VZHUUBNCSREUNI-UHFFFAOYSA-N,"6-ethyl-2,3,5-trimethyldecane",,Patents,,IBM,Research and Development,,212.41,0.0,137,7.2,15,0,0,8,212.250397,212.250397,0,1,0,3,0,3,0,0,0,0,1,1,1,20150317
91003845,5-Tert-butyl-3-ethyl-2-methyloctane,,C15H32,"InChI=1S/C15H32/c1-8-10-14(15(5,6)7)11-13(9-2)12(3)4/h12-14H,8-11H2,1-7H3",CCCC(CC(CC)C(C)C)C(C)(C)C,FQNIRQLMGUWCIN-UHFFFAOYSA-N,5-tert-butyl-3-ethyl-2-methyloctane,,Patents,,IBM,Research and Development,,212.41,0.0,150,7.0,15,0,0,7,212.250397,212.250397,0,1,0,2,0,2,0,0,0,0,1,1,1,20150317
91008024,Cyclopentylmethylcyclopentane;ethane,,C15H32,"InChI=1S/C11H20.2C2H6/c1-2-6-10(5-1)9-11-7-3-4-8-11;2*1-2/h10-11H,1-9H2;2*1-2H3",CC.CC.C1CCC(C1)CC2CCCC2,KNNDPLYGEIRDEH-UHFFFAOYSA-N,cyclopentylmethylcyclopentane;ethane,,Patents,,Google Patents|IBM,Research and Development,,212.41,0.0,91,,15,0,0,2,212.250397,212.250397,0,3,0,0,0,0,0,0,0,0,3,2,1,20150317
91009795,Ethane;toluene,,C15H32,"InChI=1S/C7H8.4C2H6/c1-7-5-3-2-4-6-7;4*1-2/h2-6H,1H3;4*1-2H3",CC.CC.CC.CC.CC1=CC=CC=C1,QVMQCULTBNRXRF-UHFFFAOYSA-N,ethane;toluene,,Patents,,Google Patents|IBM|PATENTSCOPE (WIPO),Governmental Organizations|Research and Development,,212.41,0.0,42,,15,0,0,0,212.250397,212.250397,0,5,0,0,0,0,0,0,0,0,31,19,1,20150317
91013332,"5-Ethyl-3,4,5,7-tetramethylnonane",,C15H32,"InChI=1S/C15H32/c1-8-12(4)11-15(7,10-3)14(6)13(5)9-2/h12-14H,8-11H2,1-7H3",CCC(C)CC(C)(CC)C(C)C(C)CC,QTBHVMNSXVDBBM-UHFFFAOYSA-N,"5-ethyl-3,4,5,7-tetramethylnonane",,Patents,,IBM,Research and Development,,212.41,0.0,161,7.0,15,0,0,7,212.250397,212.250397,0,1,0,4,0,4,0,0,0,0,2,2,1,20150317
91017238,"3-Ethyl-2,5,6,8-tetramethylnonane",,C15H32,"InChI=1S/C15H32/c1-8-15(12(4)5)10-14(7)13(6)9-11(2)3/h11-15H,8-10H2,1-7H3",CCC(CC(C)C(C)CC(C)C)C(C)C,QXAMSLUURJCKDQ-UHFFFAOYSA-N,"3-ethyl-2,5,6,8-tetramethylnonane",,Patents,,IBM|PATENTSCOPE (WIPO),Governmental Organizations|Research and Development,,212.41,0.0,146,6.9,15,0,0,7,212.250397,212.250397,0,1,0,3,0,3,0,0,0,0,1,1,1,20150317
91017846,"3,6-Diethyl-3,4,6-trimethyloctane",,C15H32,"InChI=1S/C15H32/c1-8-14(6,9-2)12-13(5)15(7,10-3)11-4/h13H,8-12H2,1-7H3",CCC(C)(CC)CC(C)C(C)(CC)CC,FEBUGKOJAOLXQT-UHFFFAOYSA-N,"3,6-diethyl-3,4,6-trimethyloctane",,Patents,,IBM|PATENTSCOPE (WIPO)|SureChEMBL,Curation Efforts|Governmental Organizations|Research and Development,,212.41,0.0,161,7.2,15,0,0,7,212.250397,212.250397,0,1,0,1,0,1,0,0,0,0,5,5,1,20150317
91022053,"2,2,3,3-Tetramethyl-4-propyloctane",,C15H32,"InChI=1S/C15H32/c1-8-10-12-13(11-9-2)15(6,7)14(3,4)5/h13H,8-12H2,1-7H3",CCCCC(CCC)C(C)(C)C(C)(C)C,RUXFLILVZBDDGN-UHFFFAOYSA-N,"2,2,3,3-tetramethyl-4-propyloctane",,Patents,,IBM,Research and Development,,212.41,0.0,159,7.2,15,0,0,7,212.250397,212.250397,0,1,0,1,0,1,0,0,0,0,1,1,1,20150317
91022355,"5-Ethyl-2,3,4-trimethyldecane",,C15H32,"InChI=1S/C15H32/c1-7-9-10-11-15(8-2)14(6)13(5)12(3)4/h12-15H,7-11H2,1-6H3",CCCCCC(CC)C(C)C(C)C(C)C,XRRDBLRHDDELIV-UHFFFAOYSA-N,"5-ethyl-2,3,4-trimethyldecane",,Patents,,IBM,Research and Development,,212.41,0.0,137,7.2,15,0,0,8,212.250397,212.250397,0,1,0,3,0,3,0,0,0,0,2,2,1,20150317
91023239,"3,4,6-Trimethyl-5-propylnonane",,C15H32,"InChI=1S/C15H32/c1-7-10-13(5)15(11-8-2)14(6)12(4)9-3/h12-15H,7-11H2,1-6H3",CCCC(C)C(CCC)C(C)C(C)CC,OKFYPICJFWXHOF-UHFFFAOYSA-N,"3,4,6-trimethyl-5-propylnonane",,Patents,,IBM,Research and Development,,212.41,0.0,139,7.2,15,0,0,8,212.250397,212.250397,0,1,0,4,0,4,0,0,0,0,1,1,1,20150317
91026500,"4-(2,2-Dimethylpropyl)-2,2-dimethyloctane",SCHEMBL4653028,C15H32,"InChI=1S/C15H32/c1-8-9-10-13(11-14(2,3)4)12-15(5,6)7/h13H,8-12H2,1-7H3",CCCCC(CC(C)(C)C)CC(C)(C)C,XDBTUVHEFUPQQW-UHFFFAOYSA-N,"4-(2,2-dimethylpropyl)-2,2-dimethyloctane",,Patents,,IBM|SureChEMBL,Curation Efforts|Research and Development,,212.41,0.0,138,7.2,15,0,0,7,212.250397,212.250397,0,1,0,0,0,0,0,0,0,0,3,2,1,20150317
91030472,"5-Ethyl-5,6-dimethylundecane",,C15H32,"InChI=1S/C15H32/c1-6-9-11-12-14(4)15(5,8-3)13-10-7-2/h14H,6-13H2,1-5H3",CCCCCC(C)C(C)(CC)CCCC,SJBQDZMZQWEEJE-UHFFFAOYSA-N,"5-ethyl-5,6-dimethylundecane",,Patents,,IBM,Research and Development,,212.41,0.0,139,7.6,15,0,0,9,212.250397,212.250397,0,1,0,2,0,2,0,0,0,0,1,1,1,20150317
91031080,"5-Butan-2-yl-2,6,6-trimethyloctane",SCHEMBL4000490,C15H32,"InChI=1S/C15H32/c1-8-13(5)14(11-10-12(3)4)15(6,7)9-2/h12-14H,8-11H2,1-7H3",CCC(C)C(CCC(C)C)C(C)(C)CC,PMKIQLXASUVLAC-UHFFFAOYSA-N,"5-butan-2-yl-2,6,6-trimethyloctane",,Patents,,IBM|SureChEMBL,Curation Efforts|Research and Development,,212.41,0.0,155,7.0,15,0,0,7,212.250397,212.250397,0,1,0,2,0,2,0,0,0,0,20,8,1,20150317
91034809,"3,4,4,7,8-Pentamethyldecane",,C15H32,"InChI=1S/C15H32/c1-8-12(3)13(4)10-11-15(6,7)14(5)9-2/h12-14H,8-11H2,1-7H3",CCC(C)C(C)CCC(C)(C)C(C)CC,LQEYEHMFOGJTBT-UHFFFAOYSA-N,"3,4,4,7,8-pentamethyldecane",,Patents,,IBM,Research and Development,,212.41,0.0,157,7.0,15,0,0,7,212.250397,212.250397,0,1,0,3,0,3,0,0,0,0,1,1,1,20150317
91045076,"3,5-Diethyl-3,4,4,5-tetramethylheptane",,C15H32,"InChI=1S/C15H32/c1-9-14(7,10-2)13(5,6)15(8,11-3)12-4/h9-12H2,1-8H3",CCC(C)(CC)C(C)(C)C(C)(CC)CC,HRFYVQIPQGEWLU-UHFFFAOYSA-N,"3,5-diethyl-3,4,4,5-tetramethylheptane",,Patents,,Google Patents|IBM|PATENTSCOPE (WIPO),Governmental Organizations|Research and Development,,212.41,0.0,160,7.0,15,0,0,6,212.250397,212.250397,0,1,0,0,0,0,0,0,0,0,3,3,1,20150317
91046366,"2,3,4-Trimethyl-5-propylnonane",,C15H32,"InChI=1S/C15H32/c1-7-9-11-15(10-8-2)14(6)13(5)12(3)4/h12-15H,7-11H2,1-6H3",CCCCC(CCC)C(C)C(C)C(C)C,ZRBHZRVYDLAFCR-UHFFFAOYSA-N,"2,3,4-trimethyl-5-propylnonane",,Patents,,IBM,Research and Development,,212.41,0.0,137,7.2,15,0,0,8,212.250397,212.250397,0,1,0,3,0,3,0,0,0,0,1,1,1,20150317
91050161,4-Ethyl-6-propyldecane,SCHEMBL4270249|SCHEMBL4270252,C15H32,"InChI=1S/C15H32/c1-5-9-12-15(11-7-3)13-14(8-4)10-6-2/h14-15H,5-13H2,1-4H3",CCCCC(CCC)CC(CC)CCC,WVKSPRBKNVTQCQ-UHFFFAOYSA-N,4-ethyl-6-propyldecane,,Patents,,IBM|SureChEMBL,Curation Efforts|Research and Development,,212.41,0.0,117,7.8,15,0,0,10,212.250397,212.250397,0,1,0,2,0,2,0,0,0,0,11,4,1,20150317
91059024,"2,3,5,7,9-Pentamethyldecane",,C15H32,"InChI=1S/C15H32/c1-11(2)8-13(5)9-14(6)10-15(7)12(3)4/h11-15H,8-10H2,1-7H3",CC(C)CC(C)CC(C)CC(C)C(C)C,DFAVULNXQZIUSE-UHFFFAOYSA-N,"2,3,5,7,9-pentamethyldecane",,Patents,,IBM,Research and Development,,212.41,0.0,146,6.9,15,0,0,7,212.250397,212.250397,0,1,0,3,0,3,0,0,0,0,3,3,1,20150317
91060261,3-Ethyl-4-methyldodecane,SCHEMBL7057450|SCHEMBL19347211,C15H32,"InChI=1S/C15H32/c1-5-8-9-10-11-12-13-14(4)15(6-2)7-3/h14-15H,5-13H2,1-4H3",CCCCCCCCC(C)C(CC)CC,QVHHLCUXCKGNLX-UHFFFAOYSA-N,3-ethyl-4-methyldodecane,,Patents,,IBM|SureChEMBL,Curation Efforts|Research and Development,,212.41,0.0,113,7.8,15,0,0,10,212.250397,212.250397,0,1,0,1,0,1,0,0,0,0,8,3,1,20150317
91061274,"3-Ethyl-2,4-dimethyl-5-propan-2-yloctane",,C15H32,"InChI=1S/C15H32/c1-8-10-15(12(5)6)13(7)14(9-2)11(3)4/h11-15H,8-10H2,1-7H3",CCCC(C(C)C)C(C)C(CC)C(C)C,RIWIJVWEYILMHT-UHFFFAOYSA-N,"3-ethyl-2,4-dimethyl-5-propan-2-yloctane",,Patents,,IBM,Research and Development,,212.41,0.0,146,6.9,15,0,0,7,212.250397,212.250397,0,1,0,3,0,3,0,0,0,0,2,2,1,20150317
91069452,"3-Ethyl-2,5-dimethyl-4-propyloctane",,C15H32,"InChI=1S/C15H32/c1-7-10-13(6)15(11-8-2)14(9-3)12(4)5/h12-15H,7-11H2,1-6H3",CCCC(C)C(CCC)C(CC)C(C)C,XHXHFXGLCSPEML-UHFFFAOYSA-N,"3-ethyl-2,5-dimethyl-4-propyloctane",,Patents,,IBM,Research and Development,,212.41,0.0,137,7.2,15,0,0,8,212.250397,212.250397,0,1,0,3,0,3,0,0,0,0,2,2,1,20150317
91070078,"6-Ethyl-3,4,8-trimethyldecane",,C15H32,"InChI=1S/C15H32/c1-7-12(4)10-15(9-3)11-14(6)13(5)8-2/h12-15H,7-11H2,1-6H3",CCC(C)CC(CC)CC(C)C(C)CC,SVRKHRHHRYKLCV-UHFFFAOYSA-N,"6-ethyl-3,4,8-trimethyldecane",,Patents,,IBM,Research and Development,,212.41,0.0,139,7.2,15,0,0,8,212.250397,212.250397,0,1,0,4,0,4,0,0,0,0,2,2,1,20150317
91072936,"2,2,6,6-Tetramethyl-4-(2-methylpropyl)heptane",SCHEMBL4653004,C15H32,"InChI=1S/C15H32/c1-12(2)9-13(10-14(3,4)5)11-15(6,7)8/h12-13H,9-11H2,1-8H3",CC(C)CC(CC(C)(C)C)CC(C)(C)C,KFCQNEVYDXIKSR-UHFFFAOYSA-N,"2,2,6,6-tetramethyl-4-(2-methylpropyl)heptane",,Patents,,IBM|SureChEMBL,Curation Efforts|Research and Development,,212.41,0.0,147,6.9,15,0,0,6,212.250397,212.250397,0,1,0,0,0,0,0,0,0,0,2,1,1,20150317
91075188,"2,5,6,10-Tetramethylundecane",,C15H32,"InChI=1S/C15H32/c1-12(2)8-7-9-14(5)15(6)11-10-13(3)4/h12-15H,7-11H2,1-6H3",CC(C)CCCC(C)C(C)CCC(C)C,XJRZTCZHTLWGSM-UHFFFAOYSA-N,"2,5,6,10-tetramethylundecane",,Patents,,IBM,Research and Development,,212.41,0.0,135,7.2,15,0,0,8,212.250397,212.250397,0,1,0,2,0,2,0,0,0,0,1,1,1,20150317
91075206,"4,5,5,6-Tetramethylundecane",,C15H32,"InChI=1S/C15H32/c1-7-9-10-12-14(4)15(5,6)13(3)11-8-2/h13-14H,7-12H2,1-6H3",CCCCCC(C)C(C)(C)C(C)CCC,CVKQEKBRAPFKBT-UHFFFAOYSA-N,"4,5,5,6-tetramethylundecane",,Patents,,IBM,Research and Development,,212.41,0.0,146,7.3,15,0,0,8,212.250397,212.250397,0,1,0,2,0,2,0,0,0,0,1,1,1,20150317
91078356,Bis(methylcyclopentane);propane,,C15H32,"InChI=1S/2C6H12.C3H8/c2*1-6-4-2-3-5-6;1-3-2/h2*6H,2-5H2,1H3;3H2,1-2H3",CCC.CC1CCCC1.CC1CCCC1,VUIVHPIGRFYRFA-UHFFFAOYSA-N,bis(methylcyclopentane);propane,,Patents,,Google Patents|IBM,Research and Development,,212.41,0.0,33,,15,0,0,0,212.250397,212.250397,0,3,0,0,0,0,0,0,0,0,9,5,1,20150317
91078586,5-Ethyl-7-methyldodecane,SCHEMBL4273607|SCHEMBL4273610|SCHEMBL11399316,C15H32,"InChI=1S/C15H32/c1-5-8-10-11-14(4)13-15(7-3)12-9-6-2/h14-15H,5-13H2,1-4H3",CCCCCC(C)CC(CC)CCCC,IAYLLBFDXBHUBB-UHFFFAOYSA-N,5-ethyl-7-methyldodecane,,Patents,,IBM|SureChEMBL,Curation Efforts|Research and Development,,212.41,0.0,117,7.8,15,0,0,10,212.250397,212.250397,0,1,0,2,0,2,0,0,0,0,13,6,1,20150317
91081060,"6-Ethyl-2,3,3,6-tetramethylnonane",,C15H32,"InChI=1S/C15H32/c1-8-10-15(7,9-2)12-11-14(5,6)13(3)4/h13H,8-12H2,1-7H3",CCCC(C)(CC)CCC(C)(C)C(C)C,KGHBRKGZYKRZPK-UHFFFAOYSA-N,"6-ethyl-2,3,3,6-tetramethylnonane",,Patents,,IBM,Research and Development,,212.41,0.0,167,7.2,15,0,0,7,212.250397,212.250397,0,1,0,1,0,1,0,0,0,0,2,2,1,20150317
91101956,5-Ethyl-4-propan-2-yldecane,,C15H32,"InChI=1S/C15H32/c1-6-9-10-12-14(8-3)15(11-7-2)13(4)5/h13-15H,6-12H2,1-5H3",CCCCCC(CC)C(CCC)C(C)C,PIUBVAYDBGYOJS-UHFFFAOYSA-N,5-ethyl-4-propan-2-yldecane,,Patents,,IBM,Research and Development,,212.41,0.0,126,7.5,15,0,0,9,212.250397,212.250397,0,1,0,2,0,2,0,0,0,0,1,1,1,20150317
91103640,"5-Ethyl-2,3,4,8-tetramethylnonane",,C15H32,"InChI=1S/C15H32/c1-8-15(10-9-11(2)3)14(7)13(6)12(4)5/h11-15H,8-10H2,1-7H3",CCC(CCC(C)C)C(C)C(C)C(C)C,YLOZMVCNSZQOIO-UHFFFAOYSA-N,"5-ethyl-2,3,4,8-tetramethylnonane",,Patents,,IBM,Research and Development,,212.41,0.0,146,6.9,15,0,0,7,212.250397,212.250397,0,1,0,3,0,3,0,0,0,0,1,1,1,20150317
91109985,"3,3-Diethyl-2,2,4,4,5-pentamethylhexane",,C15H32,"InChI=1S/C15H32/c1-10-15(11-2,13(5,6)7)14(8,9)12(3)4/h12H,10-11H2,1-9H3",CCC(CC)(C(C)(C)C)C(C)(C)C(C)C,OVOKUAOTGKZZCH-UHFFFAOYSA-N,"3,3-diethyl-2,2,4,4,5-pentamethylhexane",,Patents,,IBM,Research and Development,,212.41,0.0,187,6.7,15,0,0,5,212.250397,212.250397,0,1,0,0,0,0,0,0,0,0,2,2,1,20150317
91111166,5-(3-Methylpentan-3-yl)nonane,,C15H32,"InChI=1S/C15H32/c1-6-10-12-14(13-11-7-2)15(5,8-3)9-4/h14H,6-13H2,1-5H3",CCCCC(CCCC)C(C)(CC)CC,PXAQLAFMIXWUPA-UHFFFAOYSA-N,5-(3-methylpentan-3-yl)nonane,,Patents,,IBM,Research and Development,,212.41,0.0,125,7.6,15,0,0,9,212.250397,212.250397,0,1,0,0,0,0,0,0,0,0,28,17,1,20150317
91120181,Butylcyclohexane;pentane,,C15H32,"InChI=1S/C10H20.C5H12/c1-2-3-7-10-8-5-4-6-9-10;1-3-5-4-2/h10H,2-9H2,1H3;3-5H2,1-2H3",CCCCC.CCCCC1CCCCC1,NVAHXOUFTQXPSE-UHFFFAOYSA-N,butylcyclohexane;pentane,,Patents,,Google Patents|IBM,Research and Development,,212.41,0.0,77,,15,0,0,5,212.250397,212.250397,0,2,0,0,0,0,0,0,0,0,1,1,1,20150317
91120315,"3,5-Diethylundecane",SCHEMBL4269418|SCHEMBL4269424,C15H32,"InChI=1S/C15H32/c1-5-9-10-11-12-15(8-4)13-14(6-2)7-3/h14-15H,5-13H2,1-4H3",CCCCCCC(CC)CC(CC)CC,AFOYTUQJWCNPHJ-UHFFFAOYSA-N,"3,5-diethylundecane",,Patents,,IBM|SureChEMBL,Curation Efforts|Research and Development,,212.41,0.0,113,7.8,15,0,0,10,212.250397,212.250397,0,1,0,1,0,1,0,0,0,0,11,3,1,20150317
91129296,"4-Ethyl-5,8-dimethylundecane",,C15H32,"InChI=1S/C15H32/c1-6-9-13(4)11-12-14(5)15(8-3)10-7-2/h13-15H,6-12H2,1-5H3",CCCC(C)CCC(C)C(CC)CCC,XCNLCQLKHAPNOK-UHFFFAOYSA-N,"4-ethyl-5,8-dimethylundecane",,Patents,,IBM,Research and Development,,212.41,0.0,128,7.5,15,0,0,9,212.250397,212.250397,0,1,0,3,0,3,0,0,0,0,1,1,1,20150317
91131360,"2,2,3,3,4-Pentamethyldecane",SCHEMBL1704264,C15H32,"InChI=1S/C15H32/c1-8-9-10-11-12-13(2)15(6,7)14(3,4)5/h13H,8-12H2,1-7H3",CCCCCCC(C)C(C)(C)C(C)(C)C,NBMVALLVHISTCJ-UHFFFAOYSA-N,"2,2,3,3,4-pentamethyldecane",,Patents,,Google Patents|IBM|PATENTSCOPE (WIPO)|SureChEMBL,Curation Efforts|Governmental Organizations|Research and Development,,212.41,0.0,159,7.2,15,0,0,7,212.250397,212.250397,0,1,0,1,0,1,0,0,0,0,15,7,1,20150317
91133573,"4,5,6-Trimethyldodecane",SCHEMBL5086518,C15H32,"InChI=1S/C15H32/c1-6-8-9-10-12-14(4)15(5)13(3)11-7-2/h13-15H,6-12H2,1-5H3",CCCCCCC(C)C(C)C(C)CCC,CYVIHMCWOMUWBD-UHFFFAOYSA-N,"4,5,6-trimethyldodecane",,Patents,,IBM|SureChEMBL,Curation Efforts|Research and Development,,212.41,0.0,128,7.5,15,0,0,9,212.250397,212.250397,0,1,0,3,0,3,0,0,0,0,2,2,1,20150317
91136412,5-Butyl-5-methyldecane,,C15H32,"InChI=1S/C15H32/c1-5-8-11-14-15(4,12-9-6-2)13-10-7-3/h5-14H2,1-4H3",CCCCCC(C)(CCCC)CCCC,MHSUDDOYEALNCX-UHFFFAOYSA-N,5-butyl-5-methyldecane,,Patents,,IBM,Research and Development,,212.41,0.0,118,7.9,15,0,0,10,212.250397,212.250397,0,1,0,0,0,0,0,0,0,0,2,2,1,20150317
91136627,4-Butan-2-yl-3-ethyl-6-methyloctane,,C15H32,"InChI=1S/C15H32/c1-7-12(5)11-15(13(6)8-2)14(9-3)10-4/h12-15H,7-11H2,1-6H3",CCC(C)CC(C(C)CC)C(CC)CC,MTLCOYYHVXJMCP-UHFFFAOYSA-N,4-butan-2-yl-3-ethyl-6-methyloctane,,Patents,,IBM,Research and Development,,212.41,0.0,135,7.2,15,0,0,8,212.250397,212.250397,0,1,0,3,0,3,0,0,0,0,1,1,1,20150317
91136791,"5-Butyl-4,6-dimethylnonane",SCHEMBL4655251|SCHEMBL8007840,C15H32,"InChI=1S/C15H32/c1-6-9-12-15(13(4)10-7-2)14(5)11-8-3/h13-15H,6-12H2,1-5H3",CCCCC(C(C)CCC)C(C)CCC,NFXBNGYCLHEZHN-UHFFFAOYSA-N,"5-butyl-4,6-dimethylnonane",,Patents,,IBM|SureChEMBL,Curation Efforts|Research and Development,,212.41,0.0,116,7.5,15,0,0,9,212.250397,212.250397,0,1,0,2,0,2,0,0,0,0,3,2,1,20150317
91140174,"2,2,6-Trimethyl-4-(2-methylpropyl)octane",,C15H32,"InChI=1S/C15H32/c1-8-13(4)10-14(9-12(2)3)11-15(5,6)7/h12-14H,8-11H2,1-7H3",CCC(C)CC(CC(C)C)CC(C)(C)C,XRFNISVGPGCXTI-UHFFFAOYSA-N,"2,2,6-trimethyl-4-(2-methylpropyl)octane",,Patents,,IBM,Research and Development,,212.41,0.0,150,7.0,15,0,0,7,212.250397,212.250397,0,1,0,2,0,2,0,0,0,0,1,1,1,20150317
91140867,3-Ethyl-5-methyldodecane,SCHEMBL4269504|SCHEMBL4269508,C15H32,"InChI=1S/C15H32/c1-5-8-9-10-11-12-14(4)13-15(6-2)7-3/h14-15H,5-13H2,1-4H3",CCCCCCCC(C)CC(CC)CC,MHGZMLVNTWPBOY-UHFFFAOYSA-N,3-ethyl-5-methyldodecane,,Patents,,IBM|SureChEMBL,Curation Efforts|Research and Development,,212.41,0.0,113,7.8,15,0,0,10,212.250397,212.250397,0,1,0,1,0,1,0,0,0,0,11,3,1,20150317
91141747,4-Propan-2-yldodecane,SCHEMBL28154752,C15H32,"InChI=1S/C15H32/c1-5-7-8-9-10-11-13-15(12-6-2)14(3)4/h14-15H,5-13H2,1-4H3",CCCCCCCCC(CCC)C(C)C,AYKKPSLZJRASBE-UHFFFAOYSA-N,4-propan-2-yldodecane,,Patents,,IBM|PATENTSCOPE (WIPO)|SureChEMBL,Curation Efforts|Governmental Organizations|Research and Development,,212.41,0.0,115,7.8,15,0,0,10,212.250397,212.250397,0,1,0,1,0,1,0,0,0,0,11,7,1,20150317
91142088,"Ethane;3-ethyl-6,6-dimethylbicyclo[3.1.1]heptane",,C15H32,"InChI=1S/C11H20.2C2H6/c1-4-8-5-9-7-10(6-8)11(9,2)3;2*1-2/h8-10H,4-7H2,1-3H3;2*1-2H3",CC.CC.CCC1CC2CC(C1)C2(C)C,YOVOSHQEVLJOBK-UHFFFAOYSA-N,"ethane;3-ethyl-6,6-dimethylbicyclo[3.1.1]heptane",,Patents,,IBM,Research and Development,,212.41,0.0,143,,15,0,0,1,212.250397,212.250397,0,3,0,2,0,2,0,0,0,0,2,1,1,20150317
91148831,"3,5-Diethyl-4-propan-2-yloctane",,C15H32,"InChI=1S/C15H32/c1-7-11-14(10-4)15(12(5)6)13(8-2)9-3/h12-15H,7-11H2,1-6H3",CCCC(CC)C(C(C)C)C(CC)CC,LIZTWARAIYYWEV-UHFFFAOYSA-N,"3,5-diethyl-4-propan-2-yloctane",,Patents,,IBM,Research and Development,,212.41,0.0,133,7.2,15,0,0,8,212.250397,212.250397,0,1,0,2,0,2,0,0,0,0,1,1,1,20150317
91154173,"2,4,7,7,8-Pentamethyldecane",,C15H32,"InChI=1S/C15H32/c1-8-14(5)15(6,7)10-9-13(4)11-12(2)3/h12-14H,8-11H2,1-7H3",CCC(C)C(C)(C)CCC(C)CC(C)C,NGUCIVXSODBRJO-UHFFFAOYSA-N,"2,4,7,7,8-pentamethyldecane",,Patents,,IBM,Research and Development,,212.41,0.0,155,7.0,15,0,0,7,212.250397,212.250397,0,1,0,2,0,2,0,0,0,0,1,1,1,20150317
91155390,6-Ethyl-4-methyldodecane,SCHEMBL4278005|SCHEMBL4278008,C15H32,"InChI=1S/C15H32/c1-5-8-9-10-12-15(7-3)13-14(4)11-6-2/h14-15H,5-13H2,1-4H3",CCCCCCC(CC)CC(C)CCC,FUMRRKKVZJSXIL-UHFFFAOYSA-N,6-ethyl-4-methyldodecane,,Patents,,IBM|SureChEMBL,Curation Efforts|Research and Development,,212.41,0.0,117,7.8,15,0,0,10,212.250397,212.250397,0,1,0,2,0,2,0,0,0,0,14,5,1,20150317
91165980,"3,6,8-Trimethyldodecane",SCHEMBL5085897,C15H32,"InChI=1S/C15H32/c1-6-8-9-14(4)12-15(5)11-10-13(3)7-2/h13-15H,6-12H2,1-5H3",CCCCC(C)CC(C)CCC(C)CC,HHRALEZIISOILC-UHFFFAOYSA-N,"3,6,8-trimethyldodecane",,Patents,,Google Patents|IBM|SureChEMBL,Curation Efforts|Research and Development,,212.41,0.0,128,7.5,15,0,0,9,212.250397,212.250397,0,1,0,3,0,3,0,0,0,0,6,5,1,20150317
91167023,"7-Ethyl-4,6-dimethylundecane",,C15H32,"InChI=1S/C15H32/c1-6-9-11-15(8-3)14(5)12-13(4)10-7-2/h13-15H,6-12H2,1-5H3",CCCCC(CC)C(C)CC(C)CCC,RBNWYZYLDQJYPV-UHFFFAOYSA-N,"7-ethyl-4,6-dimethylundecane",,Patents,,IBM,Research and Development,,212.41,0.0,128,7.5,15,0,0,9,212.250397,212.250397,0,1,0,3,0,3,0,0,0,0,2,2,1,20150317
91167663,"8-Ethyl-3,7-dimethylundecane",,C15H32,"InChI=1S/C15H32/c1-6-10-15(8-3)14(5)12-9-11-13(4)7-2/h13-15H,6-12H2,1-5H3",CCCC(CC)C(C)CCCC(C)CC,DJVDLYOPJWUWEO-UHFFFAOYSA-N,"8-ethyl-3,7-dimethylundecane",,Patents,,IBM,Research and Development,,212.41,0.0,128,7.5,15,0,0,9,212.250397,212.250397,0,1,0,3,0,3,0,0,0,0,2,2,1,20150317
91168300,"2,5,6-Trimethyl-4-propylnonane",,C15H32,"InChI=1S/C15H32/c1-7-9-13(5)14(6)15(10-8-2)11-12(3)4/h12-15H,7-11H2,1-6H3",CCCC(C)C(C)C(CCC)CC(C)C,KPXXKVMYWDWVPS-UHFFFAOYSA-N,"2,5,6-trimethyl-4-propylnonane",,Patents,,IBM,Research and Development,,212.41,0.0,137,7.2,15,0,0,8,212.250397,212.250397,0,1,0,3,0,3,0,0,0,0,1,1,1,20150317
91169794,"2,3,3,5,5,7-Hexamethylnonane",,C15H32,"InChI=1S/C15H32/c1-9-13(4)10-14(5,6)11-15(7,8)12(2)3/h12-13H,9-11H2,1-8H3",CCC(C)CC(C)(C)CC(C)(C)C(C)C,PEWTYNCTDZFSIR-UHFFFAOYSA-N,"2,3,3,5,5,7-hexamethylnonane",,Patents,,IBM|PATENTSCOPE (WIPO),Governmental Organizations|Research and Development,,212.41,0.0,174,6.9,15,0,0,6,212.250397,212.250397,0,1,0,1,0,1,0,0,0,0,1,1,1,20150317
91174612,"3-Ethyl-6,6-dimethylundecane",,C15H32,"InChI=1S/C15H32/c1-6-9-10-12-15(4,5)13-11-14(7-2)8-3/h14H,6-13H2,1-5H3",CCCCCC(C)(C)CCC(CC)CC,KPFMOEUPFLMOCG-UHFFFAOYSA-N,"3-ethyl-6,6-dimethylundecane",,Patents,,IBM,Research and Development,,212.41,0.0,131,7.6,15,0,0,9,212.250397,212.250397,0,1,0,0,0,0,0,0,0,0,6,5,1,20150317
91175955,"2,3,4,6-Tetramethyl-5-propan-2-yloctane",,C15H32,"InChI=1S/C15H32/c1-9-12(6)15(11(4)5)14(8)13(7)10(2)3/h10-15H,9H2,1-8H3",CCC(C)C(C(C)C)C(C)C(C)C(C)C,ROTKNCONIRZIGR-UHFFFAOYSA-N,"2,3,4,6-tetramethyl-5-propan-2-yloctane",,Patents,,IBM,Research and Development,,212.41,0.0,157,6.6,15,0,0,6,212.250397,212.250397,0,1,0,4,0,4,0,0,0,0,4,4,1,20150317
91181929,"6-Ethyl-2,4,8-trimethyldecane",SCHEMBL28011693,C15H32,"InChI=1S/C15H32/c1-7-13(5)10-15(8-2)11-14(6)9-12(3)4/h12-15H,7-11H2,1-6H3",CCC(C)CC(CC)CC(C)CC(C)C,KDTCVNNLJMBRLL-UHFFFAOYSA-N,"6-ethyl-2,4,8-trimethyldecane",,Patents,,Google Patents|IBM|PATENTSCOPE (WIPO)|SureChEMBL,Curation Efforts|Governmental Organizations|Research and Development,,212.41,0.0,137,7.2,15,0,0,8,212.250397,212.250397,0,1,0,3,0,3,0,0,0,0,2,2,1,20150317
91185280,"6,6-Dimethyltridecane",SCHEMBL25384575|SCHEMBL25385601|SCHEMBL28240787,C15H32,"InChI=1S/C15H32/c1-5-7-9-10-12-14-15(3,4)13-11-8-6-2/h5-14H2,1-4H3",CCCCCCCC(C)(C)CCCCC,PFZPUOIDYXNWQT-UHFFFAOYSA-N,"6,6-dimethyltridecane",,Patents,,Google Patents|IBM|PATENTSCOPE (WIPO)|SureChEMBL,Curation Efforts|Governmental Organizations|Research and Development,,212.41,0.0,124,7.9,15,0,0,10,212.250397,212.250397,0,1,0,0,0,0,0,0,0,0,13,11,1,20150317
91186540,"3,3,4,5,5-Pentamethyl-4-propan-2-ylheptane",,C15H32,"InChI=1S/C15H32/c1-10-13(5,6)15(9,12(3)4)14(7,8)11-2/h12H,10-11H2,1-9H3",CCC(C)(C)C(C)(C(C)C)C(C)(C)CC,YQELXOVTYREZNU-UHFFFAOYSA-N,"3,3,4,5,5-pentamethyl-4-propan-2-ylheptane",,Patents,,IBM,Research and Development,,212.41,0.0,180,6.7,15,0,0,5,212.250397,212.250397,0,1,0,0,0,0,0,0,0,0,2,2,1,20150317
91188316,3-Ethyl-5-propyldecane,,C15H32,"InChI=1S/C15H32/c1-5-9-10-12-15(11-6-2)13-14(7-3)8-4/h14-15H,5-13H2,1-4H3",CCCCCC(CCC)CC(CC)CC,KBKJTWDELKZLEY-UHFFFAOYSA-N,3-ethyl-5-propyldecane,,Patents,,IBM,Research and Development,,212.41,0.0,113,7.8,15,0,0,10,212.250397,212.250397,0,1,0,1,0,1,0,0,0,0,1,1,1,20150317
91202680,5-Methyl-7-propylundecane,SCHEMBL4268910|SCHEMBL4268916,C15H32,"InChI=1S/C15H32/c1-5-8-11-14(4)13-15(10-7-3)12-9-6-2/h14-15H,5-13H2,1-4H3",CCCCC(C)CC(CCC)CCCC,FEJVNROBENFVRE-UHFFFAOYSA-N,5-methyl-7-propylundecane,,Patents,,IBM|SureChEMBL,Curation Efforts|Research and Development,,212.41,0.0,117,7.8,15,0,0,10,212.250397,212.250397,0,1,0,2,0,2,0,0,0,0,13,5,1,20150317
91221733,"3,5-Diethyl-3-methyldecane",,C15H32,"InChI=1S/C15H32/c1-6-10-11-12-14(7-2)13-15(5,8-3)9-4/h14H,6-13H2,1-5H3",CCCCCC(CC)CC(C)(CC)CC,PYUVMIALMHBTLV-UHFFFAOYSA-N,"3,5-diethyl-3-methyldecane",,Patents,,IBM,Research and Development,,212.41,0.0,133,7.6,15,0,0,9,212.250397,212.250397,0,1,0,1,0,1,0,0,0,0,1,1,1,20150317
91221902,"2,2,7,7-Tetramethylundecane",,C15H32,"InChI=1S/C15H32/c1-7-8-12-15(5,6)13-10-9-11-14(2,3)4/h7-13H2,1-6H3",CCCCC(C)(C)CCCCC(C)(C)C,BHCLSBGUQGCMEN-UHFFFAOYSA-N,"2,2,7,7-tetramethylundecane",,Patents,,Google Patents|IBM,Research and Development,,212.41,0.0,148,7.5,15,0,0,8,212.250397,212.250397,0,1,0,0,0,0,0,0,0,0,5,3,1,20150317
91224373,"2,3,5,6,6,7-Hexamethylnonane",,C15H32,"InChI=1S/C15H32/c1-9-13(5)15(7,8)14(6)10-12(4)11(2)3/h11-14H,9-10H2,1-8H3",CCC(C)C(C)(C)C(C)CC(C)C(C)C,HMPFASJWRBQLFD-UHFFFAOYSA-N,"2,3,5,6,6,7-hexamethylnonane",,Patents,,IBM,Research and Development,,212.41,0.0,167,6.7,15,0,0,6,212.250397,212.250397,0,1,0,3,0,3,0,0,0,0,1,1,1,20150317
91229038,"2,3,5,5,7-Pentamethyldecane",,C15H32,"InChI=1S/C15H32/c1-8-9-13(4)10-15(6,7)11-14(5)12(2)3/h12-14H,8-11H2,1-7H3",CCCC(C)CC(C)(C)CC(C)C(C)C,BZAFZEZVQACVIZ-UHFFFAOYSA-N,"2,3,5,5,7-pentamethyldecane",,Patents,,IBM,Research and Development,,212.41,0.0,155,7.0,15,0,0,7,212.250397,212.250397,0,1,0,2,0,2,0,0,0,0,1,1,1,20150317
91231503,"3,5,7,8-Tetramethylundecane",,C15H32,"InChI=1S/C15H32/c1-7-9-14(5)15(6)11-13(4)10-12(3)8-2/h12-15H,7-11H2,1-6H3",CCCC(C)C(C)CC(C)CC(C)CC,UVZLOMXQACOYQN-UHFFFAOYSA-N,"3,5,7,8-tetramethylundecane",,Patents,,IBM,Research and Development,,212.41,0.0,139,7.2,15,0,0,8,212.250397,212.250397,0,1,0,4,0,4,0,0,0,0,2,2,1,20150317
91232538,"3,4,5,6-Tetramethylundecane",SCHEMBL4650844,C15H32,"InChI=1S/C15H32/c1-7-9-10-11-13(4)15(6)14(5)12(3)8-2/h12-15H,7-11H2,1-6H3",CCCCCC(C)C(C)C(C)C(C)CC,BDBICFKLYNFUMK-UHFFFAOYSA-N,"3,4,5,6-tetramethylundecane",,Patents,,IBM|PATENTSCOPE (WIPO)|SureChEMBL,Curation Efforts|Governmental Organizations|Research and Development,,212.41,0.0,139,7.2,15,0,0,8,212.250397,212.250397,0,1,0,4,0,4,0,0,0,0,6,5,1,20150317
91235120,"4-Ethyl-4,5-dimethyl-5-propyloctane",,C15H32,"InChI=1S/C15H32/c1-7-11-14(5,10-4)15(6,12-8-2)13-9-3/h7-13H2,1-6H3",CCCC(C)(CC)C(C)(CCC)CCC,NXGZSZOIHFCRHK-UHFFFAOYSA-N,"4-ethyl-4,5-dimethyl-5-propyloctane",,Patents,,IBM,Research and Development,,212.41,0.0,153,7.5,15,0,0,8,212.250397,212.250397,0,1,0,1,0,1,0,0,0,0,4,4,1,20150317
91237173,"7-Ethyl-2,3,4-trimethyldecane",,C15H32,"InChI=1S/C15H32/c1-7-9-15(8-2)11-10-13(5)14(6)12(3)4/h12-15H,7-11H2,1-6H3",CCCC(CC)CCC(C)C(C)C(C)C,UHEDOCPUZGZGKT-UHFFFAOYSA-N,"7-ethyl-2,3,4-trimethyldecane",,Patents,,IBM,Research and Development,,212.41,0.0,137,7.2,15,0,0,8,212.250397,212.250397,0,1,0,3,0,3,0,0,0,0,1,1,1,20150317
91238639,"2,3,6-Trimethyl-4-propan-2-ylnonane",,C15H32,"InChI=1S/C15H32/c1-8-9-13(6)10-15(12(4)5)14(7)11(2)3/h11-15H,8-10H2,1-7H3",CCCC(C)CC(C(C)C)C(C)C(C)C,PRNUBSFFJJVYEE-UHFFFAOYSA-N,"2,3,6-trimethyl-4-propan-2-ylnonane",,Patents,,IBM,Research and Development,,212.41,0.0,146,6.9,15,0,0,7,212.250397,212.250397,0,1,0,3,0,3,0,0,0,0,1,1,1,20150317
91240417,"4-Ethyl-2,3-dimethylundecane",,C15H32,"InChI=1S/C15H32/c1-6-8-9-10-11-12-15(7-2)14(5)13(3)4/h13-15H,6-12H2,1-5H3",CCCCCCCC(CC)C(C)C(C)C,VFDUWYBMSZEPCC-UHFFFAOYSA-N,"4-ethyl-2,3-dimethylundecane",,Patents,,IBM,Research and Development,,212.41,0.0,126,7.5,15,0,0,9,212.250397,212.250397,0,1,0,2,0,2,0,0,0,0,2,2,1,20150317
91246311,Ethane;ethylcyclopentane;methylcyclopentane,,C15H32,"InChI=1S/C7H14.C6H12.C2H6/c1-2-7-5-3-4-6-7;1-6-4-2-3-5-6;1-2/h7H,2-6H2,1H3;6H,2-5H2,1H3;1-2H3",CC.CCC1CCCC1.CC1CCCC1,FUHGPOXQORWLDJ-UHFFFAOYSA-N,ethane;ethylcyclopentane;methylcyclopentane,,Patents,,Google Patents|IBM,Research and Development,,212.41,0.0,75,,15,0,0,1,212.250397,212.250397,0,3,0,0,0,0,0,0,0,0,3,1,1,20150317
91246607,"3,5-Dimethyl-4-propyldecane",,C15H32,"InChI=1S/C15H32/c1-6-9-10-12-14(5)15(11-7-2)13(4)8-3/h13-15H,6-12H2,1-5H3",CCCCCC(C)C(CCC)C(C)CC,XAKUAXLNUOGBEZ-UHFFFAOYSA-N,"3,5-dimethyl-4-propyldecane",,Patents,,IBM,Research and Development,,212.41,0.0,128,7.5,15,0,0,9,212.250397,212.250397,0,1,0,3,0,3,0,0,0,0,3,3,1,20150317
91248957,"5-Ethyl-2,2,4,5-tetramethylnonane",,C15H32,"InChI=1S/C15H32/c1-8-10-11-15(7,9-2)13(3)12-14(4,5)6/h13H,8-12H2,1-7H3",CCCCC(C)(CC)C(C)CC(C)(C)C,VTAFPWCKLALFSW-UHFFFAOYSA-N,"5-ethyl-2,2,4,5-tetramethylnonane",,Patents,,IBM,Research and Development,,212.41,0.0,163,7.2,15,0,0,7,212.250397,212.250397,0,1,0,2,0,2,0,0,0,0,1,1,1,20150317
91253010,"3,6-Dimethyltridecane",SCHEMBL5084086|SCHEMBL5090259|SCHEMBL23363690,C15H32,"InChI=1S/C15H32/c1-5-7-8-9-10-11-15(4)13-12-14(3)6-2/h14-15H,5-13H2,1-4H3",CCCCCCCC(C)CCC(C)CC,CZZOBJTWKAKCID-UHFFFAOYSA-N,"3,6-dimethyltridecane",,Patents,,Google Patents|IBM|PATENTSCOPE (WIPO)|SureChEMBL,Curation Efforts|Governmental Organizations|Research and Development,,212.41,0.0,117,7.8,15,0,0,10,212.250397,212.250397,0,1,0,2,0,2,0,0,0,0,14,9,1,20150317
91255435,"4-Ethyl-2,3,4,6,6-pentamethyloctane",,C15H32,"InChI=1S/C15H32/c1-9-14(6,7)11-15(8,10-2)13(5)12(3)4/h12-13H,9-11H2,1-8H3",CCC(C)(C)CC(C)(CC)C(C)C(C)C,PIOYFHIEYGBNCC-UHFFFAOYSA-N,"4-ethyl-2,3,4,6,6-pentamethyloctane",,Patents,,IBM,Research and Development,,212.41,0.0,178,6.9,15,0,0,6,212.250397,212.250397,0,1,0,2,0,2,0,0,0,0,3,3,1,20150317
91256736,"3-Ethyl-2,6,9-trimethyldecane",,C15H32,"InChI=1S/C15H32/c1-7-15(13(4)5)11-10-14(6)9-8-12(2)3/h12-15H,7-11H2,1-6H3",CCC(CCC(C)CCC(C)C)C(C)C,JRFZIWFNCCIZCK-UHFFFAOYSA-N,"3-ethyl-2,6,9-trimethyldecane",,Patents,,IBM,Research and Development,,212.41,0.0,135,7.2,15,0,0,8,212.250397,212.250397,0,1,0,2,0,2,0,0,0,0,4,4,1,20150317
91258308,"2,3,6-Trimethyldodecane",SCHEMBL7189258,C15H32,"InChI=1S/C15H32/c1-6-7-8-9-10-14(4)11-12-15(5)13(2)3/h13-15H,6-12H2,1-5H3",CCCCCCC(C)CCC(C)C(C)C,TWZSKZFWKMZBHR-UHFFFAOYSA-N,"2,3,6-trimethyldodecane",,Patents,,IBM|SureChEMBL,Curation Efforts|Research and Development,,212.41,0.0,126,7.5,15,0,0,9,212.250397,212.250397,0,1,0,2,0,2,0,0,0,0,6,5,1,20150317
91258521,"4-Ethyl-3,4,5,6-tetramethylnonane",,C15H32,"InChI=1S/C15H32/c1-8-11-12(4)14(6)15(7,10-3)13(5)9-2/h12-14H,8-11H2,1-7H3",CCCC(C)C(C)C(C)(CC)C(C)CC,BRQXMWOFTIFDSR-UHFFFAOYSA-N,"4-ethyl-3,4,5,6-tetramethylnonane",,Patents,,IBM,Research and Development,,212.41,0.0,161,7.0,15,0,0,7,212.250397,212.250397,0,1,0,4,0,4,0,0,0,0,1,1,1,20150317
91266143,"5-Ethyl-2,3,7,8-tetramethylnonane",,C15H32,"InChI=1S/C15H32/c1-8-15(9-13(6)11(2)3)10-14(7)12(4)5/h11-15H,8-10H2,1-7H3",CCC(CC(C)C(C)C)CC(C)C(C)C,OLUTZQDINODQDW-UHFFFAOYSA-N,"5-ethyl-2,3,7,8-tetramethylnonane",,Patents,,IBM,Research and Development,,212.41,0.0,130,6.9,15,0,0,7,212.250397,212.250397,0,1,0,2,0,2,0,0,0,0,3,3,1,20150317
91273582,"3,7-Diethyl-4,6-dimethylnonane",,C15H32,"InChI=1S/C15H32/c1-7-14(8-2)12(5)11-13(6)15(9-3)10-4/h12-15H,7-11H2,1-6H3",CCC(CC)C(C)CC(C)C(CC)CC,OSDJTKKEKBELAT-UHFFFAOYSA-N,"3,7-diethyl-4,6-dimethylnonane",,Patents,,IBM,Research and Development,,212.41,0.0,115,7.2,15,0,0,8,212.250397,212.250397,0,1,0,2,0,2,0,0,0,0,1,1,1,20150317
91273856,6-Methyl-4-propylundecane,SCHEMBL4269839|SCHEMBL4269843,C15H32,"InChI=1S/C15H32/c1-5-8-9-12-14(4)13-15(10-6-2)11-7-3/h14-15H,5-13H2,1-4H3",CCCCCC(C)CC(CCC)CCC,IBNPNTIBRQRDNB-UHFFFAOYSA-N,6-methyl-4-propylundecane,,Patents,,IBM|PATENTSCOPE (WIPO)|SureChEMBL,Curation Efforts|Governmental Organizations|Research and Development,,212.41,0.0,111,7.8,15,0,0,10,212.250397,212.250397,0,1,0,1,0,1,0,0,0,0,9,2,1,20150317
91275441,"4-Ethyl-2,3,3,6,7-pentamethyloctane",,C15H32,"InChI=1S/C15H32/c1-9-14(10-13(6)11(2)3)15(7,8)12(4)5/h11-14H,9-10H2,1-8H3",CCC(CC(C)C(C)C)C(C)(C)C(C)C,UUKMZAVPCYEVBL-UHFFFAOYSA-N,"4-ethyl-2,3,3,6,7-pentamethyloctane",,Patents,,IBM,Research and Development,,212.41,0.0,165,6.7,15,0,0,6,212.250397,212.250397,0,1,0,2,0,2,0,0,0,0,1,1,1,20150317
91276001,"5-Ethyl-2,4,4,7-tetramethylnonane",,C15H32,"InChI=1S/C15H32/c1-8-13(5)10-14(9-2)15(6,7)11-12(3)4/h12-14H,8-11H2,1-7H3",CCC(C)CC(CC)C(C)(C)CC(C)C,RYEPRLQNUUOZIC-UHFFFAOYSA-N,"5-ethyl-2,4,4,7-tetramethylnonane",,Patents,,IBM,Research and Development,,212.41,0.0,155,7.0,15,0,0,7,212.250397,212.250397,0,1,0,2,0,2,0,0,0,0,1,1,1,20150317
91278302,"2,2,4,6,9-Pentamethyldecane",,C15H32,"InChI=1S/C15H32/c1-12(2)8-9-13(3)10-14(4)11-15(5,6)7/h12-14H,8-11H2,1-7H3",CC(C)CCC(C)CC(C)CC(C)(C)C,UQIVAMHCRLGLDH-UHFFFAOYSA-N,"2,2,4,6,9-pentamethyldecane",,Patents,,IBM,Research and Development,,212.41,0.0,150,7.0,15,0,0,7,212.250397,212.250397,0,1,0,2,0,2,0,0,0,0,1,1,1,20150317
91286628,"(3aS)-3a,4,5,6,7,7a-hexahydro-1H-indene;ethane",,C15H32,"InChI=1S/C9H14.3C2H6/c1-2-5-9-7-3-6-8(9)4-1;3*1-2/h3,6,8-9H,1-2,4-5,7H2;3*1-2H3/t8-,9?;;;/m1.../s1",CC.CC.CC.C1CCC2CC=C[C@H]2C1,UVYSITFACZOBNW-JIUVPIDLSA-N,"(3aS)-3a,4,5,6,7,7a-hexahydro-1H-indene;ethane",,Patents,,IBM,Research and Development,,212.41,0.0,124,,15,0,0,0,212.250397,212.250397,0,4,0,2,1,1,0,0,0,0,1,1,1,20150317
91296510,"4,5-Diethyl-2,3,5-trimethyloctane",,C15H32,"InChI=1S/C15H32/c1-8-11-15(7,10-3)14(9-2)13(6)12(4)5/h12-14H,8-11H2,1-7H3",CCCC(C)(CC)C(CC)C(C)C(C)C,FXNVHHUUFJYILR-UHFFFAOYSA-N,"4,5-diethyl-2,3,5-trimethyloctane",,Patents,,IBM,Research and Development,,212.41,0.0,159,7.0,15,0,0,7,212.250397,212.250397,0,1,0,3,0,3,0,0,0,0,1,1,1,20150317
91296776,"2,3,4,6-Tetramethyl-5-propyloctane",,C15H32,"InChI=1S/C15H32/c1-8-10-15(12(5)9-2)14(7)13(6)11(3)4/h11-15H,8-10H2,1-7H3",CCCC(C(C)CC)C(C)C(C)C(C)C,RCXADJHUBZNFCG-UHFFFAOYSA-N,"2,3,4,6-tetramethyl-5-propyloctane",,Patents,,IBM,Research and Development,,212.41,0.0,148,6.9,15,0,0,7,212.250397,212.250397,0,1,0,4,0,4,0,0,0,0,1,1,1,20150317
91299945,"2,5,6-Trimethyldodecane",,C15H32,"InChI=1S/C15H32/c1-6-7-8-9-10-14(4)15(5)12-11-13(2)3/h13-15H,6-12H2,1-5H3",CCCCCCC(C)C(C)CCC(C)C,TUTWMWLRKFHZAV-UHFFFAOYSA-N,"2,5,6-trimethyldodecane",,Patents,,IBM,Research and Development,,212.41,0.0,126,7.5,15,0,0,9,212.250397,212.250397,0,1,0,2,0,2,0,0,0,0,1,1,1,20150317
91300186,4-Methyl-8-propan-2-ylundecane,,C15H32,"InChI=1S/C15H32/c1-6-9-14(5)11-8-12-15(10-7-2)13(3)4/h13-15H,6-12H2,1-5H3",CCCC(C)CCCC(CCC)C(C)C,UXOGLSSISHTHNV-UHFFFAOYSA-N,4-methyl-8-propan-2-ylundecane,,Patents,,IBM|PATENTSCOPE (WIPO),Governmental Organizations|Research and Development,,212.41,0.0,126,7.5,15,0,0,9,212.250397,212.250397,0,1,0,2,0,2,0,0,0,0,2,2,1,20150317
91303219,5-Ethyl-4-methyldodecane,,C15H32,"InChI=1S/C15H32/c1-5-8-9-10-11-13-15(7-3)14(4)12-6-2/h14-15H,5-13H2,1-4H3",CCCCCCCC(CC)C(C)CCC,WEOXVTGVHYEDQX-UHFFFAOYSA-N,5-ethyl-4-methyldodecane,,Patents,,IBM,Research and Development,,212.41,0.0,117,7.8,15,0,0,10,212.250397,212.250397,0,1,0,2,0,2,0,0,0,0,1,1,1,20150317
91306717,"3,3-Dimethyl-4-(2-methylbutan-2-yl)octane",SCHEMBL4442301|SCHEMBL4442304,C15H32,"InChI=1S/C15H32/c1-8-11-12-13(14(4,5)9-2)15(6,7)10-3/h13H,8-12H2,1-7H3",CCCCC(C(C)(C)CC)C(C)(C)CC,PULPGHVXPMCWPU-UHFFFAOYSA-N,"3,3-dimethyl-4-(2-methylbutan-2-yl)octane",,Patents,,IBM|SureChEMBL,Curation Efforts|Research and Development,,212.41,0.0,149,7.2,15,0,0,7,212.250397,212.250397,0,1,0,0,0,0,0,0,0,0,5,2,1,20150317
91309898,"5-Ethyl-3,4,4,7-tetramethylnonane",,C15H32,"InChI=1S/C15H32/c1-8-12(4)11-14(10-3)15(6,7)13(5)9-2/h12-14H,8-11H2,1-7H3",CCC(C)CC(CC)C(C)(C)C(C)CC,IMJBLEMODYGVIT-UHFFFAOYSA-N,"5-ethyl-3,4,4,7-tetramethylnonane",,Patents,,IBM,Research and Development,,212.41,0.0,157,7.0,15,0,0,7,212.250397,212.250397,0,1,0,3,0,3,0,0,0,0,2,2,1,20150317
91311352,"2,3,5,5,6,7-Hexamethylnonane",,C15H32,"InChI=1S/C15H32/c1-9-12(4)14(6)15(7,8)10-13(5)11(2)3/h11-14H,9-10H2,1-8H3",CCC(C)C(C)C(C)(C)CC(C)C(C)C,XJQMECVEYSSBNC-UHFFFAOYSA-N,"2,3,5,5,6,7-hexamethylnonane",,Patents,,IBM,Research and Development,,212.41,0.0,167,6.7,15,0,0,6,212.250397,212.250397,0,1,0,3,0,3,0,0,0,0,3,3,1,20150317
91313510,"6-Ethyl-2,3,4,5-tetramethylnonane",,C15H32,"InChI=1S/C15H32/c1-8-10-15(9-2)14(7)13(6)12(5)11(3)4/h11-15H,8-10H2,1-7H3",CCCC(CC)C(C)C(C)C(C)C(C)C,TWZWESGBRGPXFP-UHFFFAOYSA-N,"6-ethyl-2,3,4,5-tetramethylnonane",,Patents,,IBM,Research and Development,,212.41,0.0,148,6.9,15,0,0,7,212.250397,212.250397,0,1,0,4,0,4,0,0,0,0,1,1,1,20150317
91324405,4-Methyloctane;2-methylpent-2-ene,,C15H32,"InChI=1S/C9H20.C6H12/c1-4-6-8-9(3)7-5-2;1-4-5-6(2)3/h9H,4-8H2,1-3H3;5H,4H2,1-3H3",CCCCC(C)CCC.CCC=C(C)C,FMNDEQFGCBHQEJ-UHFFFAOYSA-N,4-methyloctane;2-methylpent-2-ene,,Patents,,IBM,Research and Development,,212.41,0.0,95,,15,0,0,6,212.250397,212.250397,0,2,0,1,0,1,0,0,0,0,2,1,1,20150317
91330886,"2,3,4,5-Tetramethylundecane",,C15H32,"InChI=1S/C15H32/c1-7-8-9-10-11-13(4)15(6)14(5)12(2)3/h12-15H,7-11H2,1-6H3",CCCCCCC(C)C(C)C(C)C(C)C,AXQXQLXOZYXFKW-UHFFFAOYSA-N,"2,3,4,5-tetramethylundecane",,Patents,,IBM,Research and Development,,212.41,0.0,137,7.2,15,0,0,8,212.250397,212.250397,0,1,0,3,0,3,0,0,0,0,3,3,1,20150317
91331187,"5-Ethyl-2,3,5-trimethyl-4-propan-2-ylheptane",,C15H32,"InChI=1S/C15H32/c1-9-15(8,10-2)14(12(5)6)13(7)11(3)4/h11-14H,9-10H2,1-8H3",CCC(C)(CC)C(C(C)C)C(C)C(C)C,VRQDMBUIJWALPR-UHFFFAOYSA-N,"5-ethyl-2,3,5-trimethyl-4-propan-2-ylheptane",,Patents,,IBM,Research and Development,,212.41,0.0,163,6.7,15,0,0,6,212.250397,212.250397,0,1,0,2,0,2,0,0,0,0,1,1,1,20150317
91337778,"2,4,5,5-Tetramethylundecane",,C15H32,"InChI=1S/C15H32/c1-7-8-9-10-11-15(5,6)14(4)12-13(2)3/h13-14H,7-12H2,1-6H3",CCCCCCC(C)(C)C(C)CC(C)C,KSEANHOERYMUCX-UHFFFAOYSA-N,"2,4,5,5-tetramethylundecane",,Patents,,IBM,Research and Development,,212.41,0.0,144,7.3,15,0,0,8,212.250397,212.250397,0,1,0,1,0,1,0,0,0,0,1,1,1,20150317
91340783,"2,3,6,7-Tetramethylundecane",,C15H32,"InChI=1S/C15H32/c1-7-8-9-14(5)15(6)11-10-13(4)12(2)3/h12-15H,7-11H2,1-6H3",CCCCC(C)C(C)CCC(C)C(C)C,VJGGVTXONXNNCM-UHFFFAOYSA-N,"2,3,6,7-tetramethylundecane",,Patents,,IBM,Research and Development,,212.41,0.0,137,7.2,15,0,0,8,212.250397,212.250397,0,1,0,3,0,3,0,0,0,0,2,2,1,20150317
91343037,2-Methyl-7-propylundecane,,C15H32,"InChI=1S/C15H32/c1-5-7-12-15(10-6-2)13-9-8-11-14(3)4/h14-15H,5-13H2,1-4H3",CCCCC(CCC)CCCCC(C)C,CCUBZIJMJYZRNP-UHFFFAOYSA-N,2-methyl-7-propylundecane,,Patents,,IBM,Research and Development,,212.41,0.0,115,7.8,15,0,0,10,212.250397,212.250397,0,1,0,1,0,1,0,0,0,0,2,2,1,20150317
91346710,"2,4,7,9-Tetramethylundecane",,C15H32,"InChI=1S/C15H32/c1-7-13(4)11-15(6)9-8-14(5)10-12(2)3/h12-15H,7-11H2,1-6H3",CCC(C)CC(C)CCC(C)CC(C)C,ONTUGUNXUNMHDT-UHFFFAOYSA-N,"2,4,7,9-tetramethylundecane",,Patents,,IBM,Research and Development,,212.41,0.0,137,7.2,15,0,0,8,212.250397,212.250397,0,1,0,3,0,3,0,0,0,0,1,1,1,20150317
91352543,"4-Ethyl-2,2,4,5,5,6-hexamethylheptane",,C15H32,"InChI=1S/C15H32/c1-10-15(9,11-13(4,5)6)14(7,8)12(2)3/h12H,10-11H2,1-9H3",CCC(C)(CC(C)(C)C)C(C)(C)C(C)C,FSAWXNBPWLOTNW-UHFFFAOYSA-N,"4-ethyl-2,2,4,5,5,6-hexamethylheptane",,Patents,,IBM,Research and Development,,212.41,0.0,193,6.7,15,0,0,5,212.250397,212.250397,0,1,0,1,0,1,0,0,0,0,1,1,1,20150317
91361156,4-Ethyl-5-methyldodecane,SCHEMBL4653211,C15H32,"InChI=1S/C15H32/c1-5-8-9-10-11-13-14(4)15(7-3)12-6-2/h14-15H,5-13H2,1-4H3",CCCCCCCC(C)C(CC)CCC,SKIRGNUJAKMZCP-UHFFFAOYSA-N,4-ethyl-5-methyldodecane,,Patents,,IBM|SureChEMBL,Curation Efforts|Research and Development,,212.41,0.0,117,7.8,15,0,0,10,212.250397,212.250397,0,1,0,2,0,2,0,0,0,0,6,5,1,20150317
91365890,"4,6-Diethylundecane",SCHEMBL4274265|SCHEMBL4274268,C15H32,"InChI=1S/C15H32/c1-5-9-10-12-15(8-4)13-14(7-3)11-6-2/h14-15H,5-13H2,1-4H3",CCCCCC(CC)CC(CC)CCC,IDRMVBRKLHCRPF-UHFFFAOYSA-N,"4,6-diethylundecane",,Patents,,IBM|SureChEMBL,Curation Efforts|Research and Development,,212.41,0.0,117,7.8,15,0,0,10,212.250397,212.250397,0,1,0,2,0,2,0,0,0,0,11,3,1,20150317
91366927,"3-Ethyl-2,5,6,7-tetramethylnonane",,C15H32,"InChI=1S/C15H32/c1-8-12(5)14(7)13(6)10-15(9-2)11(3)4/h11-15H,8-10H2,1-7H3",CCC(C)C(C)C(C)CC(CC)C(C)C,SKCMAVUYYNAKJI-UHFFFAOYSA-N,"3-ethyl-2,5,6,7-tetramethylnonane",,Patents,,IBM,Research and Development,,212.41,0.0,148,6.9,15,0,0,7,212.250397,212.250397,0,1,0,4,0,4,0,0,0,0,1,1,1,20150317
91369693,"2,3,4,4-Tetramethylundecane",,C15H32,"InChI=1S/C15H32/c1-7-8-9-10-11-12-15(5,6)14(4)13(2)3/h13-14H,7-12H2,1-6H3",CCCCCCCC(C)(C)C(C)C(C)C,JDKPERPRPLCJMW-UHFFFAOYSA-N,"2,3,4,4-tetramethylundecane",,Patents,,IBM,Research and Development,,212.41,0.0,144,7.3,15,0,0,8,212.250397,212.250397,0,1,0,1,0,1,0,0,0,0,2,2,1,20150317
91370129,"2,3,3,7,8-Pentamethyldecane",,C15H32,"InChI=1S/C15H32/c1-8-13(4)14(5)10-9-11-15(6,7)12(2)3/h12-14H,8-11H2,1-7H3",CCC(C)C(C)CCCC(C)(C)C(C)C,KPHVJATWOBHWDL-UHFFFAOYSA-N,"2,3,3,7,8-pentamethyldecane",,Patents,,IBM,Research and Development,,212.41,0.0,155,7.0,15,0,0,7,212.250397,212.250397,0,1,0,2,0,2,0,0,0,0,2,2,1,20150317
91373064,"2,4,5,7-Tetramethylundecane",,C15H32,"InChI=1S/C15H32/c1-7-8-9-13(4)11-15(6)14(5)10-12(2)3/h12-15H,7-11H2,1-6H3",CCCCC(C)CC(C)C(C)CC(C)C,DMPNGYAMMNUAHM-UHFFFAOYSA-N,"2,4,5,7-tetramethylundecane",,Patents,,IBM,Research and Development,,212.41,0.0,137,7.2,15,0,0,8,212.250397,212.250397,0,1,0,3,0,3,0,0,0,0,2,2,1,20150317
91374319,"5-Ethyl-2,3,4,7-tetramethylnonane",,C15H32,"InChI=1S/C15H32/c1-8-12(5)10-15(9-2)14(7)13(6)11(3)4/h11-15H,8-10H2,1-7H3",CCC(C)CC(CC)C(C)C(C)C(C)C,CASZBLKDCNAROQ-UHFFFAOYSA-N,"5-ethyl-2,3,4,7-tetramethylnonane",,Patents,,IBM,Research and Development,,212.41,0.0,148,6.9,15,0,0,7,212.250397,212.250397,0,1,0,4,0,4,0,0,0,0,1,1,1,20150317
91380093,"2,2,3,4,4-Pentamethyl-3-propan-2-ylheptane",,C15H32,"InChI=1S/C15H32/c1-10-11-14(7,8)15(9,12(2)3)13(4,5)6/h12H,10-11H2,1-9H3",CCCC(C)(C)C(C)(C(C)C)C(C)(C)C,XHUCKQQQNHJXAF-UHFFFAOYSA-N,"2,2,3,4,4-pentamethyl-3-propan-2-ylheptane",,Patents,,IBM,Research and Development,,212.41,0.0,193,6.7,15,0,0,5,212.250397,212.250397,0,1,0,1,0,1,0,0,0,0,1,1,1,20150317
91383168,"2,2,4,6-Tetramethyl-5-propyloctane",,C15H32,"InChI=1S/C15H32/c1-8-10-14(12(3)9-2)13(4)11-15(5,6)7/h12-14H,8-11H2,1-7H3",CCCC(C(C)CC)C(C)CC(C)(C)C,KNINFMVUEZCTCG-UHFFFAOYSA-N,"2,2,4,6-tetramethyl-5-propyloctane",,Patents,,IBM,Research and Development,,212.41,0.0,152,7.0,15,0,0,7,212.250397,212.250397,0,1,0,3,0,3,0,0,0,0,1,1,1,20150317
91384721,"4-Ethyl-3,5,8-trimethyldecane",,C15H32,"InChI=1S/C15H32/c1-7-12(4)10-11-14(6)15(9-3)13(5)8-2/h12-15H,7-11H2,1-6H3",CCC(C)CCC(C)C(CC)C(C)CC,GFCRZKIJOREKNA-UHFFFAOYSA-N,"4-ethyl-3,5,8-trimethyldecane",,Patents,,IBM,Research and Development,,212.41,0.0,139,7.2,15,0,0,8,212.250397,212.250397,0,1,0,4,0,4,0,0,0,0,1,1,1,20150317
91386961,"5-Ethyl-3,4,5,6-tetramethylnonane",,C15H32,"InChI=1S/C15H32/c1-8-11-13(5)15(7,10-3)14(6)12(4)9-2/h12-14H,8-11H2,1-7H3",CCCC(C)C(C)(CC)C(C)C(C)CC,UNEJJOXUCZXXPL-UHFFFAOYSA-N,"5-ethyl-3,4,5,6-tetramethylnonane",,Patents,,IBM,Research and Development,,212.41,0.0,161,7.0,15,0,0,7,212.250397,212.250397,0,1,0,4,0,4,0,0,0,0,1,1,1,20150317
91387377,"2,2,6,9-Tetramethylundecane",,C15H32,"InChI=1S/C15H32/c1-7-13(2)10-11-14(3)9-8-12-15(4,5)6/h13-14H,7-12H2,1-6H3",CCC(C)CCC(C)CCCC(C)(C)C,RIPDWJYLJBOLQU-UHFFFAOYSA-N,"2,2,6,9-tetramethylundecane",,Patents,,IBM,Research and Development,,212.41,0.0,141,7.3,15,0,0,8,212.250397,212.250397,0,1,0,2,0,2,0,0,0,0,1,1,1,20150317
91403969,"2,4,4,6,6-Pentamethyldecane",SCHEMBL20541317,C15H32,"InChI=1S/C15H32/c1-8-9-10-14(4,5)12-15(6,7)11-13(2)3/h13H,8-12H2,1-7H3",CCCCC(C)(C)CC(C)(C)CC(C)C,HALIYXNJOALTLB-UHFFFAOYSA-N,"2,4,4,6,6-pentamethyldecane",,Patents,,IBM|SureChEMBL,Curation Efforts|Research and Development,,212.41,0.0,163,7.2,15,0,0,7,212.250397,212.250397,0,1,0,0,0,0,0,0,0,0,16,6,1,20150317
91405553,"2,2,4,5,6-Pentamethyl-3-propan-2-ylheptane",,C15H32,"InChI=1S/C15H32/c1-10(2)12(5)13(6)14(11(3)4)15(7,8)9/h10-14H,1-9H3",CC(C)C(C)C(C)C(C(C)C)C(C)(C)C,ZYGPLFQXVDETDQ-UHFFFAOYSA-N,"2,2,4,5,6-pentamethyl-3-propan-2-ylheptane",,Patents,,IBM,Research and Development,,212.41,0.0,171,6.5,15,0,0,5,212.250397,212.250397,0,1,0,3,0,3,0,0,0,0,1,1,1,20150317
91411783,"2,3,10-Trimethyldodecane",SCHEMBL4343558,C15H32,"InChI=1S/C15H32/c1-6-14(4)11-9-7-8-10-12-15(5)13(2)3/h13-15H,6-12H2,1-5H3",CCC(C)CCCCCCC(C)C(C)C,HOQPECWVBZCCMA-UHFFFAOYSA-N,"2,3,10-trimethyldodecane",,Patents,,Google Patents|IBM|PATENTSCOPE (WIPO)|SureChEMBL,Curation Efforts|Governmental Organizations|Research and Development,,212.41,0.0,126,7.5,15,0,0,9,212.250397,212.250397,0,1,0,2,0,2,0,0,0,0,9,5,1,20150317
91411996,"4,4,7-Trimethyldodecane",,C15H32,"InChI=1S/C15H32/c1-6-8-9-10-14(3)11-13-15(4,5)12-7-2/h14H,6-13H2,1-5H3",CCCCCC(C)CCC(C)(C)CCC,WSKCQLHBAPWWKL-UHFFFAOYSA-N,"4,4,7-trimethyldodecane",,Patents,,IBM,Research and Development,,212.41,0.0,135,7.6,15,0,0,9,212.250397,212.250397,0,1,0,1,0,1,0,0,0,0,1,1,1,20150317
91422892,"3,3,5,5,6,7-Hexamethylnonane",,C15H32,"InChI=1S/C15H32/c1-9-12(3)13(4)15(7,8)11-14(5,6)10-2/h12-13H,9-11H2,1-8H3",CCC(C)C(C)C(C)(C)CC(C)(C)CC,LRTOBAGMXNLRSO-UHFFFAOYSA-N,"3,3,5,5,6,7-hexamethylnonane",,Patents,,IBM,Research and Development,,212.41,0.0,176,6.9,15,0,0,6,212.250397,212.250397,0,1,0,2,0,2,0,0,0,0,1,1,1,20150317
91423917,"4-Ethyl-3,3-dimethylundecane",SCHEMBL29163123,C15H32,"InChI=1S/C15H32/c1-6-9-10-11-12-13-14(7-2)15(4,5)8-3/h14H,6-13H2,1-5H3",CCCCCCCC(CC)C(C)(C)CC,NQUQDCPWOBXART-UHFFFAOYSA-N,"4-ethyl-3,3-dimethylundecane",,Patents,,IBM|SureChEMBL,Curation Efforts|Research and Development,,212.41,0.0,135,7.6,15,0,0,9,212.250397,212.250397,0,1,0,1,0,1,0,0,0,0,2,2,1,20150317
91428414,"3,8,8-Trimethyldodecane",,C15H32,"InChI=1S/C15H32/c1-6-8-12-15(4,5)13-10-9-11-14(3)7-2/h14H,6-13H2,1-5H3",CCCCC(C)(C)CCCCC(C)CC,WTLOAVMIADOBBN-UHFFFAOYSA-N,"3,8,8-trimethyldodecane",,Patents,,IBM,Research and Development,,212.41,0.0,135,7.6,15,0,0,9,212.250397,212.250397,0,1,0,1,0,1,0,0,0,0,2,2,1,20150317
91432333,"2,3,8-Trimethyl-5-propan-2-ylnonane",SCHEMBL3455199,C15H32,"InChI=1S/C15H32/c1-11(2)8-9-15(13(5)6)10-14(7)12(3)4/h11-15H,8-10H2,1-7H3",CC(C)CCC(CC(C)C(C)C)C(C)C,SUHKESIYTONXLE-UHFFFAOYSA-N,"2,3,8-trimethyl-5-propan-2-ylnonane",,Patents,,Google Patents|IBM|PATENTSCOPE (WIPO)|SureChEMBL,Curation Efforts|Governmental Organizations|Research and Development,,212.41,0.0,144,6.9,15,0,0,7,212.250397,212.250397,0,1,0,2,0,2,0,0,0,0,16,4,1,20150317
91439985,"6-Ethyl-2,3,6,8-tetramethylnonane",,C15H32,"InChI=1S/C15H32/c1-8-15(7,11-12(2)3)10-9-14(6)13(4)5/h12-14H,8-11H2,1-7H3",CCC(C)(CCC(C)C(C)C)CC(C)C,JHYUVCPRAXUGKA-UHFFFAOYSA-N,"6-ethyl-2,3,6,8-tetramethylnonane",,Patents,,IBM,Research and Development,,212.41,0.0,157,7.0,15,0,0,7,212.250397,212.250397,0,1,0,2,0,2,0,0,0,0,1,1,1,20150317
91441542,"3-Ethyl-2,4,6-trimethyl-5-propan-2-ylheptane",,C15H32,"InChI=1S/C15H32/c1-9-14(10(2)3)13(8)15(11(4)5)12(6)7/h10-15H,9H2,1-8H3",CCC(C(C)C)C(C)C(C(C)C)C(C)C,UBNJCOWWFWXKAJ-UHFFFAOYSA-N,"3-ethyl-2,4,6-trimethyl-5-propan-2-ylheptane",,Patents,,IBM,Research and Development,,212.41,0.0,147,6.6,15,0,0,6,212.250397,212.250397,0,1,0,2,0,2,0,0,0,0,1,1,1,20150317
91449216,"4,4,8,8-Tetramethylundecane",,C15H32,"InChI=1S/C15H32/c1-7-10-14(3,4)12-9-13-15(5,6)11-8-2/h7-13H2,1-6H3",CCCC(C)(C)CCCC(C)(C)CCC,DSRZDMNNNCUJKB-UHFFFAOYSA-N,"4,4,8,8-tetramethylundecane",,Patents,,IBM,Research and Development,,212.41,0.0,135,7.5,15,0,0,8,212.250397,212.250397,0,1,0,0,0,0,0,0,0,0,1,1,1,20150317
91454813,"3,7-Diethyl-2-methyldecane",,C15H32,"InChI=1S/C15H32/c1-6-10-14(7-2)11-9-12-15(8-3)13(4)5/h13-15H,6-12H2,1-5H3",CCCC(CC)CCCC(CC)C(C)C,JXAZLSBVEMBLFX-UHFFFAOYSA-N,"3,7-diethyl-2-methyldecane",,Patents,,IBM,Research and Development,,212.41,0.0,126,7.5,15,0,0,9,212.250397,212.250397,0,1,0,2,0,2,0,0,0,0,1,1,1,20150317
91456896,"2,2,5,9-Tetramethylundecane",,C15H32,"InChI=1S/C15H32/c1-7-13(2)9-8-10-14(3)11-12-15(4,5)6/h13-14H,7-12H2,1-6H3",CCC(C)CCCC(C)CCC(C)(C)C,KPUUDVAFPRLGGU-UHFFFAOYSA-N,"2,2,5,9-tetramethylundecane",,Patents,,IBM,Research and Development,,212.41,0.0,141,7.3,15,0,0,8,212.250397,212.250397,0,1,0,2,0,2,0,0,0,0,1,1,1,20150317
91457350,"6-Ethyl-5,7-dimethylundecane",,C15H32,"InChI=1S/C15H32/c1-6-9-11-13(4)15(8-3)14(5)12-10-7-2/h13-15H,6-12H2,1-5H3",CCCCC(C)C(CC)C(C)CCCC,DAPWEKQXYNBQJN-UHFFFAOYSA-N,"6-ethyl-5,7-dimethylundecane",,Patents,,IBM,Research and Development,,212.41,0.0,114,7.5,15,0,0,9,212.250397,212.250397,0,1,0,2,0,2,0,0,0,0,1,1,1,20150317
91465978,"3,4,4-Trimethyl-5-propan-2-ylnonane",,C15H32,"InChI=1S/C15H32/c1-8-10-11-14(12(3)4)15(6,7)13(5)9-2/h12-14H,8-11H2,1-7H3",CCCCC(C(C)C)C(C)(C)C(C)CC,ANXHHBYHGZWBFF-UHFFFAOYSA-N,"3,4,4-trimethyl-5-propan-2-ylnonane",,Patents,,IBM,Research and Development,,212.41,0.0,155,7.0,15,0,0,7,212.250397,212.250397,0,1,0,2,0,2,0,0,0,0,1,1,1,20150317
91471052,"2,3,4,5,7-Pentamethyldecane",,C15H32,"InChI=1S/C15H32/c1-8-9-12(4)10-13(5)15(7)14(6)11(2)3/h11-15H,8-10H2,1-7H3",CCCC(C)CC(C)C(C)C(C)C(C)C,BYOHGNOKFKHOJX-UHFFFAOYSA-N,"2,3,4,5,7-pentamethyldecane",,Patents,,IBM,Research and Development,,212.41,0.0,148,6.9,15,0,0,7,212.250397,212.250397,0,1,0,4,0,4,0,0,0,0,4,4,1,20150317
91471196,"2,2,3,6,6-Pentamethyl-4-propan-2-ylheptane",,C15H32,"InChI=1S/C15H32/c1-11(2)13(10-14(4,5)6)12(3)15(7,8)9/h11-13H,10H2,1-9H3",CC(C)C(CC(C)(C)C)C(C)C(C)(C)C,DCTZFQJKWBKNCE-UHFFFAOYSA-N,"2,2,3,6,6-pentamethyl-4-propan-2-ylheptane",,Patents,,IBM,Research and Development,,212.41,0.0,175,6.6,15,0,0,5,212.250397,212.250397,0,1,0,2,0,2,0,0,0,0,1,1,1,20150317
91481654,Benzene;ethane;propane,,C15H32,"InChI=1S/C6H6.C3H8.3C2H6/c1-2-4-6-5-3-1;1-3-2;3*1-2/h1-6H;3H2,1-2H3;3*1-2H3",CC.CC.CC.CCC.C1=CC=CC=C1,NOFOWZRSTUOINK-UHFFFAOYSA-N,benzene;ethane;propane,,Patents,,Google Patents|IBM|PATENTSCOPE (WIPO),Governmental Organizations|Research and Development,,212.41,0.0,15,,15,0,0,0,212.250397,212.250397,0,5,0,0,0,0,0,0,0,0,19,14,1,20150317
91491625,"5-Butyl-3,6-dimethylnonane",,C15H32,"InChI=1S/C15H32/c1-6-9-11-15(12-13(4)8-3)14(5)10-7-2/h13-15H,6-12H2,1-5H3",CCCCC(CC(C)CC)C(C)CCC,ZGZAVEXMCGZLFX-UHFFFAOYSA-N,"5-butyl-3,6-dimethylnonane",,Patents,,IBM,Research and Development,,212.41,0.0,128,7.5,15,0,0,9,212.250397,212.250397,0,1,0,3,0,3,0,0,0,0,2,2,1,20150317
91494913,"4,5,6,7-Tetramethylundecane",,C15H32,"InChI=1S/C15H32/c1-7-9-11-13(4)15(6)14(5)12(3)10-8-2/h12-15H,7-11H2,1-6H3",CCCCC(C)C(C)C(C)C(C)CCC,QQOLHZVMJIIJBK-UHFFFAOYSA-N,"4,5,6,7-tetramethylundecane",,Patents,,IBM,Research and Development,,212.41,0.0,139,7.2,15,0,0,8,212.250397,212.250397,0,1,0,4,0,4,0,0,0,0,1,1,1,20150317
91496632,5-Ethyl-2-methyl-5-propylnonane,,C15H32,"InChI=1S/C15H32/c1-6-9-12-15(8-3,11-7-2)13-10-14(4)5/h14H,6-13H2,1-5H3",CCCCC(CC)(CCC)CCC(C)C,ANXGSWIKVNQSGM-UHFFFAOYSA-N,5-ethyl-2-methyl-5-propylnonane,,Patents,,IBM,Research and Development,,212.41,0.0,137,7.6,15,0,0,9,212.250397,212.250397,0,1,0,1,0,1,0,0,0,0,2,2,1,20150317
91499737,"5,6-Dimethyl-4-propyldecane",,C15H32,"InChI=1S/C15H32/c1-6-9-12-13(4)14(5)15(10-7-2)11-8-3/h13-15H,6-12H2,1-5H3",CCCCC(C)C(C)C(CCC)CCC,VIPGZWBYUXBZDD-UHFFFAOYSA-N,"5,6-dimethyl-4-propyldecane",,Patents,,IBM,Research and Development,,212.41,0.0,122,7.5,15,0,0,9,212.250397,212.250397,0,1,0,2,0,2,0,0,0,0,2,2,1,20150317
91504342,"4,6-Dimethyltridecane",SCHEMBL4271944|SCHEMBL4271949,C15H32,"InChI=1S/C15H32/c1-5-7-8-9-10-12-15(4)13-14(3)11-6-2/h14-15H,5-13H2,1-4H3",CCCCCCCC(C)CC(C)CCC,MQHXBRQXKJTDHM-UHFFFAOYSA-N,"4,6-dimethyltridecane",,Patents,,IBM|SureChEMBL,Curation Efforts|Research and Development,,212.41,0.0,117,7.8,15,0,0,10,212.250397,212.250397,0,1,0,2,0,2,0,0,0,0,12,4,1,20150317
91505778,"4-Ethyl-3,4,8-trimethyldecane",,C15H32,"InChI=1S/C15H32/c1-7-13(4)11-10-12-15(6,9-3)14(5)8-2/h13-14H,7-12H2,1-6H3",CCC(C)CCCC(C)(CC)C(C)CC,YFHZPYNTMKZLCZ-UHFFFAOYSA-N,"4-ethyl-3,4,8-trimethyldecane",,Patents,,IBM,Research and Development,,212.41,0.0,150,7.3,15,0,0,8,212.250397,212.250397,0,1,0,3,0,3,0,0,0,0,1,1,1,20150317
91507190,4-Tert-butyl-3-methyldecane,,C15H32,"InChI=1S/C15H32/c1-7-9-10-11-12-14(13(3)8-2)15(4,5)6/h13-14H,7-12H2,1-6H3",CCCCCCC(C(C)CC)C(C)(C)C,LZYOFSXNHDCBTG-UHFFFAOYSA-N,4-tert-butyl-3-methyldecane,,Patents,,IBM,Research and Development,,212.41,0.0,141,7.3,15,0,0,8,212.250397,212.250397,0,1,0,2,0,2,0,0,0,0,1,1,1,20150317
91508189,5-Butan-2-yl-4-ethylnonane,,C15H32,"InChI=1S/C15H32/c1-6-10-12-15(13(5)8-3)14(9-4)11-7-2/h13-15H,6-12H2,1-5H3",CCCCC(C(C)CC)C(CC)CCC,TZGKMNQXLMHSSQ-UHFFFAOYSA-N,5-butan-2-yl-4-ethylnonane,,Patents,,IBM,Research and Development,,212.41,0.0,128,7.5,15,0,0,9,212.250397,212.250397,0,1,0,3,0,3,0,0,0,0,1,1,1,20150317
91526510,"5-Tert-butyl-4,6-dimethylnonane",,C15H32,"InChI=1S/C15H32/c1-8-10-12(3)14(15(5,6)7)13(4)11-9-2/h12-14H,8-11H2,1-7H3",CCCC(C)C(C(C)CCC)C(C)(C)C,FMMFTOKKUONPIB-UHFFFAOYSA-N,"5-tert-butyl-4,6-dimethylnonane",,Patents,,IBM,Research and Development,,212.41,0.0,140,7.0,15,0,0,7,212.250397,212.250397,0,1,0,2,0,2,0,0,0,0,2,1,1,20150317
91537586,"2,3,3,4,4,5,6-Heptamethyloctane",,C15H32,"InChI=1S/C15H32/c1-10-12(4)13(5)15(8,9)14(6,7)11(2)3/h11-13H,10H2,1-9H3",CCC(C)C(C)C(C)(C)C(C)(C)C(C)C,SAEYDFUEELKUDC-UHFFFAOYSA-N,"2,3,3,4,4,5,6-heptamethyloctane",,Patents,,IBM,Research and Development,,212.41,0.0,186,6.6,15,0,0,5,212.250397,212.250397,0,1,0,2,0,2,0,0,0,0,1,1,1,20150317
91547408,"5-Tert-butyl-3,7-dimethylnonane",SCHEMBL4654412|SCHEMBL4654414,C15H32,"InChI=1S/C15H32/c1-8-12(3)10-14(15(5,6)7)11-13(4)9-2/h12-14H,8-11H2,1-7H3",CCC(C)CC(CC(C)CC)C(C)(C)C,XYAIQLRBJSZKKT-UHFFFAOYSA-N,"5-tert-butyl-3,7-dimethylnonane",,Patents,,IBM|SureChEMBL,Curation Efforts|Research and Development,,212.41,0.0,140,7.0,15,0,0,7,212.250397,212.250397,0,1,0,2,0,2,0,0,0,0,2,1,1,20150317
91548384,"3,7-Diethyl-2,8-dimethylnonane",,C15H32,"InChI=1S/C15H32/c1-7-14(12(3)4)10-9-11-15(8-2)13(5)6/h12-15H,7-11H2,1-6H3",CCC(CCCC(CC)C(C)C)C(C)C,LIDPFQIPXGQQPY-UHFFFAOYSA-N,"3,7-diethyl-2,8-dimethylnonane",,Patents,,IBM,Research and Development,,212.41,0.0,119,7.2,15,0,0,8,212.250397,212.250397,0,1,0,2,0,2,0,0,0,0,1,1,1,20150317
91550568,"2,4,4,5-Tetramethylundecane",,C15H32,"InChI=1S/C15H32/c1-7-8-9-10-11-14(4)15(5,6)12-13(2)3/h13-14H,7-12H2,1-6H3",CCCCCCC(C)C(C)(C)CC(C)C,PWCPHIBSNSVZAV-UHFFFAOYSA-N,"2,4,4,5-tetramethylundecane",,Patents,,IBM,Research and Development,,212.41,0.0,144,7.3,15,0,0,8,212.250397,212.250397,0,1,0,1,0,1,0,0,0,0,3,3,1,20150317
91551463,"5-Ethyl-2,3,7-trimethyldecane",,C15H32,"InChI=1S/C15H32/c1-7-9-13(5)10-15(8-2)11-14(6)12(3)4/h12-15H,7-11H2,1-6H3",CCCC(C)CC(CC)CC(C)C(C)C,IPZWRQNEBYTULS-UHFFFAOYSA-N,"5-ethyl-2,3,7-trimethyldecane",,Patents,,IBM,Research and Development,,212.41,0.0,137,7.2,15,0,0,8,212.250397,212.250397,0,1,0,3,0,3,0,0,0,0,1,1,1,20150317
91553818,"6-Ethyl-2,4,5,7-tetramethylnonane",,C15H32,"InChI=1S/C15H32/c1-8-12(5)15(9-2)14(7)13(6)10-11(3)4/h11-15H,8-10H2,1-7H3",CCC(C)C(CC)C(C)C(C)CC(C)C,VQFYIRRVDJRTJI-UHFFFAOYSA-N,"6-ethyl-2,4,5,7-tetramethylnonane",,Patents,,IBM,Research and Development,,212.41,0.0,148,6.9,15,0,0,7,212.250397,212.250397,0,1,0,4,0,4,0,0,0,0,2,2,1,20150317
91556905,"4-Ethyl-3,5-dimethyl-5-propyloctane",,C15H32,"InChI=1S/C15H32/c1-7-11-15(6,12-8-2)14(10-4)13(5)9-3/h13-14H,7-12H2,1-6H3",CCCC(C)(CCC)C(CC)C(C)CC,GGOPCUBZLVYCHF-UHFFFAOYSA-N,"4-ethyl-3,5-dimethyl-5-propyloctane",,Patents,,IBM,Research and Development,,212.41,0.0,142,7.3,15,0,0,8,212.250397,212.250397,0,1,0,2,0,2,0,0,0,0,1,1,1,20150317
91562981,"2,4,5,6,8-Pentamethyldecane",,C15H32,"InChI=1S/C15H32/c1-8-12(4)10-14(6)15(7)13(5)9-11(2)3/h11-15H,8-10H2,1-7H3",CCC(C)CC(C)C(C)C(C)CC(C)C,HWFAYGZAEJLVRW-UHFFFAOYSA-N,"2,4,5,6,8-pentamethyldecane",,Patents,,IBM,Research and Development,,212.41,0.0,148,6.9,15,0,0,7,212.250397,212.250397,0,1,0,4,0,4,0,0,0,0,3,3,1,20150317
91565022,3-Ethyl-2-methyl-5-propan-2-ylnonane,,C15H32,"InChI=1S/C15H32/c1-7-9-10-15(13(5)6)11-14(8-2)12(3)4/h12-15H,7-11H2,1-6H3",CCCCC(CC(CC)C(C)C)C(C)C,RABIFXNQDKCEHO-UHFFFAOYSA-N,3-ethyl-2-methyl-5-propan-2-ylnonane,,Patents,,IBM,Research and Development,,212.41,0.0,135,7.2,15,0,0,8,212.250397,212.250397,0,1,0,2,0,2,0,0,0,0,2,2,1,20150317
91565597,"4,5,6-Triethylnonane",,C15H32,"InChI=1S/C15H32/c1-6-11-13(8-3)15(10-5)14(9-4)12-7-2/h13-15H,6-12H2,1-5H3",CCCC(CC)C(CC)C(CC)CCC,VMSYAHYUSFKUDH-UHFFFAOYSA-N,"4,5,6-triethylnonane",,Patents,,Google Patents|IBM|PATENTSCOPE (WIPO),Governmental Organizations|Research and Development,,212.41,0.0,114,7.5,15,0,0,9,212.250397,212.250397,0,1,0,2,0,2,0,0,0,0,1,1,1,20150317
91566262,"3,3,6,6-Tetramethyl-4-propyloctane",,C15H32,"InChI=1S/C15H32/c1-8-11-13(15(6,7)10-3)12-14(4,5)9-2/h13H,8-12H2,1-7H3",CCCC(CC(C)(C)CC)C(C)(C)CC,CQHRUUMYFABPJP-UHFFFAOYSA-N,"3,3,6,6-tetramethyl-4-propyloctane",,Patents,,IBM,Research and Development,,212.41,0.0,165,7.2,15,0,0,7,212.250397,212.250397,0,1,0,1,0,1,0,0,0,0,1,1,1,20150317
91570209,"4-Ethyl-5,6,7-trimethyldecane",,C15H32,"InChI=1S/C15H32/c1-7-10-12(4)13(5)14(6)15(9-3)11-8-2/h12-15H,7-11H2,1-6H3",CCCC(C)C(C)C(C)C(CC)CCC,JDFLOLHWDQLGMT-UHFFFAOYSA-N,"4-ethyl-5,6,7-trimethyldecane",,Patents,,IBM,Research and Development,,212.41,0.0,139,7.2,15,0,0,8,212.250397,212.250397,0,1,0,4,0,4,0,0,0,0,3,3,1,20150317
91572124,"5-Ethyl-2,3,5,7-tetramethylnonane",,C15H32,"InChI=1S/C15H32/c1-8-13(5)10-15(7,9-2)11-14(6)12(3)4/h12-14H,8-11H2,1-7H3",CCC(C)CC(C)(CC)CC(C)C(C)C,MTXHTULQLFNETH-UHFFFAOYSA-N,"5-ethyl-2,3,5,7-tetramethylnonane",,Patents,,IBM,Research and Development,,212.41,0.0,159,7.0,15,0,0,7,212.250397,212.250397,0,1,0,3,0,3,0,0,0,0,1,1,1,20150317
91583900,"1,4-Dimethylcyclohexane;3,3-dimethylpentane",,C15H32,"InChI=1S/C8H16.C7H16/c1-7-3-5-8(2)6-4-7;1-5-7(3,4)6-2/h7-8H,3-6H2,1-2H3;5-6H2,1-4H3",CCC(C)(C)CC.CC1CCC(CC1)C,GKJMPHVBGXWEKB-UHFFFAOYSA-N,"1,4-dimethylcyclohexane;3,3-dimethylpentane",,Patents,,IBM,Research and Development,,212.41,0.0,86,,15,0,0,2,212.250397,212.250397,0,2,0,0,0,0,0,0,0,0,2,1,1,20150317
91584270,"4-Methyl-4,5-dipropyloctane",,C15H32,"InChI=1S/C15H32/c1-6-10-14(11-7-2)15(5,12-8-3)13-9-4/h14H,6-13H2,1-5H3",CCCC(CCC)C(C)(CCC)CCC,PCBMFWDCOCZBRR-UHFFFAOYSA-N,"4-methyl-4,5-dipropyloctane",,Patents,,IBM,Research and Development,,212.41,0.0,125,7.6,15,0,0,9,212.250397,212.250397,0,1,0,0,0,0,0,0,0,0,1,1,1,20150317
91584876,"3,4,4,5,6,7-Hexamethylnonane",,C15H32,"InChI=1S/C15H32/c1-9-11(3)13(5)14(6)15(7,8)12(4)10-2/h11-14H,9-10H2,1-8H3",CCC(C)C(C)C(C)C(C)(C)C(C)CC,NVVUVYIAPLIOGG-UHFFFAOYSA-N,"3,4,4,5,6,7-hexamethylnonane",,Patents,,IBM,Research and Development,,212.41,0.0,169,6.7,15,0,0,6,212.250397,212.250397,0,1,0,4,0,4,0,0,0,0,2,2,1,20150317
91590999,"4-Tert-butyl-4-ethyl-2,2-dimethylheptane",,C15H32,"InChI=1S/C15H32/c1-9-11-15(10-2,14(6,7)8)12-13(3,4)5/h9-12H2,1-8H3",CCCC(CC)(CC(C)(C)C)C(C)(C)C,GNDSYCJXDBZVHT-UHFFFAOYSA-N,"4-tert-butyl-4-ethyl-2,2-dimethylheptane",,Patents,,IBM,Research and Development,,212.41,0.0,177,7.0,15,0,0,6,212.250397,212.250397,0,1,0,1,0,1,0,0,0,0,1,1,1,20150318
91597687,"1,2,3,4,4a,5,6,7,8,8a-Decahydronaphthalene;ethane;propane",,C15H32,"InChI=1S/C10H18.C3H8.C2H6/c1-2-6-10-8-4-3-7-9(10)5-1;1-3-2;1-2/h9-10H,1-8H2;3H2,1-2H3;1-2H3",CC.CCC.C1CCC2CCCCC2C1,KUOXHSWUOIUFNV-UHFFFAOYSA-N,"1,2,3,4,4a,5,6,7,8,8a-decahydronaphthalene;ethane;propane",,Patents,,IBM,Research and Development,,212.41,0.0,80,,15,0,0,0,212.250397,212.250397,0,3,0,0,0,0,0,0,0,0,14,8,1,20150318
91600374,"3,4-Dimethyl-7-propan-2-yldecane",,C15H32,"InChI=1S/C15H32/c1-7-9-15(12(3)4)11-10-14(6)13(5)8-2/h12-15H,7-11H2,1-6H3",CCCC(CCC(C)C(C)CC)C(C)C,HOFAHLATUVJOPI-UHFFFAOYSA-N,"3,4-dimethyl-7-propan-2-yldecane",,Patents,,IBM,Research and Development,,212.41,0.0,137,7.2,15,0,0,8,212.250397,212.250397,0,1,0,3,0,3,0,0,0,0,2,2,1,20150318
91603889,"2,3,7,10-Tetramethylundecane",,C15H32,"InChI=1S/C15H32/c1-12(2)10-11-14(5)8-7-9-15(6)13(3)4/h12-15H,7-11H2,1-6H3",CC(C)CCC(C)CCCC(C)C(C)C,FFVZKQVJEKYTDB-UHFFFAOYSA-N,"2,3,7,10-tetramethylundecane",,Patents,,IBM,Research and Development,,212.41,0.0,135,7.2,15,0,0,8,212.250397,212.250397,0,1,0,2,0,2,0,0,0,0,2,2,1,20150318
91604366,"2,3,4,5,7,8-Hexamethylnonane",,C15H32,"InChI=1S/C15H32/c1-10(2)12(5)9-13(6)15(8)14(7)11(3)4/h10-15H,9H2,1-8H3",CC(C)C(C)CC(C)C(C)C(C)C(C)C,IOCRAHBYLKNCQD-UHFFFAOYSA-N,"2,3,4,5,7,8-hexamethylnonane",,Patents,,IBM,Research and Development,,212.41,0.0,157,6.6,15,0,0,6,212.250397,212.250397,0,1,0,4,0,4,0,0,0,0,7,7,1,20150318
91609080,"5-Ethyl-2,2,9-trimethyldecane",,C15H32,"InChI=1S/C15H32/c1-7-14(10-8-9-13(2)3)11-12-15(4,5)6/h13-14H,7-12H2,1-6H3",CCC(CCCC(C)C)CCC(C)(C)C,ZSBVUPSBESTZFI-UHFFFAOYSA-N,"5-ethyl-2,2,9-trimethyldecane",,Patents,,IBM,Research and Development,,212.41,0.0,139,7.3,15,0,0,8,212.250397,212.250397,0,1,0,1,0,1,0,0,0,0,1,1,1,20150318
91609666,"2,3,4,6,9-Pentamethyldecane",,C15H32,"InChI=1S/C15H32/c1-11(2)8-9-13(5)10-14(6)15(7)12(3)4/h11-15H,8-10H2,1-7H3",CC(C)CCC(C)CC(C)C(C)C(C)C,OMYHICWHINGEDJ-UHFFFAOYSA-N,"2,3,4,6,9-pentamethyldecane",,Patents,,IBM,Research and Development,,212.41,0.0,146,6.9,15,0,0,7,212.250397,212.250397,0,1,0,3,0,3,0,0,0,0,1,1,1,20150318
91609858,"3,7-Dimethyl-5-propan-2-yldecane",,C15H32,"InChI=1S/C15H32/c1-7-9-14(6)11-15(12(3)4)10-13(5)8-2/h12-15H,7-11H2,1-6H3",CCCC(C)CC(CC(C)CC)C(C)C,GKJHTQDCCGDEAY-UHFFFAOYSA-N,"3,7-dimethyl-5-propan-2-yldecane",,Patents,,IBM,Research and Development,,212.41,0.0,137,7.2,15,0,0,8,212.250397,212.250397,0,1,0,3,0,3,0,0,0,0,1,1,1,20150318
91614258,6-Ethyl-5-methyldodecane,,C15H32,"InChI=1S/C15H32/c1-5-8-10-11-13-15(7-3)14(4)12-9-6-2/h14-15H,5-13H2,1-4H3",CCCCCCC(CC)C(C)CCCC,BLZZQGCVBZSVRB-UHFFFAOYSA-N,6-ethyl-5-methyldodecane,,Patents,,IBM,Research and Development,,212.41,0.0,117,7.8,15,0,0,10,212.250397,212.250397,0,1,0,2,0,2,0,0,0,0,1,1,1,20150318
101536182,"2,2,6-Trimethyldodecane",SCHEMBL25384021,C15H32,"InChI=1S/C15H32/c1-6-7-8-9-11-14(2)12-10-13-15(3,4)5/h14H,6-13H2,1-5H3",CCCCCCC(C)CCCC(C)(C)C,NIAXAMGYBGXUCQ-UHFFFAOYSA-N,"2,2,6-trimethyldodecane",,Patents,,IBM|Japan Chemical Substance Dictionary (Nikkaji)|SureChEMBL,Curation Efforts|Governmental Organizations|Research and Development,,212.41,0.0,129,7.6,15,0,0,9,212.250397,212.250397,0,1,0,1,0,1,0,0,0,0,8,6,1,20151218
123136840,5-Butan-2-yl-3-methyldecane,,C15H32,"InChI=1S/C15H32/c1-6-9-10-11-15(14(5)8-3)12-13(4)7-2/h13-15H,6-12H2,1-5H3",CCCCCC(CC(C)CC)C(C)CC,RARCWEJDYQICBC-UHFFFAOYSA-N,5-butan-2-yl-3-methyldecane,,Patents,,IBM,Research and Development,,212.41,0.0,128,7.5,15,0,0,9,212.250397,212.250397,0,1,0,3,0,3,0,0,0,0,2,2,1,20170124
123137391,"4-Ethyl-2,3,4,5,5-pentamethyloctane",,C15H32,"InChI=1S/C15H32/c1-9-11-14(6,7)15(8,10-2)13(5)12(3)4/h12-13H,9-11H2,1-8H3",CCCC(C)(C)C(C)(CC)C(C)C(C)C,ALJOMLICWCCRPV-UHFFFAOYSA-N,"4-ethyl-2,3,4,5,5-pentamethyloctane",,Patents,,IBM,Research and Development,,212.41,0.0,178,6.9,15,0,0,6,212.250397,212.250397,0,1,0,2,0,2,0,0,0,0,1,1,1,20170124
123139248,"4,7,7-Trimethyldodecane",,C15H32,"InChI=1S/C15H32/c1-6-8-9-12-15(4,5)13-11-14(3)10-7-2/h14H,6-13H2,1-5H3",CCCCCC(C)(C)CCC(C)CCC,NOFREQYYQASYBY-UHFFFAOYSA-N,"4,7,7-trimethyldodecane",,Patents,,IBM,Research and Development,,212.41,0.0,135,7.6,15,0,0,9,212.250397,212.250397,0,1,0,1,0,1,0,0,0,0,1,1,1,20170124
123141417,"2,2,7,7-Tetramethyl-3-propan-2-yloctane",,C15H32,"InChI=1S/C15H32/c1-12(2)13(15(6,7)8)10-9-11-14(3,4)5/h12-13H,9-11H2,1-8H3",CC(C)C(CCCC(C)(C)C)C(C)(C)C,JZQMXISSUUEXFE-UHFFFAOYSA-N,"2,2,7,7-tetramethyl-3-propan-2-yloctane",,Patents,,IBM,Research and Development,,212.41,0.0,163,6.9,15,0,0,6,212.250397,212.250397,0,1,0,1,0,1,0,0,0,0,1,1,1,20170124
123141652,"3,5,6-Trimethyl-4-propylnonane",,C15H32,"InChI=1S/C15H32/c1-7-10-13(5)14(6)15(11-8-2)12(4)9-3/h12-15H,7-11H2,1-6H3",CCCC(C)C(C)C(CCC)C(C)CC,JIJNIUIZBDEQIC-UHFFFAOYSA-N,"3,5,6-trimethyl-4-propylnonane",,Patents,,IBM,Research and Development,,212.41,0.0,139,7.2,15,0,0,8,212.250397,212.250397,0,1,0,4,0,4,0,0,0,0,2,2,1,20170124
123141710,"3-Ethyl-2,3,5,6,7-pentamethyloctane",,C15H32,"InChI=1S/C15H32/c1-9-15(8,12(4)5)10-13(6)14(7)11(2)3/h11-14H,9-10H2,1-8H3",CCC(C)(CC(C)C(C)C(C)C)C(C)C,YTZYRPQBRLYGQP-UHFFFAOYSA-N,"3-ethyl-2,3,5,6,7-pentamethyloctane",,Patents,,IBM,Research and Development,,212.41,0.0,169,6.7,15,0,0,6,212.250397,212.250397,0,1,0,3,0,3,0,0,0,0,1,1,1,20170124
123142671,"3,5,6-Trimethyldodecane",,C15H32,"InChI=1S/C15H32/c1-6-8-9-10-11-14(4)15(5)12-13(3)7-2/h13-15H,6-12H2,1-5H3",CCCCCCC(C)C(C)CC(C)CC,NVFSLKRVZWQVQX-UHFFFAOYSA-N,"3,5,6-trimethyldodecane",,Patents,,Google Patents|IBM,Research and Development,,212.41,0.0,128,7.5,15,0,0,9,212.250397,212.250397,0,1,0,3,0,3,0,0,0,0,4,3,1,20170124
123145342,"3,5-Diethyl-2,8-dimethylnonane",,C15H32,"InChI=1S/C15H32/c1-7-14(10-9-12(3)4)11-15(8-2)13(5)6/h12-15H,7-11H2,1-6H3",CCC(CCC(C)C)CC(CC)C(C)C,LGDNNOFRUVDUGA-UHFFFAOYSA-N,"3,5-diethyl-2,8-dimethylnonane",,Patents,,IBM,Research and Development,,212.41,0.0,135,7.2,15,0,0,8,212.250397,212.250397,0,1,0,2,0,2,0,0,0,0,1,1,1,20170124
123145763,"5,6-Diethyl-3,4,4-trimethyloctane",,C15H32,"InChI=1S/C15H32/c1-8-12(5)15(6,7)14(11-4)13(9-2)10-3/h12-14H,8-11H2,1-7H3",CCC(C)C(C)(C)C(CC)C(CC)CC,AOBVLHCLTLLTIV-UHFFFAOYSA-N,"5,6-diethyl-3,4,4-trimethyloctane",,Patents,,IBM,Research and Development,,212.41,0.0,153,7.0,15,0,0,7,212.250397,212.250397,0,1,0,2,0,2,0,0,0,0,1,1,1,20170124
123145883,"3,3,4,4-Tetraethyl-2-methylhexane",,C15H32,"InChI=1S/C15H32/c1-8-14(9-2,10-3)15(11-4,12-5)13(6)7/h13H,8-12H2,1-7H3",CCC(CC)(CC)C(CC)(CC)C(C)C,NAESXRWFQYVBCO-UHFFFAOYSA-N,"3,3,4,4-tetraethyl-2-methylhexane",,Patents,,IBM,Research and Development,,212.41,0.0,151,7.2,15,0,0,7,212.250397,212.250397,0,1,0,0,0,0,0,0,0,0,2,2,1,20170124
123146293,"2,3,4,5,8-Pentamethyldecane",,C15H32,"InChI=1S/C15H32/c1-8-12(4)9-10-13(5)15(7)14(6)11(2)3/h11-15H,8-10H2,1-7H3",CCC(C)CCC(C)C(C)C(C)C(C)C,MZIVZLOKHNBHHC-UHFFFAOYSA-N,"2,3,4,5,8-pentamethyldecane",,Patents,,IBM,Research and Development,,212.41,0.0,148,6.9,15,0,0,7,212.250397,212.250397,0,1,0,4,0,4,0,0,0,0,1,1,1,20170124
123146552,"4,4,5-Trimethyldodecane",,C15H32,"InChI=1S/C15H32/c1-6-8-9-10-11-12-14(3)15(4,5)13-7-2/h14H,6-13H2,1-5H3",CCCCCCCC(C)C(C)(C)CCC,XYHQCYQCCHKFOK-UHFFFAOYSA-N,"4,4,5-trimethyldodecane",,Patents,,IBM,Research and Development,,212.41,0.0,135,7.6,15,0,0,9,212.250397,212.250397,0,1,0,1,0,1,0,0,0,0,1,1,1,20170124
123146571,"3,3,4,5-Tetramethyl-4-propan-2-yloctane",,C15H32,"InChI=1S/C15H32/c1-9-11-13(5)15(8,12(3)4)14(6,7)10-2/h12-13H,9-11H2,1-8H3",CCCC(C)C(C)(C(C)C)C(C)(C)CC,OHWHIUYYLYSBHD-UHFFFAOYSA-N,"3,3,4,5-tetramethyl-4-propan-2-yloctane",,Patents,,IBM,Research and Development,,212.41,0.0,178,6.9,15,0,0,6,212.250397,212.250397,0,1,0,2,0,2,0,0,0,0,1,1,1,20170124
123147246,3-Methyl-5-(3-methylbutan-2-yl)nonane,,C15H32,"InChI=1S/C15H32/c1-7-9-10-15(11-13(5)8-2)14(6)12(3)4/h12-15H,7-11H2,1-6H3",CCCCC(CC(C)CC)C(C)C(C)C,SMBDLGCPYHUZMA-UHFFFAOYSA-N,3-methyl-5-(3-methylbutan-2-yl)nonane,,Patents,,IBM,Research and Development,,212.41,0.0,137,7.2,15,0,0,8,212.250397,212.250397,0,1,0,3,0,3,0,0,0,0,1,1,1,20170124
123147627,"2,3,6,8-Tetramethylundecane",,C15H32,"InChI=1S/C15H32/c1-7-8-13(4)11-14(5)9-10-15(6)12(2)3/h12-15H,7-11H2,1-6H3",CCCC(C)CC(C)CCC(C)C(C)C,WGBLSRTWNVVJGP-UHFFFAOYSA-N,"2,3,6,8-tetramethylundecane",,Patents,,IBM,Research and Development,,212.41,0.0,137,7.2,15,0,0,8,212.250397,212.250397,0,1,0,3,0,3,0,0,0,0,4,4,1,20170124
123150275,"4-Butan-2-yl-2,3,6-trimethyloctane",,C15H32,"InChI=1S/C15H32/c1-8-12(5)10-15(13(6)9-2)14(7)11(3)4/h11-15H,8-10H2,1-7H3",CCC(C)CC(C(C)CC)C(C)C(C)C,UFNOVFCPXJZBAW-UHFFFAOYSA-N,"4-butan-2-yl-2,3,6-trimethyloctane",,Patents,,IBM,Research and Development,,212.41,0.0,148,6.9,15,0,0,7,212.250397,212.250397,0,1,0,4,0,4,0,0,0,0,2,2,1,20170124
123150726,"2,5,5,6,7-Pentamethyldecane",,C15H32,"InChI=1S/C15H32/c1-8-9-13(4)14(5)15(6,7)11-10-12(2)3/h12-14H,8-11H2,1-7H3",CCCC(C)C(C)C(C)(C)CCC(C)C,YQGSLWOGDREHGE-UHFFFAOYSA-N,"2,5,5,6,7-pentamethyldecane",,Patents,,IBM,Research and Development,,212.41,0.0,155,7.0,15,0,0,7,212.250397,212.250397,0,1,0,2,0,2,0,0,0,0,1,1,1,20170124
123151941,5-Ethyl-4-methyl-6-propylnonane,,C15H32,"InChI=1S/C15H32/c1-6-10-13(5)15(9-4)14(11-7-2)12-8-3/h13-15H,6-12H2,1-5H3",CCCC(C)C(CC)C(CCC)CCC,QYNXTHRVGVSKQP-UHFFFAOYSA-N,5-ethyl-4-methyl-6-propylnonane,,Patents,,IBM,Research and Development,,212.41,0.0,122,7.5,15,0,0,9,212.250397,212.250397,0,1,0,2,0,2,0,0,0,0,1,1,1,20170124
123154212,"2,2,3,3,4,4,5,6-Octamethylheptane",,C15H32,"InChI=1S/C15H32/c1-11(2)12(3)14(7,8)15(9,10)13(4,5)6/h11-12H,1-10H3",CC(C)C(C)C(C)(C)C(C)(C)C(C)(C)C,FLYGAWJQBIDOQT-UHFFFAOYSA-N,"2,2,3,3,4,4,5,6-octamethylheptane",,Patents,,IBM,Research and Development,,212.41,0.0,201,6.5,15,0,0,4,212.250397,212.250397,0,1,0,1,0,1,0,0,0,0,3,3,1,20170124
123155455,"4,5-Diethyl-3,3,4-trimethyloctane",,C15H32,"InChI=1S/C15H32/c1-8-12-13(9-2)15(7,11-4)14(5,6)10-3/h13H,8-12H2,1-7H3",CCCC(CC)C(C)(CC)C(C)(C)CC,LSDLQSJZDKLJOG-UHFFFAOYSA-N,"4,5-diethyl-3,3,4-trimethyloctane",,Patents,,IBM,Research and Development,,212.41,0.0,169,7.2,15,0,0,7,212.250397,212.250397,0,1,0,2,0,2,0,0,0,0,1,1,1,20170124
123156633,"3,4,5,7,7-Pentamethyldecane",,C15H32,"InChI=1S/C15H32/c1-8-10-15(6,7)11-13(4)14(5)12(3)9-2/h12-14H,8-11H2,1-7H3",CCCC(C)(C)CC(C)C(C)C(C)CC,ZQXJOLGQGBUEQF-UHFFFAOYSA-N,"3,4,5,7,7-pentamethyldecane",,Patents,,IBM,Research and Development,,212.41,0.0,157,7.0,15,0,0,7,212.250397,212.250397,0,1,0,3,0,3,0,0,0,0,1,1,1,20170124
123156852,"5-Ethyl-2,4,6-trimethyldecane",,C15H32,"InChI=1S/C15H32/c1-7-9-10-13(5)15(8-2)14(6)11-12(3)4/h12-15H,7-11H2,1-6H3",CCCCC(C)C(CC)C(C)CC(C)C,RNKJALIVCUMEJX-UHFFFAOYSA-N,"5-ethyl-2,4,6-trimethyldecane",,Patents,,IBM,Research and Development,,212.41,0.0,137,7.2,15,0,0,8,212.250397,212.250397,0,1,0,3,0,3,0,0,0,0,1,1,1,20170124
123156923,"4-Ethyl-2,5,7-trimethyldecane",,C15H32,"InChI=1S/C15H32/c1-7-9-13(5)11-14(6)15(8-2)10-12(3)4/h12-15H,7-11H2,1-6H3",CCCC(C)CC(C)C(CC)CC(C)C,MZQSKHCYCGUFFM-UHFFFAOYSA-N,"4-ethyl-2,5,7-trimethyldecane",,Patents,,IBM,Research and Development,,212.41,0.0,137,7.2,15,0,0,8,212.250397,212.250397,0,1,0,3,0,3,0,0,0,0,1,1,1,20170124
123157223,9-Ethyl-2-methyldodecane,,C15H32,"InChI=1S/C15H32/c1-5-11-15(6-2)13-10-8-7-9-12-14(3)4/h14-15H,5-13H2,1-4H3",CCCC(CC)CCCCCCC(C)C,LOJGVCDMRHOVJI-UHFFFAOYSA-N,9-ethyl-2-methyldodecane,,Patents,,IBM|PATENTSCOPE (WIPO),Governmental Organizations|Research and Development,,212.41,0.0,115,7.8,15,0,0,10,212.250397,212.250397,0,1,0,1,0,1,0,0,0,0,1,1,1,20170124
123157675,"3,3-Diethyl-4,5-dimethylnonane",,C15H32,"InChI=1S/C15H32/c1-7-11-12-13(5)14(6)15(8-2,9-3)10-4/h13-14H,7-12H2,1-6H3",CCCCC(C)C(C)C(CC)(CC)CC,VIJZGWIFBAZXHB-UHFFFAOYSA-N,"3,3-diethyl-4,5-dimethylnonane",,Patents,,IBM,Research and Development,,212.41,0.0,136,7.3,15,0,0,8,212.250397,212.250397,0,1,0,2,0,2,0,0,0,0,1,1,1,20170124
123158482,"3,4,6,8-Tetramethylundecane",,C15H32,"InChI=1S/C15H32/c1-7-9-12(3)10-13(4)11-15(6)14(5)8-2/h12-15H,7-11H2,1-6H3",CCCC(C)CC(C)CC(C)C(C)CC,IDOUAESMQHBZIM-UHFFFAOYSA-N,"3,4,6,8-tetramethylundecane",,Patents,,IBM,Research and Development,,212.41,0.0,139,7.2,15,0,0,8,212.250397,212.250397,0,1,0,4,0,4,0,0,0,0,1,1,1,20170124
123159092,"2,6,7-Trimethyl-5-propylnonane",,C15H32,"InChI=1S/C15H32/c1-7-9-15(11-10-12(3)4)14(6)13(5)8-2/h12-15H,7-11H2,1-6H3",CCCC(CCC(C)C)C(C)C(C)CC,QSESDQBFCWMLBN-UHFFFAOYSA-N,"2,6,7-trimethyl-5-propylnonane",,Patents,,IBM,Research and Development,,212.41,0.0,137,7.2,15,0,0,8,212.250397,212.250397,0,1,0,3,0,3,0,0,0,0,2,2,1,20170124
123160888,"2,3,4,5,5,6,6-Heptamethyloctane",,C15H32,"InChI=1S/C15H32/c1-10-14(6,7)15(8,9)13(5)12(4)11(2)3/h11-13H,10H2,1-9H3",CCC(C)(C)C(C)(C)C(C)C(C)C(C)C,FOWSTJNVNOIGDS-UHFFFAOYSA-N,"2,3,4,5,5,6,6-heptamethyloctane",,Patents,,IBM,Research and Development,,212.41,0.0,186,6.6,15,0,0,5,212.250397,212.250397,0,1,0,2,0,2,0,0,0,0,2,2,1,20170124
123163162,"5-Ethyl-2,6,6-trimethyldecane",,C15H32,"InChI=1S/C15H32/c1-7-9-12-15(5,6)14(8-2)11-10-13(3)4/h13-14H,7-12H2,1-6H3",CCCCC(C)(C)C(CC)CCC(C)C,XVECJXCSVQOJEJ-UHFFFAOYSA-N,"5-ethyl-2,6,6-trimethyldecane",,Patents,,IBM,Research and Development,,212.41,0.0,144,7.3,15,0,0,8,212.250397,212.250397,0,1,0,1,0,1,0,0,0,0,1,1,1,20170124
123164875,"5-(2,2-Dimethylpropyl)-2-methylnonane",,C15H32,"InChI=1S/C15H32/c1-7-8-9-14(11-10-13(2)3)12-15(4,5)6/h13-14H,7-12H2,1-6H3",CCCCC(CCC(C)C)CC(C)(C)C,FVQAUVAMOQWAAP-UHFFFAOYSA-N,"5-(2,2-dimethylpropyl)-2-methylnonane",,Patents,,IBM,Research and Development,,212.41,0.0,139,7.3,15,0,0,8,212.250397,212.250397,0,1,0,1,0,1,0,0,0,0,1,1,1,20170124
123166980,"3,4,6,9-Tetramethylundecane",,C15H32,"InChI=1S/C15H32/c1-7-12(3)9-10-13(4)11-15(6)14(5)8-2/h12-15H,7-11H2,1-6H3",CCC(C)CCC(C)CC(C)C(C)CC,LTWUFJVVQDYEBX-UHFFFAOYSA-N,"3,4,6,9-tetramethylundecane",,Patents,,IBM,Research and Development,,212.41,0.0,139,7.2,15,0,0,8,212.250397,212.250397,0,1,0,4,0,4,0,0,0,0,3,3,1,20170124
123167001,3-Ethyl-3-methyl-4-(2-methylpropyl)octane,,C15H32,"InChI=1S/C15H32/c1-7-10-11-14(12-13(4)5)15(6,8-2)9-3/h13-14H,7-12H2,1-6H3",CCCCC(CC(C)C)C(C)(CC)CC,PRYJXDPBSQKQTO-UHFFFAOYSA-N,3-ethyl-3-methyl-4-(2-methylpropyl)octane,,Patents,,IBM,Research and Development,,212.41,0.0,142,7.3,15,0,0,8,212.250397,212.250397,0,1,0,1,0,1,0,0,0,0,1,1,1,20170124
123167002,"3,5-Dimethyl-4,4-dipropylheptane",,C15H32,"InChI=1S/C15H32/c1-7-11-15(12-8-2,13(5)9-3)14(6)10-4/h13-14H,7-12H2,1-6H3",CCCC(CCC)(C(C)CC)C(C)CC,OUMDXNVPLPALAD-UHFFFAOYSA-N,"3,5-dimethyl-4,4-dipropylheptane",,Patents,,IBM,Research and Development,,212.41,0.0,130,7.3,15,0,0,8,212.250397,212.250397,0,1,0,2,0,2,0,0,0,0,1,1,1,20170124
123167629,"2,2,3,4,6,8-Hexamethylnonane",,C15H32,"InChI=1S/C15H32/c1-11(2)9-12(3)10-13(4)14(5)15(6,7)8/h11-14H,9-10H2,1-8H3",CC(C)CC(C)CC(C)C(C)C(C)(C)C,BLOYXMDOVXXABV-UHFFFAOYSA-N,"2,2,3,4,6,8-hexamethylnonane",,Patents,,IBM|PATENTSCOPE (WIPO),Governmental Organizations|Research and Development,,212.41,0.0,161,6.7,15,0,0,6,212.250397,212.250397,0,1,0,3,0,3,0,0,0,0,1,1,1,20170124
123168629,6-Ethyl-4-propan-2-yldecane,,C15H32,"InChI=1S/C15H32/c1-6-9-11-14(8-3)12-15(10-7-2)13(4)5/h13-15H,6-12H2,1-5H3",CCCCC(CC)CC(CCC)C(C)C,AAGZRQZOGXBQFP-UHFFFAOYSA-N,6-ethyl-4-propan-2-yldecane,,Patents,,IBM,Research and Development,,212.41,0.0,126,7.5,15,0,0,9,212.250397,212.250397,0,1,0,2,0,2,0,0,0,0,1,1,1,20170124
123168857,"2,3,6-Trimethyl-4-propylnonane",,C15H32,"InChI=1S/C15H32/c1-7-9-13(5)11-15(10-8-2)14(6)12(3)4/h12-15H,7-11H2,1-6H3",CCCC(C)CC(CCC)C(C)C(C)C,ULTDWLNFKWEPNJ-UHFFFAOYSA-N,"2,3,6-trimethyl-4-propylnonane",,Patents,,IBM,Research and Development,,212.41,0.0,137,7.2,15,0,0,8,212.250397,212.250397,0,1,0,3,0,3,0,0,0,0,1,1,1,20170124
123168966,"3,5,6-Triethylnonane",,C15H32,"InChI=1S/C15H32/c1-6-11-14(9-4)15(10-5)12-13(7-2)8-3/h13-15H,6-12H2,1-5H3",CCCC(CC)C(CC)CC(CC)CC,FUCLUBXERGKNDT-UHFFFAOYSA-N,"3,5,6-triethylnonane",,Patents,,IBM,Research and Development,,212.41,0.0,124,7.5,15,0,0,9,212.250397,212.250397,0,1,0,2,0,2,0,0,0,0,2,2,1,20170124
123169759,"3-Ethyl-2,3,6-trimethyldecane",,C15H32,"InChI=1S/C15H32/c1-7-9-10-14(5)11-12-15(6,8-2)13(3)4/h13-14H,7-12H2,1-6H3",CCCCC(C)CCC(C)(CC)C(C)C,BQHKRHLEWDZIBQ-UHFFFAOYSA-N,"3-ethyl-2,3,6-trimethyldecane",,Patents,,IBM,Research and Development,,212.41,0.0,148,7.3,15,0,0,8,212.250397,212.250397,0,1,0,2,0,2,0,0,0,0,1,1,1,20170124
123171523,"4,4-Dimethyl-5-propyldecane",,C15H32,"InChI=1S/C15H32/c1-6-9-10-12-14(11-7-2)15(4,5)13-8-3/h14H,6-13H2,1-5H3",CCCCCC(CCC)C(C)(C)CCC,NITXTUNFNLPGTE-UHFFFAOYSA-N,"4,4-dimethyl-5-propyldecane",,Patents,,IBM,Research and Development,,212.41,0.0,135,7.6,15,0,0,9,212.250397,212.250397,0,1,0,1,0,1,0,0,0,0,2,2,1,20170124
123172496,"2,3,3,5,6-Pentamethyldecane",,C15H32,"InChI=1S/C15H32/c1-8-9-10-13(4)14(5)11-15(6,7)12(2)3/h12-14H,8-11H2,1-7H3",CCCCC(C)C(C)CC(C)(C)C(C)C,HXTYELJXTMJSFG-UHFFFAOYSA-N,"2,3,3,5,6-pentamethyldecane",,Patents,,IBM,Research and Development,,212.41,0.0,155,7.0,15,0,0,7,212.250397,212.250397,0,1,0,2,0,2,0,0,0,0,1,1,1,20170124
123175340,4-Ethyl-4-methyl-6-propan-2-ylnonane,,C15H32,"InChI=1S/C15H32/c1-7-10-14(13(4)5)12-15(6,9-3)11-8-2/h13-14H,7-12H2,1-6H3",CCCC(CC(C)(CC)CCC)C(C)C,NZDBGLWHPIVQCJ-UHFFFAOYSA-N,4-ethyl-4-methyl-6-propan-2-ylnonane,,Patents,,IBM,Research and Development,,212.41,0.0,148,7.3,15,0,0,8,212.250397,212.250397,0,1,0,2,0,2,0,0,0,0,2,2,1,20170124
123179058,"3,4,5,7-Tetramethylundecane",,C15H32,"InChI=1S/C15H32/c1-7-9-10-12(3)11-14(5)15(6)13(4)8-2/h12-15H,7-11H2,1-6H3",CCCCC(C)CC(C)C(C)C(C)CC,KLBBAUMAZWHLFZ-UHFFFAOYSA-N,"3,4,5,7-tetramethylundecane",,Patents,,IBM,Research and Development,,212.41,0.0,139,7.2,15,0,0,8,212.250397,212.250397,0,1,0,4,0,4,0,0,0,0,3,3,1,20170124
123182562,"2,3,5-Trimethyl-5-propan-2-ylnonane",,C15H32,"InChI=1S/C15H32/c1-8-9-10-15(7,13(4)5)11-14(6)12(2)3/h12-14H,8-11H2,1-7H3",CCCCC(C)(CC(C)C(C)C)C(C)C,PEAGAXOBBXRGCB-UHFFFAOYSA-N,"2,3,5-trimethyl-5-propan-2-ylnonane",,Patents,,IBM,Research and Development,,212.41,0.0,157,7.0,15,0,0,7,212.250397,212.250397,0,1,0,2,0,2,0,0,0,0,1,1,1,20170124
123182733,4-Butan-2-yl-2-methyldecane,,C15H32,"InChI=1S/C15H32/c1-6-8-9-10-11-15(12-13(3)4)14(5)7-2/h13-15H,6-12H2,1-5H3",CCCCCCC(CC(C)C)C(C)CC,PBLDQCCSOYLCOA-UHFFFAOYSA-N,4-butan-2-yl-2-methyldecane,,Patents,,IBM,Research and Development,,212.41,0.0,126,7.5,15,0,0,9,212.250397,212.250397,0,1,0,2,0,2,0,0,0,0,1,1,1,20170124
123185565,"2,6,7-Trimethyl-4-propylnonane",,C15H32,"InChI=1S/C15H32/c1-7-9-15(10-12(3)4)11-14(6)13(5)8-2/h12-15H,7-11H2,1-6H3",CCCC(CC(C)C)CC(C)C(C)CC,LXTMGCKKPXGVOY-UHFFFAOYSA-N,"2,6,7-trimethyl-4-propylnonane",,Patents,,IBM,Research and Development,,212.41,0.0,137,7.2,15,0,0,8,212.250397,212.250397,0,1,0,3,0,3,0,0,0,0,1,1,1,20170124
123189482,"4-Ethyl-6,6-dimethylundecane",,C15H32,"InChI=1S/C15H32/c1-6-9-10-12-15(4,5)13-14(8-3)11-7-2/h14H,6-13H2,1-5H3",CCCCCC(C)(C)CC(CC)CCC,MWWZCGICFOUQQD-UHFFFAOYSA-N,"4-ethyl-6,6-dimethylundecane",,Patents,,IBM,Research and Development,,212.41,0.0,135,7.6,15,0,0,9,212.250397,212.250397,0,1,0,1,0,1,0,0,0,0,1,1,1,20170124
123190238,"3,4,4,5,7-Pentamethyldecane",,C15H32,"InChI=1S/C15H32/c1-8-10-12(3)11-14(5)15(6,7)13(4)9-2/h12-14H,8-11H2,1-7H3",CCCC(C)CC(C)C(C)(C)C(C)CC,IGAPKIRRTTZLRE-UHFFFAOYSA-N,"3,4,4,5,7-pentamethyldecane",,Patents,,IBM,Research and Development,,212.41,0.0,157,7.0,15,0,0,7,212.250397,212.250397,0,1,0,3,0,3,0,0,0,0,1,1,1,20170124
123192686,5-Ethyl-5-methyldodecane,,C15H32,"InChI=1S/C15H32/c1-5-8-10-11-12-14-15(4,7-3)13-9-6-2/h5-14H2,1-4H3",CCCCCCCC(C)(CC)CCCC,FTZWDNVKKIQXRB-UHFFFAOYSA-N,5-ethyl-5-methyldodecane,,Patents,,IBM,Research and Development,,212.41,0.0,128,7.9,15,0,0,10,212.250397,212.250397,0,1,0,1,0,1,0,0,0,0,1,1,1,20170124
123193230,"5-Ethyl-2,10-dimethylundecane",,C15H32,"InChI=1S/C15H32/c1-6-15(12-11-14(4)5)10-8-7-9-13(2)3/h13-15H,6-12H2,1-5H3",CCC(CCCCC(C)C)CCC(C)C,QDHWVGOBAVWAHP-UHFFFAOYSA-N,"5-ethyl-2,10-dimethylundecane",,Patents,,Google Patents|IBM|PATENTSCOPE (WIPO),Governmental Organizations|Research and Development,,212.41,0.0,124,7.5,15,0,0,9,212.250397,212.250397,0,1,0,1,0,1,0,0,0,0,1,1,1,20170124
123195204,"2,3,4,5,6,6-Hexamethylnonane",,C15H32,"InChI=1S/C15H32/c1-9-10-15(7,8)14(6)13(5)12(4)11(2)3/h11-14H,9-10H2,1-8H3",CCCC(C)(C)C(C)C(C)C(C)C(C)C,LBCHCTYFDLYBTC-UHFFFAOYSA-N,"2,3,4,5,6,6-hexamethylnonane",,Patents,,IBM,Research and Development,,212.41,0.0,167,6.7,15,0,0,6,212.250397,212.250397,0,1,0,3,0,3,0,0,0,0,1,1,1,20170124
123195246,"3,6-Diethyl-2,3,7-trimethyloctane",,C15H32,"InChI=1S/C15H32/c1-8-14(12(3)4)10-11-15(7,9-2)13(5)6/h12-14H,8-11H2,1-7H3",CCC(CCC(C)(CC)C(C)C)C(C)C,KCLHHONBAQKZPY-UHFFFAOYSA-N,"3,6-diethyl-2,3,7-trimethyloctane",,Patents,,IBM,Research and Development,,212.41,0.0,157,7.0,15,0,0,7,212.250397,212.250397,0,1,0,2,0,2,0,0,0,0,1,1,1,20170124
123195673,"2,2,5,6-Tetramethylundecane",,C15H32,"InChI=1S/C15H32/c1-7-8-9-10-13(2)14(3)11-12-15(4,5)6/h13-14H,7-12H2,1-6H3",CCCCCC(C)C(C)CCC(C)(C)C,VETQQDFKTAOHHP-UHFFFAOYSA-N,"2,2,5,6-tetramethylundecane",,Patents,,IBM,Research and Development,,212.41,0.0,141,7.3,15,0,0,8,212.250397,212.250397,0,1,0,2,0,2,0,0,0,0,1,1,1,20170124
123196722,"6-Ethyl-2,3,3,5-tetramethylnonane",,C15H32,"InChI=1S/C15H32/c1-8-10-14(9-2)13(5)11-15(6,7)12(3)4/h12-14H,8-11H2,1-7H3",CCCC(CC)C(C)CC(C)(C)C(C)C,BNAYDIHAWAZYIU-UHFFFAOYSA-N,"6-ethyl-2,3,3,5-tetramethylnonane",,Patents,,IBM,Research and Development,,212.41,0.0,155,7.0,15,0,0,7,212.250397,212.250397,0,1,0,2,0,2,0,0,0,0,1,1,1,20170124
123197639,"3,6-Diethyl-2,5,5-trimethyloctane",,C15H32,"InChI=1S/C15H32/c1-8-13(12(4)5)11-15(6,7)14(9-2)10-3/h12-14H,8-11H2,1-7H3",CCC(CC)C(C)(C)CC(CC)C(C)C,LXLYFHCUHGVJKO-UHFFFAOYSA-N,"3,6-diethyl-2,5,5-trimethyloctane",,Patents,,IBM,Research and Development,,212.41,0.0,151,7.0,15,0,0,7,212.250397,212.250397,0,1,0,1,0,1,0,0,0,0,1,1,1,20170124
123201261,"7-Ethyl-3,4-dimethylundecane",,C15H32,"InChI=1S/C15H32/c1-6-9-10-15(8-3)12-11-14(5)13(4)7-2/h13-15H,6-12H2,1-5H3",CCCCC(CC)CCC(C)C(C)CC,DLMFGDIYPWNNKO-UHFFFAOYSA-N,"7-ethyl-3,4-dimethylundecane",,Patents,,IBM,Research and Development,,212.41,0.0,128,7.5,15,0,0,9,212.250397,212.250397,0,1,0,3,0,3,0,0,0,0,1,1,1,20170124
123203506,"4-Butan-2-yl-2,3,4,5-tetramethylheptane",,C15H32,"InChI=1S/C15H32/c1-9-12(5)15(8,13(6)10-2)14(7)11(3)4/h11-14H,9-10H2,1-8H3",CCC(C)C(C)(C(C)CC)C(C)C(C)C,PSELDAIDYQAWSK-UHFFFAOYSA-N,"4-butan-2-yl-2,3,4,5-tetramethylheptane",,Patents,,IBM,Research and Development,,212.41,0.0,159,6.7,15,0,0,6,212.250397,212.250397,0,1,0,3,0,3,0,0,0,0,1,1,1,20170124
123203821,"4-Ethyl-2,7,9-trimethyldecane",,C15H32,"InChI=1S/C15H32/c1-7-15(11-13(4)5)9-8-14(6)10-12(2)3/h12-15H,7-11H2,1-6H3",CCC(CCC(C)CC(C)C)CC(C)C,RVEZKKHOVQFRBY-UHFFFAOYSA-N,"4-ethyl-2,7,9-trimethyldecane",,Patents,,IBM,Research and Development,,212.41,0.0,135,7.2,15,0,0,8,212.250397,212.250397,0,1,0,2,0,2,0,0,0,0,1,1,1,20170124
123205228,"3-Ethyl-2,2,4,5,6,6-hexamethylheptane",,C15H32,"InChI=1S/C15H32/c1-10-13(15(7,8)9)11(2)12(3)14(4,5)6/h11-13H,10H2,1-9H3",CCC(C(C)C(C)C(C)(C)C)C(C)(C)C,LDQRHMFUNNKLOM-UHFFFAOYSA-N,"3-ethyl-2,2,4,5,6,6-hexamethylheptane",,Patents,,IBM,Research and Development,,212.41,0.0,177,6.6,15,0,0,5,212.250397,212.250397,0,1,0,3,0,3,0,0,0,0,1,1,1,20170124
123206221,"6-Ethyl-2,4,4-trimethyldecane",SCHEMBL1024159,C15H32,"InChI=1S/C15H32/c1-7-9-10-14(8-2)12-15(5,6)11-13(3)4/h13-14H,7-12H2,1-6H3",CCCCC(CC)CC(C)(C)CC(C)C,SPPIYIUOMIOBEV-UHFFFAOYSA-N,"6-ethyl-2,4,4-trimethyldecane",,Patents,,IBM|SureChEMBL,Curation Efforts|Research and Development,,212.41,0.0,144,7.3,15,0,0,8,212.250397,212.250397,0,1,0,1,0,1,0,0,0,0,5,1,1,20170124
123210820,"2,6,7,8,8-Pentamethyldecane",,C15H32,"InChI=1S/C15H32/c1-8-15(6,7)14(5)13(4)11-9-10-12(2)3/h12-14H,8-11H2,1-7H3",CCC(C)(C)C(C)C(C)CCCC(C)C,OBETZIZJUFQSNU-UHFFFAOYSA-N,"2,6,7,8,8-pentamethyldecane",,Patents,,IBM|PATENTSCOPE (WIPO),Governmental Organizations|Research and Development,,212.41,0.0,155,7.0,15,0,0,7,212.250397,212.250397,0,1,0,2,0,2,0,0,0,0,1,1,1,20170124
123212669,"3,4,7,8-Tetramethylundecane",,C15H32,"InChI=1S/C15H32/c1-7-9-13(4)15(6)11-10-14(5)12(3)8-2/h12-15H,7-11H2,1-6H3",CCCC(C)C(C)CCC(C)C(C)CC,INMIMMMWWVMVMQ-UHFFFAOYSA-N,"3,4,7,8-tetramethylundecane",,Patents,,IBM,Research and Development,,212.41,0.0,139,7.2,15,0,0,8,212.250397,212.250397,0,1,0,4,0,4,0,0,0,0,3,3,1,20170124
123213493,4-Ethyl-5-propyldecane,,C15H32,"InChI=1S/C15H32/c1-5-9-10-13-15(12-7-3)14(8-4)11-6-2/h14-15H,5-13H2,1-4H3",CCCCCC(CCC)C(CC)CCC,MOIHMKBNSKVKQH-UHFFFAOYSA-N,4-ethyl-5-propyldecane,,Patents,,IBM,Research and Development,,212.41,0.0,117,7.8,15,0,0,10,212.250397,212.250397,0,1,0,2,0,2,0,0,0,0,1,1,1,20170124
123213552,"4-Ethyl-4,8-dimethylundecane",,C15H32,"InChI=1S/C15H32/c1-6-10-14(4)11-9-13-15(5,8-3)12-7-2/h14H,6-13H2,1-5H3",CCCC(C)CCCC(C)(CC)CCC,YUUSXIOCTNMDAX-UHFFFAOYSA-N,"4-ethyl-4,8-dimethylundecane",,Patents,,IBM,Research and Development,,212.41,0.0,139,7.6,15,0,0,9,212.250397,212.250397,0,1,0,2,0,2,0,0,0,0,1,1,1,20170124
123215412,"2,7,7-Trimethyl-4-propylnonane",,C15H32,"InChI=1S/C15H32/c1-7-9-14(12-13(3)4)10-11-15(5,6)8-2/h13-14H,7-12H2,1-6H3",CCCC(CCC(C)(C)CC)CC(C)C,NYKZKEHAIUVRSA-UHFFFAOYSA-N,"2,7,7-trimethyl-4-propylnonane",,Patents,,IBM,Research and Development,,212.41,0.0,144,7.3,15,0,0,8,212.250397,212.250397,0,1,0,1,0,1,0,0,0,0,1,1,1,20170124
123215571,4-Methyl-5-(2-methylpropyl)decane,SCHEMBL19534938,C15H32,"InChI=1S/C15H32/c1-6-8-9-11-15(12-13(3)4)14(5)10-7-2/h13-15H,6-12H2,1-5H3",CCCCCC(CC(C)C)C(C)CCC,SAYFJMPVTUNZDD-UHFFFAOYSA-N,4-methyl-5-(2-methylpropyl)decane,,Patents,,IBM|SureChEMBL,Curation Efforts|Research and Development,,212.41,0.0,126,7.5,15,0,0,9,212.250397,212.250397,0,1,0,2,0,2,0,0,0,0,3,3,1,20170124
123218808,"2,2,3,7,7,8-Hexamethylnonane",,C15H32,"InChI=1S/C15H32/c1-12(2)15(7,8)11-9-10-13(3)14(4,5)6/h12-13H,9-11H2,1-8H3",CC(C)C(C)(C)CCCC(C)C(C)(C)C,NKJMVXZZPIFBSJ-UHFFFAOYSA-N,"2,2,3,7,7,8-hexamethylnonane",,Patents,,IBM,Research and Development,,212.41,0.0,169,6.9,15,0,0,6,212.250397,212.250397,0,1,0,1,0,1,0,0,0,0,1,1,1,20170124
123220712,"2,3,4,6,7-Pentamethyldecane",,C15H32,"InChI=1S/C15H32/c1-8-9-12(4)13(5)10-14(6)15(7)11(2)3/h11-15H,8-10H2,1-7H3",CCCC(C)C(C)CC(C)C(C)C(C)C,NUHPKUSYTMOMDQ-UHFFFAOYSA-N,"2,3,4,6,7-pentamethyldecane",,Patents,,IBM,Research and Development,,212.41,0.0,148,6.9,15,0,0,7,212.250397,212.250397,0,1,0,4,0,4,0,0,0,0,1,1,1,20170124
123223575,"3,3-Diethyl-2,2,4-trimethyloctane",,C15H32,"InChI=1S/C15H32/c1-8-11-12-13(4)15(9-2,10-3)14(5,6)7/h13H,8-12H2,1-7H3",CCCCC(C)C(CC)(CC)C(C)(C)C,LWMFGZOQBMITIQ-UHFFFAOYSA-N,"3,3-diethyl-2,2,4-trimethyloctane",,Patents,,IBM,Research and Development,,212.41,0.0,157,7.2,15,0,0,7,212.250397,212.250397,0,1,0,1,0,1,0,0,0,0,1,1,1,20170124
123223919,"3-Ethyl-2,3,4,5,5,6-hexamethylheptane",,C15H32,"InChI=1S/C15H32/c1-10-15(9,12(4)5)13(6)14(7,8)11(2)3/h11-13H,10H2,1-9H3",CCC(C)(C(C)C)C(C)C(C)(C)C(C)C,BNAFJIAAEASICQ-UHFFFAOYSA-N,"3-ethyl-2,3,4,5,5,6-hexamethylheptane",,Patents,,IBM,Research and Development,,212.41,0.0,188,6.6,15,0,0,5,212.250397,212.250397,0,1,0,2,0,2,0,0,0,0,1,1,1,20170124
123226577,"5,6,8-Trimethyldodecane",,C15H32,"InChI=1S/C15H32/c1-6-8-10-13(3)12-15(5)14(4)11-9-7-2/h13-15H,6-12H2,1-5H3",CCCCC(C)CC(C)C(C)CCCC,MMZLCBWJBCRWJZ-UHFFFAOYSA-N,"5,6,8-trimethyldodecane",,Patents,,IBM,Research and Development,,212.41,0.0,128,7.5,15,0,0,9,212.250397,212.250397,0,1,0,3,0,3,0,0,0,0,1,1,1,20170124
123227695,"3-Ethyl-5,5,7-trimethyldecane",,C15H32,"InChI=1S/C15H32/c1-7-10-13(4)11-15(5,6)12-14(8-2)9-3/h13-14H,7-12H2,1-6H3",CCCC(C)CC(C)(C)CC(CC)CC,AACRBXLORFSGEC-UHFFFAOYSA-N,"3-ethyl-5,5,7-trimethyldecane",,Patents,,IBM,Research and Development,,212.41,0.0,142,7.3,15,0,0,8,212.250397,212.250397,0,1,0,1,0,1,0,0,0,0,1,1,1,20170124
123230334,"3,4-Diethyl-5,6-dimethylnonane",,C15H32,"InChI=1S/C15H32/c1-7-11-12(5)13(6)15(10-4)14(8-2)9-3/h12-15H,7-11H2,1-6H3",CCCC(C)C(C)C(CC)C(CC)CC,GDSBWOAHDVEPQR-UHFFFAOYSA-N,"3,4-diethyl-5,6-dimethylnonane",,Patents,,IBM,Research and Development,,212.41,0.0,135,7.2,15,0,0,8,212.250397,212.250397,0,1,0,3,0,3,0,0,0,0,1,1,1,20170124
123230965,"5-Ethyl-2,6-dimethylundecane",,C15H32,"InChI=1S/C15H32/c1-6-8-9-10-14(5)15(7-2)12-11-13(3)4/h13-15H,6-12H2,1-5H3",CCCCCC(C)C(CC)CCC(C)C,DKEGZZYLYJJITI-UHFFFAOYSA-N,"5-ethyl-2,6-dimethylundecane",,Patents,,IBM|PATENTSCOPE (WIPO),Governmental Organizations|Research and Development,,212.41,0.0,126,7.5,15,0,0,9,212.250397,212.250397,0,1,0,2,0,2,0,0,0,0,1,1,1,20170124
123233773,"2,8,9-Trimethyldodecane",,C15H32,"InChI=1S/C15H32/c1-6-10-14(4)15(5)12-9-7-8-11-13(2)3/h13-15H,6-12H2,1-5H3",CCCC(C)C(C)CCCCCC(C)C,FSRDADSEGQHKMO-UHFFFAOYSA-N,"2,8,9-trimethyldodecane",,Patents,,IBM,Research and Development,,212.41,0.0,126,7.5,15,0,0,9,212.250397,212.250397,0,1,0,2,0,2,0,0,0,0,2,2,1,20170124
123234304,"4-Butan-2-yl-3,5,6-trimethyloctane",,C15H32,"InChI=1S/C15H32/c1-8-11(4)14(7)15(12(5)9-2)13(6)10-3/h11-15H,8-10H2,1-7H3",CCC(C)C(C)C(C(C)CC)C(C)CC,QTTFOOPHEGUJDY-UHFFFAOYSA-N,"4-butan-2-yl-3,5,6-trimethyloctane",,Patents,,IBM,Research and Development,,212.41,0.0,140,6.9,15,0,0,7,212.250397,212.250397,0,1,0,4,0,4,0,0,0,0,1,1,1,20170124
123237767,"2,3,4,5-Tetramethyl-5-propan-2-yloctane",,C15H32,"InChI=1S/C15H32/c1-9-10-15(8,12(4)5)14(7)13(6)11(2)3/h11-14H,9-10H2,1-8H3",CCCC(C)(C(C)C)C(C)C(C)C(C)C,QRBVQEQORNMUEU-UHFFFAOYSA-N,"2,3,4,5-tetramethyl-5-propan-2-yloctane",,Patents,,IBM,Research and Development,,212.41,0.0,169,6.7,15,0,0,6,212.250397,212.250397,0,1,0,3,0,3,0,0,0,0,1,1,1,20170124
123243664,"4,5,8-Trimethyldodecane",,C15H32,"InChI=1S/C15H32/c1-6-8-10-13(3)11-12-15(5)14(4)9-7-2/h13-15H,6-12H2,1-5H3",CCCCC(C)CCC(C)C(C)CCC,JWNUSKUXFRTCFH-UHFFFAOYSA-N,"4,5,8-trimethyldodecane",,Patents,,IBM,Research and Development,,212.41,0.0,128,7.5,15,0,0,9,212.250397,212.250397,0,1,0,3,0,3,0,0,0,0,2,2,1,20170124
123244011,"6-Ethyl-3,6,7-trimethyldecane",,C15H32,"InChI=1S/C15H32/c1-7-10-14(5)15(6,9-3)12-11-13(4)8-2/h13-14H,7-12H2,1-6H3",CCCC(C)C(C)(CC)CCC(C)CC,FZYZGVKCTZKSQH-UHFFFAOYSA-N,"6-ethyl-3,6,7-trimethyldecane",,Patents,,IBM,Research and Development,,212.41,0.0,150,7.3,15,0,0,8,212.250397,212.250397,0,1,0,3,0,3,0,0,0,0,1,1,1,20170124
123245219,"2,3,3,4,7-Pentamethyldecane",,C15H32,"InChI=1S/C15H32/c1-8-9-13(4)10-11-14(5)15(6,7)12(2)3/h12-14H,8-11H2,1-7H3",CCCC(C)CCC(C)C(C)(C)C(C)C,SIOXTOKLYSGJAA-UHFFFAOYSA-N,"2,3,3,4,7-pentamethyldecane",,Patents,,IBM,Research and Development,,212.41,0.0,155,7.0,15,0,0,7,212.250397,212.250397,0,1,0,2,0,2,0,0,0,0,1,1,1,20170124
123245915,"2,3,5,5,8-Pentamethyldecane",,C15H32,"InChI=1S/C15H32/c1-8-13(4)9-10-15(6,7)11-14(5)12(2)3/h12-14H,8-11H2,1-7H3",CCC(C)CCC(C)(C)CC(C)C(C)C,OEJIDNHHXYICIQ-UHFFFAOYSA-N,"2,3,5,5,8-pentamethyldecane",,Patents,,IBM,Research and Development,,212.41,0.0,155,7.0,15,0,0,7,212.250397,212.250397,0,1,0,2,0,2,0,0,0,0,1,1,1,20170124
123250329,"6,6-Diethylundecane",SCHEMBL22634124,C15H32,"InChI=1S/C15H32/c1-5-9-11-13-15(7-3,8-4)14-12-10-6-2/h5-14H2,1-4H3",CCCCCC(CC)(CC)CCCCC,MFCDAQREJIOKES-UHFFFAOYSA-N,"6,6-diethylundecane",,Patents,,Google Patents|IBM|SureChEMBL,Curation Efforts|Research and Development,,212.41,0.0,110,7.9,15,0,0,10,212.250397,212.250397,0,1,0,0,0,0,0,0,0,0,31,29,1,20170124
123252735,"6-Ethyl-3,4-dimethylundecane",,C15H32,"InChI=1S/C15H32/c1-6-9-10-11-15(8-3)12-14(5)13(4)7-2/h13-15H,6-12H2,1-5H3",CCCCCC(CC)CC(C)C(C)CC,QAFMUAAVNBPZNR-UHFFFAOYSA-N,"6-ethyl-3,4-dimethylundecane",,Patents,,IBM,Research and Development,,212.41,0.0,128,7.5,15,0,0,9,212.250397,212.250397,0,1,0,3,0,3,0,0,0,0,1,1,1,20170124
123254372,"5-Ethyl-2,3,7,7-tetramethylnonane",,C15H32,"InChI=1S/C15H32/c1-8-14(10-13(5)12(3)4)11-15(6,7)9-2/h12-14H,8-11H2,1-7H3",CCC(CC(C)C(C)C)CC(C)(C)CC,VTUSKUBZGCDNTI-UHFFFAOYSA-N,"5-ethyl-2,3,7,7-tetramethylnonane",,Patents,,IBM,Research and Development,,212.41,0.0,155,7.0,15,0,0,7,212.250397,212.250397,0,1,0,2,0,2,0,0,0,0,1,1,1,20170124
123254389,"3,6-Dimethyl-5-propan-2-yldecane",,C15H32,"InChI=1S/C15H32/c1-7-9-10-14(6)15(12(3)4)11-13(5)8-2/h12-15H,7-11H2,1-6H3",CCCCC(C)C(CC(C)CC)C(C)C,XPEDFFGNWRWFSG-UHFFFAOYSA-N,"3,6-dimethyl-5-propan-2-yldecane",,Patents,,IBM,Research and Development,,212.41,0.0,137,7.2,15,0,0,8,212.250397,212.250397,0,1,0,3,0,3,0,0,0,0,1,1,1,20170124
123254393,"2,4,4,8-Tetramethylundecane",,C15H32,"InChI=1S/C15H32/c1-7-9-14(4)10-8-11-15(5,6)12-13(2)3/h13-14H,7-12H2,1-6H3",CCCC(C)CCCC(C)(C)CC(C)C,PEGGUNHCEAELDT-UHFFFAOYSA-N,"2,4,4,8-tetramethylundecane",,Patents,,IBM,Research and Development,,212.41,0.0,144,7.3,15,0,0,8,212.250397,212.250397,0,1,0,1,0,1,0,0,0,0,1,1,1,20170124
123254510,"4,6-Dimethyl-4-propan-2-yldecane",,C15H32,"InChI=1S/C15H32/c1-7-9-10-14(5)12-15(6,11-8-2)13(3)4/h13-14H,7-12H2,1-6H3",CCCCC(C)CC(C)(CCC)C(C)C,BZZFUXIRJHUTMW-UHFFFAOYSA-N,"4,6-dimethyl-4-propan-2-yldecane",,Patents,,IBM,Research and Development,,212.41,0.0,148,7.3,15,0,0,8,212.250397,212.250397,0,1,0,2,0,2,0,0,0,0,2,2,1,20170124
123255346,"4-Ethyl-7,7-dimethylundecane",,C15H32,"InChI=1S/C15H32/c1-6-9-12-15(4,5)13-11-14(8-3)10-7-2/h14H,6-13H2,1-5H3",CCCCC(C)(C)CCC(CC)CCC,KUFLNMAACCPZCN-UHFFFAOYSA-N,"4-ethyl-7,7-dimethylundecane",,Patents,,IBM,Research and Development,,212.41,0.0,135,7.6,15,0,0,9,212.250397,212.250397,0,1,0,1,0,1,0,0,0,0,1,1,1,20170124
123257226,"2,3,6,6,8-Pentamethyldecane",,C15H32,"InChI=1S/C15H32/c1-8-13(4)11-15(6,7)10-9-14(5)12(2)3/h12-14H,8-11H2,1-7H3",CCC(C)CC(C)(C)CCC(C)C(C)C,DOBRRWNASLKWBB-UHFFFAOYSA-N,"2,3,6,6,8-pentamethyldecane",,Patents,,IBM,Research and Development,,212.41,0.0,155,7.0,15,0,0,7,212.250397,212.250397,0,1,0,2,0,2,0,0,0,0,1,1,1,20170124
123257744,"5-Ethyl-3,3-dimethylundecane",,C15H32,"InChI=1S/C15H32/c1-6-9-10-11-12-14(7-2)13-15(4,5)8-3/h14H,6-13H2,1-5H3",CCCCCCC(CC)CC(C)(C)CC,YHKSHNZKEMSBHG-UHFFFAOYSA-N,"5-ethyl-3,3-dimethylundecane",,Patents,,IBM,Research and Development,,212.41,0.0,135,7.6,15,0,0,9,212.250397,212.250397,0,1,0,1,0,1,0,0,0,0,1,1,1,20170124
123257811,"3,3,4,4,5,5-Hexamethylnonane",,C15H32,"InChI=1S/C15H32/c1-9-11-12-14(5,6)15(7,8)13(3,4)10-2/h9-12H2,1-8H3",CCCCC(C)(C)C(C)(C)C(C)(C)CC,ULORMKQBVSAJMB-UHFFFAOYSA-N,"3,3,4,4,5,5-hexamethylnonane",,Patents,,IBM,Research and Development,,212.41,0.0,184,7.0,15,0,0,6,212.250397,212.250397,0,1,0,0,0,0,0,0,0,0,1,1,1,20170124
123258187,"4-Ethyl-2,3,5,7-tetramethylnonane",,C15H32,"InChI=1S/C15H32/c1-8-12(5)10-13(6)15(9-2)14(7)11(3)4/h11-15H,8-10H2,1-7H3",CCC(C)CC(C)C(CC)C(C)C(C)C,RBOKWQVHVOVXAW-UHFFFAOYSA-N,"4-ethyl-2,3,5,7-tetramethylnonane",,Patents,,IBM,Research and Development,,212.41,0.0,148,6.9,15,0,0,7,212.250397,212.250397,0,1,0,4,0,4,0,0,0,0,1,1,1,20170124
123259807,"5-Ethyl-4,7-dimethylundecane",,C15H32,"InChI=1S/C15H32/c1-6-9-11-13(4)12-15(8-3)14(5)10-7-2/h13-15H,6-12H2,1-5H3",CCCCC(C)CC(CC)C(C)CCC,GCRKEPJTSQERFO-UHFFFAOYSA-N,"5-ethyl-4,7-dimethylundecane",,Patents,,IBM,Research and Development,,212.41,0.0,128,7.5,15,0,0,9,212.250397,212.250397,0,1,0,3,0,3,0,0,0,0,2,2,1,20170124
123261104,"3-Ethyl-2,6-dimethylundecane",,C15H32,"InChI=1S/C15H32/c1-6-8-9-10-14(5)11-12-15(7-2)13(3)4/h13-15H,6-12H2,1-5H3",CCCCCC(C)CCC(CC)C(C)C,BMCSSTJJWWSNBZ-UHFFFAOYSA-N,"3-ethyl-2,6-dimethylundecane",,Patents,,IBM,Research and Development,,212.41,0.0,126,7.5,15,0,0,9,212.250397,212.250397,0,1,0,2,0,2,0,0,0,0,1,1,1,20170124
123262158,"2,5,7,10-Tetramethylundecane",,C15H32,"InChI=1S/C15H32/c1-12(2)7-9-14(5)11-15(6)10-8-13(3)4/h12-15H,7-11H2,1-6H3",CC(C)CCC(C)CC(C)CCC(C)C,VNTLQTMPQXDQTG-UHFFFAOYSA-N,"2,5,7,10-tetramethylundecane",,Patents,,IBM|PATENTSCOPE (WIPO),Governmental Organizations|Research and Development,,212.41,0.0,119,7.2,15,0,0,8,212.250397,212.250397,0,1,0,2,0,2,0,0,0,0,1,1,1,20170124
123262817,"4,6-Diethyl-5,5-dimethylnonane",,C15H32,"InChI=1S/C15H32/c1-7-11-13(9-3)15(5,6)14(10-4)12-8-2/h13-14H,7-12H2,1-6H3",CCCC(CC)C(C)(C)C(CC)CCC,PVOMIOBMWZZJBI-UHFFFAOYSA-N,"4,6-diethyl-5,5-dimethylnonane",,Patents,,Google Patents|IBM|PATENTSCOPE (WIPO),Governmental Organizations|Research and Development,,212.41,0.0,130,7.3,15,0,0,8,212.250397,212.250397,0,1,0,2,0,2,0,0,0,0,5,4,1,20170124
123263765,"3,4-Diethyl-2,2,5,5-tetramethylheptane",,C15H32,"InChI=1S/C15H32/c1-9-12(14(4,5)6)13(10-2)15(7,8)11-3/h12-13H,9-11H2,1-8H3",CCC(C(CC)C(C)(C)CC)C(C)(C)C,CFVLOTOJXUGUEB-UHFFFAOYSA-N,"3,4-diethyl-2,2,5,5-tetramethylheptane",,Patents,,IBM,Research and Development,,212.41,0.0,171,6.9,15,0,0,6,212.250397,212.250397,0,1,0,2,0,2,0,0,0,0,1,1,1,20170124
123264363,"5-Ethyl-2,3-dimethyl-4-propan-2-yloctane",SCHEMBL9259303,C15H32,"InChI=1S/C15H32/c1-8-10-14(9-2)15(12(5)6)13(7)11(3)4/h11-15H,8-10H2,1-7H3",CCCC(CC)C(C(C)C)C(C)C(C)C,GODWMQHNMUBZQM-UHFFFAOYSA-N,"5-ethyl-2,3-dimethyl-4-propan-2-yloctane",,Patents,,IBM|SureChEMBL,Curation Efforts|Research and Development,,212.41,0.0,146,6.9,15,0,0,7,212.250397,212.250397,0,1,0,3,0,3,0,0,0,0,2,2,1,20170124
123265064,"3,6-Diethyl-2,4,7-trimethyloctane",,C15H32,"InChI=1S/C15H32/c1-8-14(11(3)4)10-13(7)15(9-2)12(5)6/h11-15H,8-10H2,1-7H3",CCC(CC(C)C(CC)C(C)C)C(C)C,VADNUAZLHDPKAF-UHFFFAOYSA-N,"3,6-diethyl-2,4,7-trimethyloctane",,Patents,,IBM,Research and Development,,212.41,0.0,146,6.9,15,0,0,7,212.250397,212.250397,0,1,0,3,0,3,0,0,0,0,3,3,1,20170124
123266768,"6-Ethyl-3,4,5-trimethyldecane",,C15H32,"InChI=1S/C15H32/c1-7-10-11-15(9-3)14(6)13(5)12(4)8-2/h12-15H,7-11H2,1-6H3",CCCCC(CC)C(C)C(C)C(C)CC,KUWGHSILARGHNS-UHFFFAOYSA-N,"6-ethyl-3,4,5-trimethyldecane",,Patents,,IBM,Research and Development,,212.41,0.0,139,7.2,15,0,0,8,212.250397,212.250397,0,1,0,4,0,4,0,0,0,0,2,2,1,20170124
123269799,"6-Ethyl-2,6,7-trimethyldecane",,C15H32,"InChI=1S/C15H32/c1-7-10-14(5)15(6,8-2)12-9-11-13(3)4/h13-14H,7-12H2,1-6H3",CCCC(C)C(C)(CC)CCCC(C)C,RRBVQWWVXINDIP-UHFFFAOYSA-N,"6-ethyl-2,6,7-trimethyldecane",,Patents,,IBM,Research and Development,,212.41,0.0,148,7.3,15,0,0,8,212.250397,212.250397,0,1,0,2,0,2,0,0,0,0,1,1,1,20170124
123272538,"2,3,3,4,5-Pentamethyldecane",,C15H32,"InChI=1S/C15H32/c1-8-9-10-11-13(4)14(5)15(6,7)12(2)3/h12-14H,8-11H2,1-7H3",CCCCCC(C)C(C)C(C)(C)C(C)C,NPAHFFMWTKBYPH-UHFFFAOYSA-N,"2,3,3,4,5-pentamethyldecane",,Patents,,IBM,Research and Development,,212.41,0.0,155,7.0,15,0,0,7,212.250397,212.250397,0,1,0,2,0,2,0,0,0,0,1,1,1,20170124
123273075,"4-Tert-butyl-3,4,6-trimethyloctane",,C15H32,"InChI=1S/C15H32/c1-9-12(3)11-15(8,13(4)10-2)14(5,6)7/h12-13H,9-11H2,1-8H3",CCC(C)CC(C)(C(C)CC)C(C)(C)C,GEQKESGBNUHDHO-UHFFFAOYSA-N,"4-tert-butyl-3,4,6-trimethyloctane",,Patents,,IBM,Research and Development,,212.41,0.0,175,6.9,15,0,0,6,212.250397,212.250397,0,1,0,3,0,3,0,0,0,0,3,2,1,20170124
123274343,"4-Ethyl-2,4,5,8-tetramethylnonane",,C15H32,"InChI=1S/C15H32/c1-8-15(7,11-13(4)5)14(6)10-9-12(2)3/h12-14H,8-11H2,1-7H3",CCC(C)(CC(C)C)C(C)CCC(C)C,QHHNWRSPHDJZEW-UHFFFAOYSA-N,"4-ethyl-2,4,5,8-tetramethylnonane",,Patents,,IBM,Research and Development,,212.41,0.0,157,7.0,15,0,0,7,212.250397,212.250397,0,1,0,2,0,2,0,0,0,0,1,1,1,20170124
123274815,"2,5,6,7,8-Pentamethyldecane",,C15H32,"InChI=1S/C15H32/c1-8-12(4)14(6)15(7)13(5)10-9-11(2)3/h11-15H,8-10H2,1-7H3",CCC(C)C(C)C(C)C(C)CCC(C)C,AFLGNVCJGRHBIY-UHFFFAOYSA-N,"2,5,6,7,8-pentamethyldecane",,Patents,,IBM,Research and Development,,212.41,0.0,148,6.9,15,0,0,7,212.250397,212.250397,0,1,0,4,0,4,0,0,0,0,3,3,1,20170124
123276351,"5-Ethyl-2,2,3,3,5,6-hexamethylheptane",,C15H32,"InChI=1S/C15H32/c1-10-15(9,12(2)3)11-14(7,8)13(4,5)6/h12H,10-11H2,1-9H3",CCC(C)(CC(C)(C)C(C)(C)C)C(C)C,FRBPAFPGESRMID-UHFFFAOYSA-N,"5-ethyl-2,2,3,3,5,6-hexamethylheptane",,Patents,,IBM,Research and Development,,212.41,0.0,193,6.7,15,0,0,5,212.250397,212.250397,0,1,0,1,0,1,0,0,0,0,5,3,1,20170124
123277114,"2,3,6,9-Tetramethylundecane",,C15H32,"InChI=1S/C15H32/c1-7-13(4)8-9-14(5)10-11-15(6)12(2)3/h12-15H,7-11H2,1-6H3",CCC(C)CCC(C)CCC(C)C(C)C,IEBXVJAXBKSIQQ-UHFFFAOYSA-N,"2,3,6,9-tetramethylundecane",,Patents,,IBM,Research and Development,,212.41,0.0,137,7.2,15,0,0,8,212.250397,212.250397,0,1,0,3,0,3,0,0,0,0,1,1,1,20170124
123278793,"7-Ethyl-2,8-dimethylundecane",,C15H32,"InChI=1S/C15H32/c1-6-10-14(5)15(7-2)12-9-8-11-13(3)4/h13-15H,6-12H2,1-5H3",CCCC(C)C(CC)CCCCC(C)C,PJUJHGRBFVFDER-UHFFFAOYSA-N,"7-ethyl-2,8-dimethylundecane",,Patents,,IBM,Research and Development,,212.41,0.0,126,7.5,15,0,0,9,212.250397,212.250397,0,1,0,2,0,2,0,0,0,0,1,1,1,20170124
123278932,"3-Ethyl-2,2,8,8-tetramethylnonane",,C15H32,"InChI=1S/C15H32/c1-8-13(15(5,6)7)11-9-10-12-14(2,3)4/h13H,8-12H2,1-7H3",CCC(CCCCC(C)(C)C)C(C)(C)C,ZRSYXTWGXYUQRP-UHFFFAOYSA-N,"3-ethyl-2,2,8,8-tetramethylnonane",,Patents,,IBM,Research and Development,,212.41,0.0,154,7.2,15,0,0,7,212.250397,212.250397,0,1,0,1,0,1,0,0,0,0,1,1,1,20170124
123279412,5-(3-Methylbutan-2-yl)decane,,C15H32,"InChI=1S/C15H32/c1-6-8-10-12-15(11-9-7-2)14(5)13(3)4/h13-15H,6-12H2,1-5H3",CCCCCC(CCCC)C(C)C(C)C,LBPIBOKQFXXHKR-UHFFFAOYSA-N,5-(3-methylbutan-2-yl)decane,,Patents,,IBM,Research and Development,,212.41,0.0,126,7.5,15,0,0,9,212.250397,212.250397,0,1,0,2,0,2,0,0,0,0,2,2,1,20170124
123280943,"2-Methyl-4,5-dipropyloctane",,C15H32,"InChI=1S/C15H32/c1-6-9-14(10-7-2)15(11-8-3)12-13(4)5/h13-15H,6-12H2,1-5H3",CCCC(CCC)C(CCC)CC(C)C,ITPHDDZOODMFMR-UHFFFAOYSA-N,"2-methyl-4,5-dipropyloctane",,Patents,,IBM,Research and Development,,212.41,0.0,120,7.5,15,0,0,9,212.250397,212.250397,0,1,0,1,0,1,0,0,0,0,1,1,1,20170124
123282614,"8-Ethyl-2,9-dimethylundecane",,C15H32,"InChI=1S/C15H32/c1-6-14(5)15(7-2)12-10-8-9-11-13(3)4/h13-15H,6-12H2,1-5H3",CCC(C)C(CC)CCCCCC(C)C,MWAHDWBOGGSDPN-UHFFFAOYSA-N,"8-ethyl-2,9-dimethylundecane",,Patents,,IBM,Research and Development,,212.41,0.0,126,7.5,15,0,0,9,212.250397,212.250397,0,1,0,2,0,2,0,0,0,0,1,1,1,20170124
123282824,5-Ethyl-6-methyldodecane,,C15H32,"InChI=1S/C15H32/c1-5-8-10-11-12-14(4)15(7-3)13-9-6-2/h14-15H,5-13H2,1-4H3",CCCCCCC(C)C(CC)CCCC,XYAFTYRRTISSPN-UHFFFAOYSA-N,5-ethyl-6-methyldodecane,,Patents,,IBM,Research and Development,,212.41,0.0,117,7.8,15,0,0,10,212.250397,212.250397,0,1,0,2,0,2,0,0,0,0,3,3,1,20170124
123284033,"2,5,7-Trimethyl-4-propylnonane",,C15H32,"InChI=1S/C15H32/c1-7-9-15(10-12(3)4)14(6)11-13(5)8-2/h12-15H,7-11H2,1-6H3",CCCC(CC(C)C)C(C)CC(C)CC,HFVBCLSFUKQTDA-UHFFFAOYSA-N,"2,5,7-trimethyl-4-propylnonane",,Patents,,IBM,Research and Development,,212.41,0.0,137,7.2,15,0,0,8,212.250397,212.250397,0,1,0,3,0,3,0,0,0,0,1,1,1,20170124
123285220,"2,5,5,7-Tetramethylundecane",,C15H32,"InChI=1S/C15H32/c1-7-8-9-14(4)12-15(5,6)11-10-13(2)3/h13-14H,7-12H2,1-6H3",CCCCC(C)CC(C)(C)CCC(C)C,CUJQYEFJEAVUFJ-UHFFFAOYSA-N,"2,5,5,7-tetramethylundecane",,Patents,,IBM,Research and Development,,212.41,0.0,144,7.3,15,0,0,8,212.250397,212.250397,0,1,0,1,0,1,0,0,0,0,1,1,1,20170124
123288038,"2,4,8-Trimethyl-5-propylnonane",,C15H32,"InChI=1S/C15H32/c1-7-8-15(10-9-12(2)3)14(6)11-13(4)5/h12-15H,7-11H2,1-6H3",CCCC(CCC(C)C)C(C)CC(C)C,SOQPGIPMPGQLFA-UHFFFAOYSA-N,"2,4,8-trimethyl-5-propylnonane",,Patents,,IBM,Research and Development,,212.41,0.0,135,7.2,15,0,0,8,212.250397,212.250397,0,1,0,2,0,2,0,0,0,0,1,1,1,20170124
123288847,"3,4,4,8-Tetramethylundecane",,C15H32,"InChI=1S/C15H32/c1-7-10-13(3)11-9-12-15(5,6)14(4)8-2/h13-14H,7-12H2,1-6H3",CCCC(C)CCCC(C)(C)C(C)CC,SEFFKFFHPOXVGZ-UHFFFAOYSA-N,"3,4,4,8-tetramethylundecane",,Patents,,IBM,Research and Development,,212.41,0.0,146,7.3,15,0,0,8,212.250397,212.250397,0,1,0,2,0,2,0,0,0,0,1,1,1,20170124
123291319,"3,5-Diethyl-7-methyldecane",,C15H32,"InChI=1S/C15H32/c1-6-10-13(5)11-15(9-4)12-14(7-2)8-3/h13-15H,6-12H2,1-5H3",CCCC(C)CC(CC)CC(CC)CC,DHRUPHLOZYZJOF-UHFFFAOYSA-N,"3,5-diethyl-7-methyldecane",,Patents,,IBM,Research and Development,,212.41,0.0,124,7.5,15,0,0,9,212.250397,212.250397,0,1,0,2,0,2,0,0,0,0,1,1,1,20170124
123294006,"2,3,5,5,6,8-Hexamethylnonane",,C15H32,"InChI=1S/C15H32/c1-11(2)9-14(6)15(7,8)10-13(5)12(3)4/h11-14H,9-10H2,1-8H3",CC(C)CC(C)C(C)(C)CC(C)C(C)C,KIOVGMMRUWLJHP-UHFFFAOYSA-N,"2,3,5,5,6,8-hexamethylnonane",,Patents,,IBM,Research and Development,,212.41,0.0,165,6.7,15,0,0,6,212.250397,212.250397,0,1,0,2,0,2,0,0,0,0,1,1,1,20170124
123295271,"2,7,7-Trimethyl-6-propylnonane",,C15H32,"InChI=1S/C15H32/c1-7-10-14(15(5,6)8-2)12-9-11-13(3)4/h13-14H,7-12H2,1-6H3",CCCC(CCCC(C)C)C(C)(C)CC,KHDQNXPYMHLDJI-UHFFFAOYSA-N,"2,7,7-trimethyl-6-propylnonane",,Patents,,IBM,Research and Development,,212.41,0.0,144,7.3,15,0,0,8,212.250397,212.250397,0,1,0,1,0,1,0,0,0,0,1,1,1,20170124
123296499,"2,3,5,6,7-Pentamethyldecane",,C15H32,"InChI=1S/C15H32/c1-8-9-12(4)15(7)14(6)10-13(5)11(2)3/h11-15H,8-10H2,1-7H3",CCCC(C)C(C)C(C)CC(C)C(C)C,IPZNWAMSRVEAMU-UHFFFAOYSA-N,"2,3,5,6,7-pentamethyldecane",,Patents,,IBM,Research and Development,,212.41,0.0,148,6.9,15,0,0,7,212.250397,212.250397,0,1,0,4,0,4,0,0,0,0,1,1,1,20170124
123298069,2-Methyl-5-(2-methylpropyl)decane,,C15H32,"InChI=1S/C15H32/c1-6-7-8-9-15(12-14(4)5)11-10-13(2)3/h13-15H,6-12H2,1-5H3",CCCCCC(CCC(C)C)CC(C)C,UZKFNRYWWNTLHD-UHFFFAOYSA-N,2-methyl-5-(2-methylpropyl)decane,,Patents,,IBM,Research and Development,,212.41,0.0,124,7.5,15,0,0,9,212.250397,212.250397,0,1,0,1,0,1,0,0,0,0,1,1,1,20170124
123298680,"6-Ethyl-2,3,4,5,5-pentamethyloctane",,C15H32,"InChI=1S/C15H32/c1-9-14(10-2)15(7,8)13(6)12(5)11(3)4/h11-14H,9-10H2,1-8H3",CCC(CC)C(C)(C)C(C)C(C)C(C)C,PQFFLUPDIOSYJU-UHFFFAOYSA-N,"6-ethyl-2,3,4,5,5-pentamethyloctane",,Patents,,IBM,Research and Development,,212.41,0.0,163,6.7,15,0,0,6,212.250397,212.250397,0,1,0,2,0,2,0,0,0,0,2,2,1,20170124
123300633,"2,5,7,8-Tetramethylundecane",,C15H32,"InChI=1S/C15H32/c1-7-8-14(5)15(6)11-13(4)10-9-12(2)3/h12-15H,7-11H2,1-6H3",CCCC(C)C(C)CC(C)CCC(C)C,YZNURSCKPCALMK-UHFFFAOYSA-N,"2,5,7,8-tetramethylundecane",,Patents,,IBM,Research and Development,,212.41,0.0,137,7.2,15,0,0,8,212.250397,212.250397,0,1,0,3,0,3,0,0,0,0,2,2,1,20170124
123301562,"2,3,4,4,5,6,6-Heptamethyloctane",,C15H32,"InChI=1S/C15H32/c1-10-14(6,7)13(5)15(8,9)12(4)11(2)3/h11-13H,10H2,1-9H3",CCC(C)(C)C(C)C(C)(C)C(C)C(C)C,AIAKYKHZBWULSN-UHFFFAOYSA-N,"2,3,4,4,5,6,6-heptamethyloctane",,Patents,,IBM,Research and Development,,212.41,0.0,186,6.6,15,0,0,5,212.250397,212.250397,0,1,0,2,0,2,0,0,0,0,1,1,1,20170124
123302478,"2,2,4,5-Tetramethyl-5-propyloctane",,C15H32,"InChI=1S/C15H32/c1-8-10-15(7,11-9-2)13(3)12-14(4,5)6/h13H,8-12H2,1-7H3",CCCC(C)(CCC)C(C)CC(C)(C)C,DQVAFIUXZLILGX-UHFFFAOYSA-N,"2,2,4,5-tetramethyl-5-propyloctane",,Patents,,IBM,Research and Development,,212.41,0.0,155,7.2,15,0,0,7,212.250397,212.250397,0,1,0,1,0,1,0,0,0,0,1,1,1,20170124
123303271,"4,5-Diethyl-3,3,6-trimethyloctane",,C15H32,"InChI=1S/C15H32/c1-8-12(5)13(9-2)14(10-3)15(6,7)11-4/h12-14H,8-11H2,1-7H3",CCC(C)C(CC)C(CC)C(C)(C)CC,VDQGVKMBCMFHGO-UHFFFAOYSA-N,"4,5-diethyl-3,3,6-trimethyloctane",,Patents,,IBM,Research and Development,,212.41,0.0,157,7.0,15,0,0,7,212.250397,212.250397,0,1,0,3,0,3,0,0,0,0,1,1,1,20170124
123304440,"6-Ethyl-3,9-dimethylundecane",,C15H32,"InChI=1S/C15H32/c1-6-13(4)9-11-15(8-3)12-10-14(5)7-2/h13-15H,6-12H2,1-5H3",CCC(C)CCC(CC)CCC(C)CC,IBAUUGLAXHUMNW-UHFFFAOYSA-N,"6-ethyl-3,9-dimethylundecane",,Patents,,IBM,Research and Development,,212.41,0.0,114,7.5,15,0,0,9,212.250397,212.250397,0,1,0,2,0,2,0,0,0,0,2,2,1,20170124
123306083,4-Ethyl-7-methyldodecane,,C15H32,"InChI=1S/C15H32/c1-5-8-9-11-14(4)12-13-15(7-3)10-6-2/h14-15H,5-13H2,1-4H3",CCCCCC(C)CCC(CC)CCC,YXIBQOQPQLBZSA-UHFFFAOYSA-N,4-ethyl-7-methyldodecane,,Patents,,IBM,Research and Development,,212.41,0.0,117,7.8,15,0,0,10,212.250397,212.250397,0,1,0,2,0,2,0,0,0,0,2,2,1,20170124
123306270,"4,5-Diethyl-3,3,5-trimethyloctane",,C15H32,"InChI=1S/C15H32/c1-8-12-15(7,11-4)13(9-2)14(5,6)10-3/h13H,8-12H2,1-7H3",CCCC(C)(CC)C(CC)C(C)(C)CC,FJXNCHUHRASUOT-UHFFFAOYSA-N,"4,5-diethyl-3,3,5-trimethyloctane",,Patents,,IBM,Research and Development,,212.41,0.0,169,7.2,15,0,0,7,212.250397,212.250397,0,1,0,2,0,2,0,0,0,0,1,1,1,20170124
123306511,5-Methyl-7-propan-2-ylundecane,,C15H32,"InChI=1S/C15H32/c1-6-8-10-14(5)12-15(13(3)4)11-9-7-2/h13-15H,6-12H2,1-5H3",CCCCC(C)CC(CCCC)C(C)C,UXFDYFUTZVZJMR-UHFFFAOYSA-N,5-methyl-7-propan-2-ylundecane,,Patents,,IBM,Research and Development,,212.41,0.0,126,7.5,15,0,0,9,212.250397,212.250397,0,1,0,2,0,2,0,0,0,0,1,1,1,20170124
123307592,"2,3,5,8,9-Pentamethyldecane",,C15H32,"InChI=1S/C15H32/c1-11(2)14(6)9-8-13(5)10-15(7)12(3)4/h11-15H,8-10H2,1-7H3",CC(C)C(C)CCC(C)CC(C)C(C)C,TWZCMLZACNAWDV-UHFFFAOYSA-N,"2,3,5,8,9-pentamethyldecane",,Patents,,IBM,Research and Development,,212.41,0.0,146,6.9,15,0,0,7,212.250397,212.250397,0,1,0,3,0,3,0,0,0,0,1,1,1,20170124
123307967,"2,2,3,3,4,4,6,6-Octamethylheptane",,C15H32,"InChI=1S/C15H32/c1-12(2,3)11-14(7,8)15(9,10)13(4,5)6/h11H2,1-10H3",CC(C)(C)CC(C)(C)C(C)(C)C(C)(C)C,AXMJFFRHJYQZFM-UHFFFAOYSA-N,"2,2,3,3,4,4,6,6-octamethylheptane",,Patents,,Google Patents|IBM,Research and Development,,212.41,0.0,205,6.6,15,0,0,4,212.250397,212.250397,0,1,0,0,0,0,0,0,0,0,7,3,1,20170124
123309227,"3,7-Dimethyl-6-propan-2-yldecane",,C15H32,"InChI=1S/C15H32/c1-7-9-14(6)15(12(3)4)11-10-13(5)8-2/h12-15H,7-11H2,1-6H3",CCCC(C)C(CCC(C)CC)C(C)C,VMPUXFDMWSFNMX-UHFFFAOYSA-N,"3,7-dimethyl-6-propan-2-yldecane",,Patents,,IBM,Research and Development,,212.41,0.0,137,7.2,15,0,0,8,212.250397,212.250397,0,1,0,3,0,3,0,0,0,0,1,1,1,20170124
123310839,4-Methyl-5-(3-methylbutan-2-yl)nonane,,C15H32,"InChI=1S/C15H32/c1-7-9-11-15(13(5)10-8-2)14(6)12(3)4/h12-15H,7-11H2,1-6H3",CCCCC(C(C)CCC)C(C)C(C)C,RAUWXQSXFVEBBA-UHFFFAOYSA-N,4-methyl-5-(3-methylbutan-2-yl)nonane,,Patents,,IBM,Research and Development,,212.41,0.0,137,7.2,15,0,0,8,212.250397,212.250397,0,1,0,3,0,3,0,0,0,0,3,3,1,20170124
123313460,"4-Butan-2-yl-3,5,5-trimethyloctane",,C15H32,"InChI=1S/C15H32/c1-8-11-15(6,7)14(12(4)9-2)13(5)10-3/h12-14H,8-11H2,1-7H3",CCCC(C)(C)C(C(C)CC)C(C)CC,GHVOUBSBCIYUTB-UHFFFAOYSA-N,"4-butan-2-yl-3,5,5-trimethyloctane",,Patents,,IBM,Research and Development,,212.41,0.0,147,7.0,15,0,0,7,212.250397,212.250397,0,1,0,2,0,2,0,0,0,0,1,1,1,20170124
123313476,"3,3,4,7,8-Pentamethyldecane",,C15H32,"InChI=1S/C15H32/c1-8-12(3)13(4)10-11-14(5)15(6,7)9-2/h12-14H,8-11H2,1-7H3",CCC(C)C(C)CCC(C)C(C)(C)CC,ZNKCFZGDYLSHCZ-UHFFFAOYSA-N,"3,3,4,7,8-pentamethyldecane",,Patents,,IBM,Research and Development,,212.41,0.0,157,7.0,15,0,0,7,212.250397,212.250397,0,1,0,3,0,3,0,0,0,0,2,2,1,20170124
123313749,"2,2,7-Trimethyl-3-propan-2-ylnonane",,C15H32,"InChI=1S/C15H32/c1-8-13(4)10-9-11-14(12(2)3)15(5,6)7/h12-14H,8-11H2,1-7H3",CCC(C)CCCC(C(C)C)C(C)(C)C,IQOBUTGBLUHBNM-UHFFFAOYSA-N,"2,2,7-trimethyl-3-propan-2-ylnonane",,Patents,,IBM,Research and Development,,212.41,0.0,150,7.0,15,0,0,7,212.250397,212.250397,0,1,0,2,0,2,0,0,0,0,1,1,1,20170124
123315036,"3,6,7-Trimethyldodecane",,C15H32,"InChI=1S/C15H32/c1-6-8-9-10-14(4)15(5)12-11-13(3)7-2/h13-15H,6-12H2,1-5H3",CCCCCC(C)C(C)CCC(C)CC,KOFACAXRFZOGPO-UHFFFAOYSA-N,"3,6,7-trimethyldodecane",,Patents,,Google Patents|IBM,Research and Development,,212.41,0.0,128,7.5,15,0,0,9,212.250397,212.250397,0,1,0,3,0,3,0,0,0,0,5,4,1,20170124
123315147,"3-Ethyl-2,4,5,8-tetramethylnonane",,C15H32,"InChI=1S/C15H32/c1-8-15(12(4)5)14(7)13(6)10-9-11(2)3/h11-15H,8-10H2,1-7H3",CCC(C(C)C)C(C)C(C)CCC(C)C,FVNRSCLANYADHC-UHFFFAOYSA-N,"3-ethyl-2,4,5,8-tetramethylnonane",,Patents,,IBM,Research and Development,,212.41,0.0,146,6.9,15,0,0,7,212.250397,212.250397,0,1,0,3,0,3,0,0,0,0,1,1,1,20170124
123317650,"4-Ethyl-2,2,3,4,5,5-hexamethylheptane",,C15H32,"InChI=1S/C15H32/c1-10-14(7,8)15(9,11-2)12(3)13(4,5)6/h12H,10-11H2,1-9H3",CCC(C)(C)C(C)(CC)C(C)C(C)(C)C,OMJUXENQKMDBTC-UHFFFAOYSA-N,"4-ethyl-2,2,3,4,5,5-hexamethylheptane",,Patents,,IBM,Research and Development,,212.41,0.0,195,6.7,15,0,0,5,212.250397,212.250397,0,1,0,2,0,2,0,0,0,0,1,1,1,20170124
123319105,3-Methyl-4-propylundecane,SCHEMBL6439033,C15H32,"InChI=1S/C15H32/c1-5-8-9-10-11-13-15(12-6-2)14(4)7-3/h14-15H,5-13H2,1-4H3",CCCCCCCC(CCC)C(C)CC,IOHDUYXEUMTESH-UHFFFAOYSA-N,3-methyl-4-propylundecane,,Patents,,IBM|SureChEMBL,Curation Efforts|Research and Development,,212.41,0.0,117,7.8,15,0,0,10,212.250397,212.250397,0,1,0,2,0,2,0,0,0,0,7,5,1,20170124
123319245,"2,4,5,7,9-Pentamethyldecane",,C15H32,"InChI=1S/C15H32/c1-11(2)8-13(5)10-15(7)14(6)9-12(3)4/h11-15H,8-10H2,1-7H3",CC(C)CC(C)CC(C)C(C)CC(C)C,MQLKEZDOPLUCOD-UHFFFAOYSA-N,"2,4,5,7,9-pentamethyldecane",,Patents,,IBM,Research and Development,,212.41,0.0,146,6.9,15,0,0,7,212.250397,212.250397,0,1,0,3,0,3,0,0,0,0,1,1,1,20170124
123319834,"6-Ethyl-2,3,3,5,7-pentamethyloctane",,C15H32,"InChI=1S/C15H32/c1-9-14(11(2)3)13(6)10-15(7,8)12(4)5/h11-14H,9-10H2,1-8H3",CCC(C(C)C)C(C)CC(C)(C)C(C)C,XVEJDUDVSQCUIU-UHFFFAOYSA-N,"6-ethyl-2,3,3,5,7-pentamethyloctane",,Patents,,IBM,Research and Development,,212.41,0.0,165,6.7,15,0,0,6,212.250397,212.250397,0,1,0,2,0,2,0,0,0,0,1,1,1,20170124
123326124,"2,2,6-Trimethyl-5-propan-2-ylnonane",,C15H32,"InChI=1S/C15H32/c1-8-9-13(4)14(12(2)3)10-11-15(5,6)7/h12-14H,8-11H2,1-7H3",CCCC(C)C(CCC(C)(C)C)C(C)C,YMGHNIVEFBXZKA-UHFFFAOYSA-N,"2,2,6-trimethyl-5-propan-2-ylnonane",,Patents,,IBM,Research and Development,,212.41,0.0,150,7.0,15,0,0,7,212.250397,212.250397,0,1,0,2,0,2,0,0,0,0,1,1,1,20170124
123326850,"4-Ethyl-2,3,5-trimethyl-3-propan-2-ylheptane",,C15H32,"InChI=1S/C15H32/c1-9-13(7)14(10-2)15(8,11(3)4)12(5)6/h11-14H,9-10H2,1-8H3",CCC(C)C(CC)C(C)(C(C)C)C(C)C,PTCPUWGWXMPXFZ-UHFFFAOYSA-N,"4-ethyl-2,3,5-trimethyl-3-propan-2-ylheptane",,Patents,,IBM,Research and Development,,212.41,0.0,159,6.7,15,0,0,6,212.250397,212.250397,0,1,0,2,0,2,0,0,0,0,1,1,1,20170124
123327879,"3,3,4-Triethyl-2,4-dimethylheptane",,C15H32,"InChI=1S/C15H32/c1-8-12-14(7,9-2)15(10-3,11-4)13(5)6/h13H,8-12H2,1-7H3",CCCC(C)(CC)C(CC)(CC)C(C)C,WGOAPNGIGJVNHX-UHFFFAOYSA-N,"3,3,4-triethyl-2,4-dimethylheptane",,Patents,,IBM,Research and Development,,212.41,0.0,165,7.2,15,0,0,7,212.250397,212.250397,0,1,0,1,0,1,0,0,0,0,1,1,1,20170124
123329233,"2,2,4,4,5,6,7-Heptamethyloctane",,C15H32,"InChI=1S/C15H32/c1-11(2)12(3)13(4)15(8,9)10-14(5,6)7/h11-13H,10H2,1-9H3",CC(C)C(C)C(C)C(C)(C)CC(C)(C)C,HSUGFDASHMDMIS-UHFFFAOYSA-N,"2,2,4,4,5,6,7-heptamethyloctane",,Patents,,IBM,Research and Development,,212.41,0.0,181,6.6,15,0,0,5,212.250397,212.250397,0,1,0,2,0,2,0,0,0,0,1,1,1,20170124
123329958,"5-Butyl-2,6-dimethylnonane",,C15H32,"InChI=1S/C15H32/c1-6-8-10-15(12-11-13(3)4)14(5)9-7-2/h13-15H,6-12H2,1-5H3",CCCCC(CCC(C)C)C(C)CCC,MLUJCCOCNAVIBO-UHFFFAOYSA-N,"5-butyl-2,6-dimethylnonane",,Patents,,IBM,Research and Development,,212.41,0.0,126,7.5,15,0,0,9,212.250397,212.250397,0,1,0,2,0,2,0,0,0,0,1,1,1,20170124
123330894,"5,6-Dimethyl-5-propan-2-yldecane",,C15H32,"InChI=1S/C15H32/c1-7-9-11-14(5)15(6,13(3)4)12-10-8-2/h13-14H,7-12H2,1-6H3",CCCCC(C)C(C)(CCCC)C(C)C,FFNGLPBSKZQWPW-UHFFFAOYSA-N,"5,6-dimethyl-5-propan-2-yldecane",,Patents,,IBM,Research and Development,,212.41,0.0,148,7.3,15,0,0,8,212.250397,212.250397,0,1,0,2,0,2,0,0,0,0,2,2,1,20170124
123333369,"3,4,6,6-Tetramethylundecane",,C15H32,"InChI=1S/C15H32/c1-7-9-10-11-15(5,6)12-14(4)13(3)8-2/h13-14H,7-12H2,1-6H3",CCCCCC(C)(C)CC(C)C(C)CC,LRKGTQGWKRSPRF-UHFFFAOYSA-N,"3,4,6,6-tetramethylundecane",,Patents,,IBM,Research and Development,,212.41,0.0,146,7.3,15,0,0,8,212.250397,212.250397,0,1,0,2,0,2,0,0,0,0,1,1,1,20170124
123335252,"2,3,4,4,5,6,7-Heptamethyloctane",,C15H32,"InChI=1S/C15H32/c1-10(2)12(5)14(7)15(8,9)13(6)11(3)4/h10-14H,1-9H3",CC(C)C(C)C(C)C(C)(C)C(C)C(C)C,NGLWBTIRJMIZLE-UHFFFAOYSA-N,"2,3,4,4,5,6,7-heptamethyloctane",,Patents,,IBM,Research and Development,,212.41,0.0,176,6.5,15,0,0,5,212.250397,212.250397,0,1,0,3,0,3,0,0,0,0,1,1,1,20170124
123341926,"2,2,4,5,7,7-Hexamethylnonane",,C15H32,"InChI=1S/C15H32/c1-9-15(7,8)11-13(3)12(2)10-14(4,5)6/h12-13H,9-11H2,1-8H3",CCC(C)(C)CC(C)C(C)CC(C)(C)C,DUVPPRPQYHVVGA-UHFFFAOYSA-N,"2,2,4,5,7,7-hexamethylnonane",,Patents,,IBM,Research and Development,,212.41,0.0,171,6.9,15,0,0,6,212.250397,212.250397,0,1,0,2,0,2,0,0,0,0,1,1,1,20170124
123345275,"2,2,3,7-Tetramethylundecane",,C15H32,"InChI=1S/C15H32/c1-7-8-10-13(2)11-9-12-14(3)15(4,5)6/h13-14H,7-12H2,1-6H3",CCCCC(C)CCCC(C)C(C)(C)C,LASJOTVWGMLUDL-UHFFFAOYSA-N,"2,2,3,7-tetramethylundecane",,Patents,,IBM,Research and Development,,212.41,0.0,141,7.3,15,0,0,8,212.250397,212.250397,0,1,0,2,0,2,0,0,0,0,1,1,1,20170124
123346239,"2,2,6,6,9-Pentamethyldecane",,C15H32,"InChI=1S/C15H32/c1-13(2)9-12-15(6,7)11-8-10-14(3,4)5/h13H,8-12H2,1-7H3",CC(C)CCC(C)(C)CCCC(C)(C)C,FNEUQDHUDIRTCW-UHFFFAOYSA-N,"2,2,6,6,9-pentamethyldecane",,Patents,,IBM,Research and Development,,212.41,0.0,157,7.2,15,0,0,7,212.250397,212.250397,0,1,0,0,0,0,0,0,0,0,1,1,1,20170124
123348497,"3-Ethyl-4,6-dimethyl-5-propan-2-yloctane",,C15H32,"InChI=1S/C15H32/c1-8-12(6)15(11(4)5)13(7)14(9-2)10-3/h11-15H,8-10H2,1-7H3",CCC(C)C(C(C)C)C(C)C(CC)CC,LCWZESODRSQBIA-UHFFFAOYSA-N,"3-ethyl-4,6-dimethyl-5-propan-2-yloctane",,Patents,,IBM,Research and Development,,212.41,0.0,144,6.9,15,0,0,7,212.250397,212.250397,0,1,0,3,0,3,0,0,0,0,1,1,1,20170124
123348867,"5-Ethyl-2,4,6,7-tetramethylnonane",,C15H32,"InChI=1S/C15H32/c1-8-12(5)14(7)15(9-2)13(6)10-11(3)4/h11-15H,8-10H2,1-7H3",CCC(C)C(C)C(CC)C(C)CC(C)C,NTRVBFKHKLGDJB-UHFFFAOYSA-N,"5-ethyl-2,4,6,7-tetramethylnonane",,Patents,,IBM,Research and Development,,212.41,0.0,148,6.9,15,0,0,7,212.250397,212.250397,0,1,0,4,0,4,0,0,0,0,1,1,1,20170124
123349439,"3,4,5,7,8-Pentamethyldecane",,C15H32,"InChI=1S/C15H32/c1-8-11(3)13(5)10-14(6)15(7)12(4)9-2/h11-15H,8-10H2,1-7H3",CCC(C)C(C)CC(C)C(C)C(C)CC,PTVRSKRHIAGBOV-UHFFFAOYSA-N,"3,4,5,7,8-pentamethyldecane",,Patents,,IBM,Research and Development,,212.41,0.0,150,6.9,15,0,0,7,212.250397,212.250397,0,1,0,5,0,5,0,0,0,0,3,3,1,20170124
123352568,"2,7-Dimethyl-4-propyldecane",,C15H32,"InChI=1S/C15H32/c1-6-8-14(5)10-11-15(9-7-2)12-13(3)4/h13-15H,6-12H2,1-5H3",CCCC(C)CCC(CCC)CC(C)C,NGVWEIZPYILUTC-UHFFFAOYSA-N,"2,7-dimethyl-4-propyldecane",,Patents,,IBM,Research and Development,,212.41,0.0,126,7.5,15,0,0,9,212.250397,212.250397,0,1,0,2,0,2,0,0,0,0,1,1,1,20170124
123353641,"7-Ethyl-3,7-dimethylundecane",,C15H32,"InChI=1S/C15H32/c1-6-9-12-15(5,8-3)13-10-11-14(4)7-2/h14H,6-13H2,1-5H3",CCCCC(C)(CC)CCCC(C)CC,XUHBHSAUMSXBBC-UHFFFAOYSA-N,"7-ethyl-3,7-dimethylundecane",,Patents,,IBM,Research and Development,,212.41,0.0,139,7.6,15,0,0,9,212.250397,212.250397,0,1,0,2,0,2,0,0,0,0,1,1,1,20170124
123353730,"2,3,4,6,7,8-Hexamethylnonane",,C15H32,"InChI=1S/C15H32/c1-10(2)14(7)12(5)9-13(6)15(8)11(3)4/h10-15H,9H2,1-8H3",CC(C)C(C)C(C)CC(C)C(C)C(C)C,VMFWDXWDFNGAGR-UHFFFAOYSA-N,"2,3,4,6,7,8-hexamethylnonane",,Patents,,IBM,Research and Development,,212.41,0.0,139,6.6,15,0,0,6,212.250397,212.250397,0,1,0,4,0,4,0,0,0,0,3,3,1,20170124
123354356,"4,4-Diethyl-2,2,3,6-tetramethylheptane",,C15H32,"InChI=1S/C15H32/c1-9-15(10-2,11-12(3)4)13(5)14(6,7)8/h12-13H,9-11H2,1-8H3",CCC(CC)(CC(C)C)C(C)C(C)(C)C,HWVWVHRWBGSFSC-UHFFFAOYSA-N,"4,4-diethyl-2,2,3,6-tetramethylheptane",,Patents,,IBM,Research and Development,,212.41,0.0,167,6.9,15,0,0,6,212.250397,212.250397,0,1,0,1,0,1,0,0,0,0,1,1,1,20170124
123360574,"4,5,5-Trimethyldodecane",,C15H32,"InChI=1S/C15H32/c1-6-8-9-10-11-13-15(4,5)14(3)12-7-2/h14H,6-13H2,1-5H3",CCCCCCCC(C)(C)C(C)CCC,WXQFLUKJDSNKLM-UHFFFAOYSA-N,"4,5,5-trimethyldodecane",,Patents,,Google Patents|IBM|PATENTSCOPE (WIPO),Governmental Organizations|Research and Development,,212.41,0.0,135,7.6,15,0,0,9,212.250397,212.250397,0,1,0,1,0,1,0,0,0,0,1,1,1,20170124
123360893,"5-Ethyl-2,4,4-trimethyldecane",,C15H32,"InChI=1S/C15H32/c1-7-9-10-11-14(8-2)15(5,6)12-13(3)4/h13-14H,7-12H2,1-6H3",CCCCCC(CC)C(C)(C)CC(C)C,FPADIXACGQCHLM-UHFFFAOYSA-N,"5-ethyl-2,4,4-trimethyldecane",,Patents,,IBM,Research and Development,,212.41,0.0,144,7.3,15,0,0,8,212.250397,212.250397,0,1,0,1,0,1,0,0,0,0,1,1,1,20170124
123360988,"4-Ethyl-2,2,6,8-tetramethylnonane",,C15H32,"InChI=1S/C15H32/c1-8-14(11-15(5,6)7)10-13(4)9-12(2)3/h12-14H,8-11H2,1-7H3",CCC(CC(C)CC(C)C)CC(C)(C)C,GBSJAKHGPISEEJ-UHFFFAOYSA-N,"4-ethyl-2,2,6,8-tetramethylnonane",,Patents,,IBM,Research and Development,,212.41,0.0,150,7.0,15,0,0,7,212.250397,212.250397,0,1,0,2,0,2,0,0,0,0,1,1,1,20170124
123361251,"3,4,4,9-Tetramethylundecane",,C15H32,"InChI=1S/C15H32/c1-7-13(3)11-9-10-12-15(5,6)14(4)8-2/h13-14H,7-12H2,1-6H3",CCC(C)CCCCC(C)(C)C(C)CC,PMEJHJJTKQDZJP-UHFFFAOYSA-N,"3,4,4,9-tetramethylundecane",,Patents,,IBM|PATENTSCOPE (WIPO),Governmental Organizations|Research and Development,,212.41,0.0,146,7.3,15,0,0,8,212.250397,212.250397,0,1,0,2,0,2,0,0,0,0,1,1,1,20170124
123362008,"3,5,7-Trimethyl-4-propan-2-ylnonane",,C15H32,"InChI=1S/C15H32/c1-8-12(5)10-14(7)15(11(3)4)13(6)9-2/h11-15H,8-10H2,1-7H3",CCC(C)CC(C)C(C(C)C)C(C)CC,WILXZMHXMMWMNB-UHFFFAOYSA-N,"3,5,7-trimethyl-4-propan-2-ylnonane",,Patents,,IBM,Research and Development,,212.41,0.0,148,6.9,15,0,0,7,212.250397,212.250397,0,1,0,4,0,4,0,0,0,0,1,1,1,20170124
123364051,"2,3,3,4,5,7-Hexamethylnonane",,C15H32,"InChI=1S/C15H32/c1-9-12(4)10-13(5)14(6)15(7,8)11(2)3/h11-14H,9-10H2,1-8H3",CCC(C)CC(C)C(C)C(C)(C)C(C)C,KHGAEBFZNVQDMP-UHFFFAOYSA-N,"2,3,3,4,5,7-hexamethylnonane",,Patents,,IBM,Research and Development,,212.41,0.0,167,6.7,15,0,0,6,212.250397,212.250397,0,1,0,3,0,3,0,0,0,0,1,1,1,20170124
123366812,"4,6,9-Trimethyldodecane",,C15H32,"InChI=1S/C15H32/c1-6-8-13(3)10-11-15(5)12-14(4)9-7-2/h13-15H,6-12H2,1-5H3",CCCC(C)CCC(C)CC(C)CCC,NHTPBNRMOMKSCL-UHFFFAOYSA-N,"4,6,9-trimethyldodecane",,Patents,,IBM,Research and Development,,212.41,0.0,128,7.5,15,0,0,9,212.250397,212.250397,0,1,0,3,0,3,0,0,0,0,3,3,1,20170124
123367712,3-Ethyl-4-methyl-6-propylnonane,,C15H32,"InChI=1S/C15H32/c1-6-10-14(11-7-2)12-13(5)15(8-3)9-4/h13-15H,6-12H2,1-5H3",CCCC(CCC)CC(C)C(CC)CC,GRFFWYGIHWZPAI-UHFFFAOYSA-N,3-ethyl-4-methyl-6-propylnonane,,Patents,,IBM,Research and Development,,212.41,0.0,118,7.5,15,0,0,9,212.250397,212.250397,0,1,0,1,0,1,0,0,0,0,1,1,1,20170124
123369864,"2,3,3,4,5,6,7-Heptamethyloctane",,C15H32,"InChI=1S/C15H32/c1-10(2)12(5)13(6)14(7)15(8,9)11(3)4/h10-14H,1-9H3",CC(C)C(C)C(C)C(C)C(C)(C)C(C)C,VKFQQOSDVZPCEP-UHFFFAOYSA-N,"2,3,3,4,5,6,7-heptamethyloctane",,Patents,,IBM,Research and Development,,212.41,0.0,176,6.5,15,0,0,5,212.250397,212.250397,0,1,0,3,0,3,0,0,0,0,2,2,1,20170124
123369928,"3-Ethyl-5,7-dimethylundecane",,C15H32,"InChI=1S/C15H32/c1-6-9-10-13(4)11-14(5)12-15(7-2)8-3/h13-15H,6-12H2,1-5H3",CCCCC(C)CC(C)CC(CC)CC,ADLBLLITTPJWIR-UHFFFAOYSA-N,"3-ethyl-5,7-dimethylundecane",,Patents,,IBM,Research and Development,,212.41,0.0,124,7.5,15,0,0,9,212.250397,212.250397,0,1,0,2,0,2,0,0,0,0,2,2,1,20170124
123370999,"2,4-Dimethyl-7-propyldecane",,C15H32,"InChI=1S/C15H32/c1-6-8-15(9-7-2)11-10-14(5)12-13(3)4/h13-15H,6-12H2,1-5H3",CCCC(CCC)CCC(C)CC(C)C,QJIGUPNYJHQDAY-UHFFFAOYSA-N,"2,4-dimethyl-7-propyldecane",,Patents,,IBM,Research and Development,,212.41,0.0,120,7.5,15,0,0,9,212.250397,212.250397,0,1,0,1,0,1,0,0,0,0,1,1,1,20170124
123371408,"3,3,4,6-Tetramethyl-5-propan-2-yloctane",,C15H32,"InChI=1S/C15H32/c1-9-12(5)14(11(3)4)13(6)15(7,8)10-2/h11-14H,9-10H2,1-8H3",CCC(C)C(C(C)C)C(C)C(C)(C)CC,MEUKPHGGDKMNBT-UHFFFAOYSA-N,"3,3,4,6-tetramethyl-5-propan-2-yloctane",,Patents,,IBM,Research and Development,,212.41,0.0,167,6.7,15,0,0,6,212.250397,212.250397,0,1,0,3,0,3,0,0,0,0,1,1,1,20170124
123374204,"6-Ethyl-2,9-dimethylundecane",,C15H32,"InChI=1S/C15H32/c1-6-14(5)11-12-15(7-2)10-8-9-13(3)4/h13-15H,6-12H2,1-5H3",CCC(C)CCC(CC)CCCC(C)C,KVNWGGPKFCDKTK-UHFFFAOYSA-N,"6-ethyl-2,9-dimethylundecane",,Patents,,IBM,Research and Development,,212.41,0.0,126,7.5,15,0,0,9,212.250397,212.250397,0,1,0,2,0,2,0,0,0,0,1,1,1,20170124
123374295,"6-Ethyl-3,8-dimethylundecane",,C15H32,"InChI=1S/C15H32/c1-6-9-14(5)12-15(8-3)11-10-13(4)7-2/h13-15H,6-12H2,1-5H3",CCCC(C)CC(CC)CCC(C)CC,FOLWIXVADBBXRG-UHFFFAOYSA-N,"6-ethyl-3,8-dimethylundecane",,Patents,,IBM,Research and Development,,212.41,0.0,128,7.5,15,0,0,9,212.250397,212.250397,0,1,0,3,0,3,0,0,0,0,3,3,1,20170124
123375221,"3,9,9-Trimethyldodecane",,C15H32,"InChI=1S/C15H32/c1-6-12-15(4,5)13-10-8-9-11-14(3)7-2/h14H,6-13H2,1-5H3",CCCC(C)(C)CCCCCC(C)CC,SFPMKEFVIUCXCE-UHFFFAOYSA-N,"3,9,9-trimethyldodecane",,Patents,,IBM,Research and Development,,212.41,0.0,135,7.6,15,0,0,9,212.250397,212.250397,0,1,0,1,0,1,0,0,0,0,1,1,1,20170124
123376998,"3,4,5,8-Tetramethylundecane",,C15H32,"InChI=1S/C15H32/c1-7-9-12(3)10-11-14(5)15(6)13(4)8-2/h12-15H,7-11H2,1-6H3",CCCC(C)CCC(C)C(C)C(C)CC,AEOQBBBHUYHWKM-UHFFFAOYSA-N,"3,4,5,8-tetramethylundecane",,Patents,,IBM,Research and Development,,212.41,0.0,139,7.2,15,0,0,8,212.250397,212.250397,0,1,0,4,0,4,0,0,0,0,1,1,1,20170124
123378175,"2,4,8-Trimethyldodecane",,C15H32,"InChI=1S/C15H32/c1-6-7-9-14(4)10-8-11-15(5)12-13(2)3/h13-15H,6-12H2,1-5H3",CCCCC(C)CCCC(C)CC(C)C,IHGYZXJXBZFDKX-UHFFFAOYSA-N,"2,4,8-trimethyldodecane",,Patents,,IBM,Research and Development,,212.41,0.0,126,7.5,15,0,0,9,212.250397,212.250397,0,1,0,2,0,2,0,0,0,0,1,1,1,20170124
123380698,"3,3,4,5,7-Pentamethyldecane",,C15H32,"InChI=1S/C15H32/c1-8-10-12(3)11-13(4)14(5)15(6,7)9-2/h12-14H,8-11H2,1-7H3",CCCC(C)CC(C)C(C)C(C)(C)CC,XBQMDBUKJKEMEQ-UHFFFAOYSA-N,"3,3,4,5,7-pentamethyldecane",,Patents,,IBM,Research and Development,,212.41,0.0,157,7.0,15,0,0,7,212.250397,212.250397,0,1,0,3,0,3,0,0,0,0,1,1,1,20170124
123381010,"2,6,7-Trimethyl-6-propylnonane",,C15H32,"InChI=1S/C15H32/c1-7-11-15(6,14(5)8-2)12-9-10-13(3)4/h13-14H,7-12H2,1-6H3",CCCC(C)(CCCC(C)C)C(C)CC,HTJDZFHMUMPEMX-UHFFFAOYSA-N,"2,6,7-trimethyl-6-propylnonane",,Patents,,IBM,Research and Development,,212.41,0.0,148,7.3,15,0,0,8,212.250397,212.250397,0,1,0,2,0,2,0,0,0,0,1,1,1,20170124
123381206,"2,3,7,8-Tetramethylundecane",,C15H32,"InChI=1S/C15H32/c1-7-9-14(5)15(6)11-8-10-13(4)12(2)3/h12-15H,7-11H2,1-6H3",CCCC(C)C(C)CCCC(C)C(C)C,RLVNZKLELLRDBY-UHFFFAOYSA-N,"2,3,7,8-tetramethylundecane",,Patents,,IBM,Research and Development,,212.41,0.0,137,7.2,15,0,0,8,212.250397,212.250397,0,1,0,3,0,3,0,0,0,0,1,1,1,20170124
123385450,"2,2,8,9-Tetramethylundecane",,C15H32,"InChI=1S/C15H32/c1-7-13(2)14(3)11-9-8-10-12-15(4,5)6/h13-14H,7-12H2,1-6H3",CCC(C)C(C)CCCCCC(C)(C)C,RBXSOBAXKUCNHW-UHFFFAOYSA-N,"2,2,8,9-tetramethylundecane",,Patents,,IBM,Research and Development,,212.41,0.0,141,7.3,15,0,0,8,212.250397,212.250397,0,1,0,2,0,2,0,0,0,0,1,1,1,20170124
123385892,"7-Ethyl-2,6,7-trimethyldecane",,C15H32,"InChI=1S/C15H32/c1-7-12-15(6,8-2)14(5)11-9-10-13(3)4/h13-14H,7-12H2,1-6H3",CCCC(C)(CC)C(C)CCCC(C)C,CVCBYKRIRWBXQY-UHFFFAOYSA-N,"7-ethyl-2,6,7-trimethyldecane",,Patents,,IBM,Research and Development,,212.41,0.0,148,7.3,15,0,0,8,212.250397,212.250397,0,1,0,2,0,2,0,0,0,0,1,1,1,20170124
123388071,"2,3,6,8,8-Pentamethyldecane",,C15H32,"InChI=1S/C15H32/c1-8-15(6,7)11-13(4)9-10-14(5)12(2)3/h12-14H,8-11H2,1-7H3",CCC(C)(C)CC(C)CCC(C)C(C)C,XOUBNJJMYYOAMF-UHFFFAOYSA-N,"2,3,6,8,8-pentamethyldecane",,Patents,,IBM,Research and Development,,212.41,0.0,155,7.0,15,0,0,7,212.250397,212.250397,0,1,0,2,0,2,0,0,0,0,1,1,1,20170124
123388311,"2,3,4,10-Tetramethylundecane",SCHEMBL27338095,C15H32,"InChI=1S/C15H32/c1-12(2)10-8-7-9-11-14(5)15(6)13(3)4/h12-15H,7-11H2,1-6H3",CC(C)CCCCCC(C)C(C)C(C)C,VSGFJTDAIVNFTH-UHFFFAOYSA-N,"2,3,4,10-tetramethylundecane",,Patents,,IBM|SureChEMBL,Curation Efforts|Research and Development,,212.41,0.0,135,7.2,15,0,0,8,212.250397,212.250397,0,1,0,2,0,2,0,0,0,0,2,2,1,20170124
123388392,4-Ethyl-9-methyldodecane,,C15H32,"InChI=1S/C15H32/c1-5-10-14(4)12-8-9-13-15(7-3)11-6-2/h14-15H,5-13H2,1-4H3",CCCC(C)CCCCC(CC)CCC,ZFUQGOJNHNEAJS-UHFFFAOYSA-N,4-ethyl-9-methyldodecane,,Patents,,IBM,Research and Development,,212.41,0.0,117,7.8,15,0,0,10,212.250397,212.250397,0,1,0,2,0,2,0,0,0,0,1,1,1,20170124
123388643,"5-Ethyl-2,3,5,6,6-pentamethyloctane",,C15H32,"InChI=1S/C15H32/c1-9-14(6,7)15(8,10-2)11-13(5)12(3)4/h12-13H,9-11H2,1-8H3",CCC(C)(C)C(C)(CC)CC(C)C(C)C,LMDNNMKFTDDHQE-UHFFFAOYSA-N,"5-ethyl-2,3,5,6,6-pentamethyloctane",,Patents,,IBM,Research and Development,,212.41,0.0,178,6.9,15,0,0,6,212.250397,212.250397,0,1,0,2,0,2,0,0,0,0,1,1,1,20170124
123390447,"3,3,4,4,5,5,6-Heptamethyloctane",,C15H32,"InChI=1S/C15H32/c1-10-12(3)14(6,7)15(8,9)13(4,5)11-2/h12H,10-11H2,1-9H3",CCC(C)C(C)(C)C(C)(C)C(C)(C)CC,SBNGAKBKOXYZNV-UHFFFAOYSA-N,"3,3,4,4,5,5,6-heptamethyloctane",,Patents,,IBM,Research and Development,,212.41,0.0,196,6.7,15,0,0,5,212.250397,212.250397,0,1,0,1,0,1,0,0,0,0,1,1,1,20170124
123391430,"4,5,7-Trimethyldodecane",,C15H32,"InChI=1S/C15H32/c1-6-8-9-11-13(3)12-15(5)14(4)10-7-2/h13-15H,6-12H2,1-5H3",CCCCCC(C)CC(C)C(C)CCC,MDRPJDXXPOVUFM-UHFFFAOYSA-N,"4,5,7-trimethyldodecane",,Patents,,IBM,Research and Development,,212.41,0.0,128,7.5,15,0,0,9,212.250397,212.250397,0,1,0,3,0,3,0,0,0,0,3,3,1,20170124
123391916,"3-Ethyl-2,4,6,7-tetramethylnonane",,C15H32,"InChI=1S/C15H32/c1-8-12(5)13(6)10-14(7)15(9-2)11(3)4/h11-15H,8-10H2,1-7H3",CCC(C)C(C)CC(C)C(CC)C(C)C,JWUJCMQZIPXGIJ-UHFFFAOYSA-N,"3-ethyl-2,4,6,7-tetramethylnonane",,Patents,,IBM,Research and Development,,212.41,0.0,148,6.9,15,0,0,7,212.250397,212.250397,0,1,0,4,0,4,0,0,0,0,1,1,1,20170124
123392221,"3,4,7,9-Tetramethylundecane",,C15H32,"InChI=1S/C15H32/c1-7-12(3)11-13(4)9-10-15(6)14(5)8-2/h12-15H,7-11H2,1-6H3",CCC(C)CC(C)CCC(C)C(C)CC,LKZVCCOUOGFKTO-UHFFFAOYSA-N,"3,4,7,9-tetramethylundecane",,Patents,,IBM|PATENTSCOPE (WIPO),Governmental Organizations|Research and Development,,212.41,0.0,139,7.2,15,0,0,8,212.250397,212.250397,0,1,0,4,0,4,0,0,0,0,3,3,1,20170124
123397147,3-Methyl-4-propan-2-ylundecane,,C15H32,"InChI=1S/C15H32/c1-6-8-9-10-11-12-15(13(3)4)14(5)7-2/h13-15H,6-12H2,1-5H3",CCCCCCCC(C(C)C)C(C)CC,WGFICZIQIWEJRQ-UHFFFAOYSA-N,3-methyl-4-propan-2-ylundecane,,Patents,,IBM,Research and Development,,212.41,0.0,126,7.5,15,0,0,9,212.250397,212.250397,0,1,0,2,0,2,0,0,0,0,1,1,1,20170124
123400314,"7-Ethyl-4,5-dimethylundecane",,C15H32,"InChI=1S/C15H32/c1-6-9-11-15(8-3)12-14(5)13(4)10-7-2/h13-15H,6-12H2,1-5H3",CCCCC(CC)CC(C)C(C)CCC,YTUUXRMWNPFQCG-UHFFFAOYSA-N,"7-ethyl-4,5-dimethylundecane",,Patents,,IBM,Research and Development,,212.41,0.0,128,7.5,15,0,0,9,212.250397,212.250397,0,1,0,3,0,3,0,0,0,0,1,1,1,20170124
123403047,"3,5,6,7-Tetramethylundecane",,C15H32,"InChI=1S/C15H32/c1-7-9-10-13(4)15(6)14(5)11-12(3)8-2/h12-15H,7-11H2,1-6H3",CCCCC(C)C(C)C(C)CC(C)CC,XVRKJHNVMHFUGC-UHFFFAOYSA-N,"3,5,6,7-tetramethylundecane",,Patents,,IBM,Research and Development,,212.41,0.0,139,7.2,15,0,0,8,212.250397,212.250397,0,1,0,4,0,4,0,0,0,0,2,2,1,20170124
123403358,"3-Ethyl-5,6,6-trimethyldecane",,C15H32,"InChI=1S/C15H32/c1-7-10-11-15(5,6)13(4)12-14(8-2)9-3/h13-14H,7-12H2,1-6H3",CCCCC(C)(C)C(C)CC(CC)CC,LKBCSBOJDKTCRC-UHFFFAOYSA-N,"3-ethyl-5,6,6-trimethyldecane",,Patents,,IBM,Research and Development,,212.41,0.0,142,7.3,15,0,0,8,212.250397,212.250397,0,1,0,1,0,1,0,0,0,0,1,1,1,20170124
123403703,"2,3,6,6-Tetramethyl-4-propyloctane",,C15H32,"InChI=1S/C15H32/c1-8-10-14(13(5)12(3)4)11-15(6,7)9-2/h12-14H,8-11H2,1-7H3",CCCC(CC(C)(C)CC)C(C)C(C)C,VJXWTRKDUCDRQB-UHFFFAOYSA-N,"2,3,6,6-tetramethyl-4-propyloctane",,Patents,,IBM,Research and Development,,212.41,0.0,155,7.0,15,0,0,7,212.250397,212.250397,0,1,0,2,0,2,0,0,0,0,1,1,1,20170124
123404714,"5-Ethyl-2,7,8-trimethyldecane",,C15H32,"InChI=1S/C15H32/c1-7-13(5)14(6)11-15(8-2)10-9-12(3)4/h12-15H,7-11H2,1-6H3",CCC(C)C(C)CC(CC)CCC(C)C,ZINVAJIIZDELOU-UHFFFAOYSA-N,"5-ethyl-2,7,8-trimethyldecane",,Patents,,IBM,Research and Development,,212.41,0.0,137,7.2,15,0,0,8,212.250397,212.250397,0,1,0,3,0,3,0,0,0,0,1,1,1,20170124
123405612,"3,4,4-Trimethyldodecane",SCHEMBL28161532,C15H32,"InChI=1S/C15H32/c1-6-8-9-10-11-12-13-15(4,5)14(3)7-2/h14H,6-13H2,1-5H3",CCCCCCCCC(C)(C)C(C)CC,OYIJKOLQSDBQEG-UHFFFAOYSA-N,"3,4,4-trimethyldodecane",,Patents,,IBM|SureChEMBL,Curation Efforts|Research and Development,,212.41,0.0,135,7.6,15,0,0,9,212.250397,212.250397,0,1,0,1,0,1,0,0,0,0,7,5,1,20170124
123406738,"3,4,7-Trimethyldodecane",SCHEMBL18485190,C15H32,"InChI=1S/C15H32/c1-6-8-9-10-13(3)11-12-15(5)14(4)7-2/h13-15H,6-12H2,1-5H3",CCCCCC(C)CCC(C)C(C)CC,UOBHCQOJEIGJBM-UHFFFAOYSA-N,"3,4,7-trimethyldodecane",,Patents,,Google Patents|IBM|SureChEMBL,Curation Efforts|Research and Development,,212.41,0.0,128,7.5,15,0,0,9,212.250397,212.250397,0,1,0,3,0,3,0,0,0,0,5,4,1,20170124
123406856,"4,5-Diethyl-3,4,6-trimethyloctane",,C15H32,"InChI=1S/C15H32/c1-8-12(5)14(10-3)15(7,11-4)13(6)9-2/h12-14H,8-11H2,1-7H3",CCC(C)C(CC)C(C)(CC)C(C)CC,CQUABGFRLNXCGP-UHFFFAOYSA-N,"4,5-diethyl-3,4,6-trimethyloctane",,Patents,,IBM,Research and Development,,212.41,0.0,161,7.0,15,0,0,7,212.250397,212.250397,0,1,0,4,0,4,0,0,0,0,1,1,1,20170124
123410521,4-Methyl-4-propan-2-ylundecane,,C15H32,"InChI=1S/C15H32/c1-6-8-9-10-11-13-15(5,12-7-2)14(3)4/h14H,6-13H2,1-5H3",CCCCCCCC(C)(CCC)C(C)C,AFSWHYZLPWSPPV-UHFFFAOYSA-N,4-methyl-4-propan-2-ylundecane,,Patents,,IBM,Research and Development,,212.41,0.0,137,7.6,15,0,0,9,212.250397,212.250397,0,1,0,1,0,1,0,0,0,0,1,1,1,20170124
123410840,"4,5-Diethyl-7-methyldecane",,C15H32,"InChI=1S/C15H32/c1-6-10-13(5)12-15(9-4)14(8-3)11-7-2/h13-15H,6-12H2,1-5H3",CCCC(C)CC(CC)C(CC)CCC,OGGBHKMLLLLVDY-UHFFFAOYSA-N,"4,5-diethyl-7-methyldecane",,Patents,,IBM,Research and Development,,212.41,0.0,128,7.5,15,0,0,9,212.250397,212.250397,0,1,0,3,0,3,0,0,0,0,1,1,1,20170124
123411167,"3,3-Diethyl-2,2,4,5,5-pentamethylhexane",,C15H32,"InChI=1S/C15H32/c1-10-15(11-2,14(7,8)9)12(3)13(4,5)6/h12H,10-11H2,1-9H3",CCC(CC)(C(C)C(C)(C)C)C(C)(C)C,IAHJTCKVXODYLX-UHFFFAOYSA-N,"3,3-diethyl-2,2,4,5,5-pentamethylhexane",,Patents,,Google Patents|IBM|PATENTSCOPE (WIPO),Governmental Organizations|Research and Development,,212.41,0.0,183,6.7,15,0,0,5,212.250397,212.250397,0,1,0,1,0,1,0,0,0,0,1,1,1,20170124
123412296,"3,4-Diethyl-3-methyldecane",,C15H32,"InChI=1S/C15H32/c1-6-10-11-12-13-14(7-2)15(5,8-3)9-4/h14H,6-13H2,1-5H3",CCCCCCC(CC)C(C)(CC)CC,PUDNHMWXLRMSNH-UHFFFAOYSA-N,"3,4-diethyl-3-methyldecane",,Patents,,IBM,Research and Development,,212.41,0.0,133,7.6,15,0,0,9,212.250397,212.250397,0,1,0,1,0,1,0,0,0,0,1,1,1,20170124
123412470,"6-Ethyl-2,5-dimethyl-4-propan-2-yloctane",,C15H32,"InChI=1S/C15H32/c1-8-14(9-2)13(7)15(12(5)6)10-11(3)4/h11-15H,8-10H2,1-7H3",CCC(CC)C(C)C(CC(C)C)C(C)C,LBDXVYCAAFUVQB-UHFFFAOYSA-N,"6-ethyl-2,5-dimethyl-4-propan-2-yloctane",,Patents,,IBM,Research and Development,,212.41,0.0,142,6.9,15,0,0,7,212.250397,212.250397,0,1,0,2,0,2,0,0,0,0,1,1,1,20170124
123413224,"3,3,6-Trimethyldodecane",,C15H32,"InChI=1S/C15H32/c1-6-8-9-10-11-14(3)12-13-15(4,5)7-2/h14H,6-13H2,1-5H3",CCCCCCC(C)CCC(C)(C)CC,QPIMVESWVQGTPN-UHFFFAOYSA-N,"3,3,6-trimethyldodecane",,Patents,,IBM,Research and Development,,212.41,0.0,135,7.6,15,0,0,9,212.250397,212.250397,0,1,0,1,0,1,0,0,0,0,1,1,1,20170124
123414619,"5-Ethyl-2,2,5,6-tetramethylnonane",,C15H32,"InChI=1S/C15H32/c1-8-10-13(3)15(7,9-2)12-11-14(4,5)6/h13H,8-12H2,1-7H3",CCCC(C)C(C)(CC)CCC(C)(C)C,COLBEANFPINREL-UHFFFAOYSA-N,"5-ethyl-2,2,5,6-tetramethylnonane",,Patents,,IBM,Research and Development,,212.41,0.0,163,7.2,15,0,0,7,212.250397,212.250397,0,1,0,2,0,2,0,0,0,0,1,1,1,20170124
123417409,"2,5,7,9-Tetramethylundecane",,C15H32,"InChI=1S/C15H32/c1-7-13(4)10-15(6)11-14(5)9-8-12(2)3/h12-15H,7-11H2,1-6H3",CCC(C)CC(C)CC(C)CCC(C)C,IFMNPCVTVHMDMR-UHFFFAOYSA-N,"2,5,7,9-tetramethylundecane",,Patents,,IBM,Research and Development,,212.41,0.0,137,7.2,15,0,0,8,212.250397,212.250397,0,1,0,3,0,3,0,0,0,0,2,2,1,20170124
123418594,"7-Ethyl-2,6,8-trimethyldecane",,C15H32,"InChI=1S/C15H32/c1-7-13(5)15(8-2)14(6)11-9-10-12(3)4/h12-15H,7-11H2,1-6H3",CCC(C)C(CC)C(C)CCCC(C)C,GZVHNGHYRGTYBJ-UHFFFAOYSA-N,"7-ethyl-2,6,8-trimethyldecane",,Patents,,IBM,Research and Development,,212.41,0.0,137,7.2,15,0,0,8,212.250397,212.250397,0,1,0,3,0,3,0,0,0,0,1,1,1,20170124
123420274,6-Butyl-3-methyldecane,,C15H32,"InChI=1S/C15H32/c1-5-8-10-15(11-9-6-2)13-12-14(4)7-3/h14-15H,5-13H2,1-4H3",CCCCC(CCCC)CCC(C)CC,YGDJZPVSQITLOQ-UHFFFAOYSA-N,6-butyl-3-methyldecane,,Patents,,IBM,Research and Development,,212.41,0.0,109,7.8,15,0,0,10,212.250397,212.250397,0,1,0,1,0,1,0,0,0,0,2,2,1,20170124
123422256,"4-Ethyl-3,5,7-trimethyldecane",,C15H32,"InChI=1S/C15H32/c1-7-10-12(4)11-14(6)15(9-3)13(5)8-2/h12-15H,7-11H2,1-6H3",CCCC(C)CC(C)C(CC)C(C)CC,YDMPNKLCEXIYLK-UHFFFAOYSA-N,"4-ethyl-3,5,7-trimethyldecane",,Patents,,IBM,Research and Development,,212.41,0.0,139,7.2,15,0,0,8,212.250397,212.250397,0,1,0,4,0,4,0,0,0,0,1,1,1,20170124
123427302,"3-Ethyl-4,6,8-trimethyldecane",,C15H32,"InChI=1S/C15H32/c1-7-12(4)10-13(5)11-14(6)15(8-2)9-3/h12-15H,7-11H2,1-6H3",CCC(C)CC(C)CC(C)C(CC)CC,HAXXBCYIRXNDFG-UHFFFAOYSA-N,"3-ethyl-4,6,8-trimethyldecane",,Patents,,IBM,Research and Development,,212.41,0.0,135,7.2,15,0,0,8,212.250397,212.250397,0,1,0,3,0,3,0,0,0,0,1,1,1,20170124
123427559,"2,2,6,6-Tetramethyl-3-propan-2-yloctane",,C15H32,"InChI=1S/C15H32/c1-9-15(7,8)11-10-13(12(2)3)14(4,5)6/h12-13H,9-11H2,1-8H3",CCC(C)(C)CCC(C(C)C)C(C)(C)C,ULCSLPBMXLBZTF-UHFFFAOYSA-N,"2,2,6,6-tetramethyl-3-propan-2-yloctane",,Patents,,IBM,Research and Development,,212.41,0.0,169,6.9,15,0,0,6,212.250397,212.250397,0,1,0,1,0,1,0,0,0,0,1,1,1,20170124
123431078,"2,2,3,5-Tetramethyl-5-propan-2-yloctane",,C15H32,"InChI=1S/C15H32/c1-9-10-15(8,12(2)3)11-13(4)14(5,6)7/h12-13H,9-11H2,1-8H3",CCCC(C)(CC(C)C(C)(C)C)C(C)C,RXKFRBKNZBDADU-UHFFFAOYSA-N,"2,2,3,5-tetramethyl-5-propan-2-yloctane",,Patents,,IBM,Research and Development,,212.41,0.0,173,6.9,15,0,0,6,212.250397,212.250397,0,1,0,2,0,2,0,0,0,0,1,1,1,20170124
123433466,"3,7,9-Trimethyldodecane",SCHEMBL8679792,C15H32,"InChI=1S/C15H32/c1-6-9-14(4)12-15(5)11-8-10-13(3)7-2/h13-15H,6-12H2,1-5H3",CCCC(C)CC(C)CCCC(C)CC,MJDUICGULOGZPS-UHFFFAOYSA-N,"3,7,9-trimethyldodecane",,Patents,,Google Patents|IBM|SureChEMBL,Curation Efforts|Research and Development,,212.41,0.0,128,7.5,15,0,0,9,212.250397,212.250397,0,1,0,3,0,3,0,0,0,0,4,3,1,20170124
123435166,4-Ethyl-4-propan-2-yldecane,,C15H32,"InChI=1S/C15H32/c1-6-9-10-11-13-15(8-3,12-7-2)14(4)5/h14H,6-13H2,1-5H3",CCCCCCC(CC)(CCC)C(C)C,WYWWTXWRZGWIGQ-UHFFFAOYSA-N,4-ethyl-4-propan-2-yldecane,,Patents,,IBM,Research and Development,,212.41,0.0,137,7.6,15,0,0,9,212.250397,212.250397,0,1,0,1,0,1,0,0,0,0,1,1,1,20170124
123436397,"3,3,5,6-Tetramethylundecane",,C15H32,"InChI=1S/C15H32/c1-7-9-10-11-13(3)14(4)12-15(5,6)8-2/h13-14H,7-12H2,1-6H3",CCCCCC(C)C(C)CC(C)(C)CC,MXFCMXMDAZFNKX-UHFFFAOYSA-N,"3,3,5,6-tetramethylundecane",,Patents,,IBM|PATENTSCOPE (WIPO),Governmental Organizations|Research and Development,,212.41,0.0,146,7.3,15,0,0,8,212.250397,212.250397,0,1,0,2,0,2,0,0,0,0,2,2,1,20170124
123438910,"2,5,10-Trimethyldodecane",,C15H32,"InChI=1S/C15H32/c1-6-14(4)9-7-8-10-15(5)12-11-13(2)3/h13-15H,6-12H2,1-5H3",CCC(C)CCCCC(C)CCC(C)C,PCNUHLPBEKNKIR-UHFFFAOYSA-N,"2,5,10-trimethyldodecane",,Patents,,Google Patents|IBM,Research and Development,,212.41,0.0,126,7.5,15,0,0,9,212.250397,212.250397,0,1,0,2,0,2,0,0,0,0,3,2,1,20170124
123438924,"8-Ethyl-2,3-dimethylundecane",,C15H32,"InChI=1S/C15H32/c1-6-10-15(7-2)12-9-8-11-14(5)13(3)4/h13-15H,6-12H2,1-5H3",CCCC(CC)CCCCC(C)C(C)C,MCETUSPTQOEFDL-UHFFFAOYSA-N,"8-ethyl-2,3-dimethylundecane",,Patents,,IBM,Research and Development,,212.41,0.0,126,7.5,15,0,0,9,212.250397,212.250397,0,1,0,2,0,2,0,0,0,0,3,3,1,20170124
123440096,"4-Ethyl-2,7-dimethyl-3-propan-2-yloctane",,C15H32,"InChI=1S/C15H32/c1-8-14(10-9-11(2)3)15(12(4)5)13(6)7/h11-15H,8-10H2,1-7H3",CCC(CCC(C)C)C(C(C)C)C(C)C,CTCOSLDAISXKCI-UHFFFAOYSA-N,"4-ethyl-2,7-dimethyl-3-propan-2-yloctane",,Patents,,IBM,Research and Development,,212.41,0.0,136,6.9,15,0,0,7,212.250397,212.250397,0,1,0,1,0,1,0,0,0,0,1,1,1,20170124
123441320,"7-Ethyl-2,3,8-trimethyldecane",,C15H32,"InChI=1S/C15H32/c1-7-13(5)15(8-2)11-9-10-14(6)12(3)4/h12-15H,7-11H2,1-6H3",CCC(C)C(CC)CCCC(C)C(C)C,MOSKIWDHKKWTMW-UHFFFAOYSA-N,"7-ethyl-2,3,8-trimethyldecane",,Patents,,IBM,Research and Development,,212.41,0.0,137,7.2,15,0,0,8,212.250397,212.250397,0,1,0,3,0,3,0,0,0,0,1,1,1,20170124
123443644,"3,4-Diethyl-2-methyldecane",,C15H32,"InChI=1S/C15H32/c1-6-9-10-11-12-14(7-2)15(8-3)13(4)5/h13-15H,6-12H2,1-5H3",CCCCCCC(CC)C(CC)C(C)C,XFIPOLDMCFBITH-UHFFFAOYSA-N,"3,4-diethyl-2-methyldecane",,Patents,,IBM,Research and Development,,212.41,0.0,126,7.5,15,0,0,9,212.250397,212.250397,0,1,0,2,0,2,0,0,0,0,2,2,1,20170124
123445063,"3-Ethyl-3,4-dimethyl-4-propyloctane",,C15H32,"InChI=1S/C15H32/c1-7-11-13-15(6,12-8-2)14(5,9-3)10-4/h7-13H2,1-6H3",CCCCC(C)(CCC)C(C)(CC)CC,TWKJNPLDWMTLNC-UHFFFAOYSA-N,"3-ethyl-3,4-dimethyl-4-propyloctane",,Patents,,IBM,Research and Development,,212.41,0.0,155,7.5,15,0,0,8,212.250397,212.250397,0,1,0,1,0,1,0,0,0,0,1,1,1,20170124
123445442,"2,2,4,4,7-Pentamethyldecane",,C15H32,"InChI=1S/C15H32/c1-8-9-13(2)10-11-15(6,7)12-14(3,4)5/h13H,8-12H2,1-7H3",CCCC(C)CCC(C)(C)CC(C)(C)C,YZQNRBFXAOEAKZ-UHFFFAOYSA-N,"2,2,4,4,7-pentamethyldecane",,Patents,,IBM,Research and Development,,212.41,0.0,159,7.2,15,0,0,7,212.250397,212.250397,0,1,0,1,0,1,0,0,0,0,1,1,1,20170124
123447303,"7-Ethyl-4,7-dimethylundecane",,C15H32,"InChI=1S/C15H32/c1-6-9-12-15(5,8-3)13-11-14(4)10-7-2/h14H,6-13H2,1-5H3",CCCCC(C)(CC)CCC(C)CCC,OIOGELMDQOQNFW-UHFFFAOYSA-N,"7-ethyl-4,7-dimethylundecane",,Patents,,IBM,Research and Development,,212.41,0.0,139,7.6,15,0,0,9,212.250397,212.250397,0,1,0,2,0,2,0,0,0,0,1,1,1,20170124
123449834,3-Methyl-7-propylundecane,,C15H32,"InChI=1S/C15H32/c1-5-8-12-15(10-6-2)13-9-11-14(4)7-3/h14-15H,5-13H2,1-4H3",CCCCC(CCC)CCCC(C)CC,UDONTYIMDODGBD-UHFFFAOYSA-N,3-methyl-7-propylundecane,,Patents,,IBM|PATENTSCOPE (WIPO),Governmental Organizations|Research and Development,,212.41,0.0,117,7.8,15,0,0,10,212.250397,212.250397,0,1,0,2,0,2,0,0,0,0,2,2,1,20170124
123451156,"6-Ethyl-2,2,3,3,5-pentamethyloctane",,C15H32,"InChI=1S/C15H32/c1-9-13(10-2)12(3)11-15(7,8)14(4,5)6/h12-13H,9-11H2,1-8H3",CCC(CC)C(C)CC(C)(C)C(C)(C)C,WHIWZNQXTUIAED-UHFFFAOYSA-N,"6-ethyl-2,2,3,3,5-pentamethyloctane",,Patents,,IBM,Research and Development,,212.41,0.0,167,6.9,15,0,0,6,212.250397,212.250397,0,1,0,1,0,1,0,0,0,0,1,1,1,20170124
123455333,"2,2,8-Trimethyl-3-propan-2-ylnonane",SCHEMBL5315634,C15H32,"InChI=1S/C15H32/c1-12(2)10-8-9-11-14(13(3)4)15(5,6)7/h12-14H,8-11H2,1-7H3",CC(C)CCCCC(C(C)C)C(C)(C)C,PCGIZWVGQAYYKP-UHFFFAOYSA-N,"2,2,8-trimethyl-3-propan-2-ylnonane",,Patents,,IBM|SureChEMBL,Curation Efforts|Research and Development,,212.41,0.0,148,7.0,15,0,0,7,212.250397,212.250397,0,1,0,1,0,1,0,0,0,0,3,3,1,20170124
123457359,"6,6-Diethyl-3,3-dimethylnonane",,C15H32,"InChI=1S/C15H32/c1-7-11-15(9-3,10-4)13-12-14(5,6)8-2/h7-13H2,1-6H3",CCCC(CC)(CC)CCC(C)(C)CC,ZQIOKHHETJWVMC-UHFFFAOYSA-N,"6,6-diethyl-3,3-dimethylnonane",,Patents,,IBM,Research and Development,,212.41,0.0,151,7.5,15,0,0,8,212.250397,212.250397,0,1,0,0,0,0,0,0,0,0,1,1,1,20170124
123462645,"2,4,7,8,8-Pentamethyldecane",,C15H32,"InChI=1S/C15H32/c1-8-15(6,7)14(5)10-9-13(4)11-12(2)3/h12-14H,8-11H2,1-7H3",CCC(C)(C)C(C)CCC(C)CC(C)C,QERQYXUHXHSPJS-UHFFFAOYSA-N,"2,4,7,8,8-pentamethyldecane",,Patents,,IBM,Research and Development,,212.41,0.0,155,7.0,15,0,0,7,212.250397,212.250397,0,1,0,2,0,2,0,0,0,0,2,2,1,20170124
123464128,"6-Ethyl-3,4,6-trimethyldecane",,C15H32,"InChI=1S/C15H32/c1-7-10-11-15(6,9-3)12-14(5)13(4)8-2/h13-14H,7-12H2,1-6H3",CCCCC(C)(CC)CC(C)C(C)CC,JJYNJBVMIUGTTK-UHFFFAOYSA-N,"6-ethyl-3,4,6-trimethyldecane",,Patents,,IBM,Research and Development,,212.41,0.0,150,7.3,15,0,0,8,212.250397,212.250397,0,1,0,3,0,3,0,0,0,0,1,1,1,20170124
123464949,4-Ethyl-5-(2-methylpropyl)nonane,,C15H32,"InChI=1S/C15H32/c1-6-9-11-15(12-13(4)5)14(8-3)10-7-2/h13-15H,6-12H2,1-5H3",CCCCC(CC(C)C)C(CC)CCC,BQYZDAXNFYKEBP-UHFFFAOYSA-N,4-ethyl-5-(2-methylpropyl)nonane,,Patents,,IBM,Research and Development,,212.41,0.0,126,7.5,15,0,0,9,212.250397,212.250397,0,1,0,2,0,2,0,0,0,0,2,2,1,20170125
123468018,"4-Ethyl-2,5,6,7-tetramethylnonane",,C15H32,"InChI=1S/C15H32/c1-8-12(5)13(6)14(7)15(9-2)10-11(3)4/h11-15H,8-10H2,1-7H3",CCC(C)C(C)C(C)C(CC)CC(C)C,AULXPNRKELWPTH-UHFFFAOYSA-N,"4-ethyl-2,5,6,7-tetramethylnonane",,Patents,,IBM,Research and Development,,212.41,0.0,148,6.9,15,0,0,7,212.250397,212.250397,0,1,0,4,0,4,0,0,0,0,2,2,1,20170125
123468374,"5,7-Diethyl-3,4-dimethylnonane",,C15H32,"InChI=1S/C15H32/c1-7-12(5)13(6)15(10-4)11-14(8-2)9-3/h12-15H,7-11H2,1-6H3",CCC(C)C(C)C(CC)CC(CC)CC,HVBOJYQZEDBFLT-UHFFFAOYSA-N,"5,7-diethyl-3,4-dimethylnonane",,Patents,,IBM,Research and Development,,212.41,0.0,135,7.2,15,0,0,8,212.250397,212.250397,0,1,0,3,0,3,0,0,0,0,1,1,1,20170125
123469612,"3,3-Diethyl-2,4,4,5-tetramethylheptane",,C15H32,"InChI=1S/C15H32/c1-9-13(6)14(7,8)15(10-2,11-3)12(4)5/h12-13H,9-11H2,1-8H3",CCC(C)C(C)(C)C(CC)(CC)C(C)C,MVRUNMVCQMXDAZ-UHFFFAOYSA-N,"3,3-diethyl-2,4,4,5-tetramethylheptane",,Patents,,IBM,Research and Development,,212.41,0.0,172,6.9,15,0,0,6,212.250397,212.250397,0,1,0,1,0,1,0,0,0,0,1,1,1,20170125
123470489,"2,3,5-Trimethyl-6-propan-2-ylnonane",,C15H32,"InChI=1S/C15H32/c1-8-9-15(12(4)5)14(7)10-13(6)11(2)3/h11-15H,8-10H2,1-7H3",CCCC(C(C)C)C(C)CC(C)C(C)C,YSNLSSNCMIXIFV-UHFFFAOYSA-N,"2,3,5-trimethyl-6-propan-2-ylnonane",,Patents,,IBM,Research and Development,,212.41,0.0,146,6.9,15,0,0,7,212.250397,212.250397,0,1,0,3,0,3,0,0,0,0,1,1,1,20170125
123470563,"7-Ethyl-2,4,7-trimethyldecane",,C15H32,"InChI=1S/C15H32/c1-7-10-15(6,8-2)11-9-14(5)12-13(3)4/h13-14H,7-12H2,1-6H3",CCCC(C)(CC)CCC(C)CC(C)C,LTMQIEVVMICSCF-UHFFFAOYSA-N,"7-ethyl-2,4,7-trimethyldecane",,Patents,,IBM,Research and Development,,212.41,0.0,148,7.3,15,0,0,8,212.250397,212.250397,0,1,0,2,0,2,0,0,0,0,1,1,1,20170125
123471997,"2,4,5,5,6,8-Hexamethylnonane",,C15H32,"InChI=1S/C15H32/c1-11(2)9-13(5)15(7,8)14(6)10-12(3)4/h11-14H,9-10H2,1-8H3",CC(C)CC(C)C(C)(C)C(C)CC(C)C,BDRXGUXQZLIVCV-UHFFFAOYSA-N,"2,4,5,5,6,8-hexamethylnonane",,Patents,,IBM,Research and Development,,212.41,0.0,147,6.7,15,0,0,6,212.250397,212.250397,0,1,0,2,0,2,0,0,0,0,1,1,1,20170125
123473766,"4-Ethyl-2,3,5-trimethyl-4-propylheptane",,C15H32,"InChI=1S/C15H32/c1-8-11-15(10-3,13(6)9-2)14(7)12(4)5/h12-14H,8-11H2,1-7H3",CCCC(CC)(C(C)CC)C(C)C(C)C,HVORPIBJOUAQMX-UHFFFAOYSA-N,"4-ethyl-2,3,5-trimethyl-4-propylheptane",,Patents,,IBM,Research and Development,,212.41,0.0,159,7.0,15,0,0,7,212.250397,212.250397,0,1,0,3,0,3,0,0,0,0,2,2,1,20170125
123475469,"3,4-Diethyl-2,2,3,5-tetramethylheptane",,C15H32,"InChI=1S/C15H32/c1-9-12(4)13(10-2)15(8,11-3)14(5,6)7/h12-13H,9-11H2,1-8H3",CCC(C)C(CC)C(C)(CC)C(C)(C)C,OXXFRTHLQFIJQF-UHFFFAOYSA-N,"3,4-diethyl-2,2,3,5-tetramethylheptane",,Patents,,IBM,Research and Development,,212.41,0.0,175,6.9,15,0,0,6,212.250397,212.250397,0,1,0,3,0,3,0,0,0,0,2,2,1,20170125
123476328,"3-Ethyl-2,3,7,8-tetramethylnonane",,C15H32,"InChI=1S/C15H32/c1-8-15(7,13(4)5)11-9-10-14(6)12(2)3/h12-14H,8-11H2,1-7H3",CCC(C)(CCCC(C)C(C)C)C(C)C,AWLDJIOZGMUWBI-UHFFFAOYSA-N,"3-ethyl-2,3,7,8-tetramethylnonane",,Patents,,IBM,Research and Development,,212.41,0.0,157,7.0,15,0,0,7,212.250397,212.250397,0,1,0,2,0,2,0,0,0,0,1,1,1,20170125
123476467,"4-Ethyl-3,4-dimethylundecane",,C15H32,"InChI=1S/C15H32/c1-6-9-10-11-12-13-15(5,8-3)14(4)7-2/h14H,6-13H2,1-5H3",CCCCCCCC(C)(CC)C(C)CC,HFEAVWLJTRWCEG-UHFFFAOYSA-N,"4-ethyl-3,4-dimethylundecane",,Patents,,IBM,Research and Development,,212.41,0.0,139,7.6,15,0,0,9,212.250397,212.250397,0,1,0,2,0,2,0,0,0,0,1,1,1,20170125
123477359,"4,6-Dimethyl-5-propyldecane",,C15H32,"InChI=1S/C15H32/c1-6-9-12-14(5)15(11-8-3)13(4)10-7-2/h13-15H,6-12H2,1-5H3",CCCCC(C)C(CCC)C(C)CCC,DCOFJYWMMMKOGF-UHFFFAOYSA-N,"4,6-dimethyl-5-propyldecane",,Patents,,IBM,Research and Development,,212.41,0.0,128,7.5,15,0,0,9,212.250397,212.250397,0,1,0,3,0,3,0,0,0,0,3,3,1,20170125
123482235,"2,2,4,5,7,8-Hexamethylnonane",,C15H32,"InChI=1S/C15H32/c1-11(2)12(3)9-13(4)14(5)10-15(6,7)8/h11-14H,9-10H2,1-8H3",CC(C)C(C)CC(C)C(C)CC(C)(C)C,VZCGSNZVYXXBPP-UHFFFAOYSA-N,"2,2,4,5,7,8-hexamethylnonane",,Patents,,IBM,Research and Development,,212.41,0.0,161,6.7,15,0,0,6,212.250397,212.250397,0,1,0,3,0,3,0,0,0,0,1,1,1,20170125
123482436,"2,5,6-Trimethyl-5-propylnonane",,C15H32,"InChI=1S/C15H32/c1-7-9-14(5)15(6,11-8-2)12-10-13(3)4/h13-14H,7-12H2,1-6H3",CCCC(C)C(C)(CCC)CCC(C)C,ACJGWSGTFDCIDO-UHFFFAOYSA-N,"2,5,6-trimethyl-5-propylnonane",,Patents,,IBM,Research and Development,,212.41,0.0,148,7.3,15,0,0,8,212.250397,212.250397,0,1,0,2,0,2,0,0,0,0,1,1,1,20170125
123482552,"2,4,11-Trimethyldodecane",,C15H32,"InChI=1S/C15H32/c1-13(2)10-8-6-7-9-11-15(5)12-14(3)4/h13-15H,6-12H2,1-5H3",CC(C)CCCCCCC(C)CC(C)C,LLUHVGVIVPVIHM-UHFFFAOYSA-N,"2,4,11-trimethyldodecane",,Patents,,IBM,Research and Development,,212.41,0.0,124,7.5,15,0,0,9,212.250397,212.250397,0,1,0,1,0,1,0,0,0,0,1,1,1,20170125
123484360,"3,5-Diethyl-2,3,4,5-tetramethylheptane",,C15H32,"InChI=1S/C15H32/c1-9-14(7,10-2)13(6)15(8,11-3)12(4)5/h12-13H,9-11H2,1-8H3",CCC(C)(CC)C(C)C(C)(CC)C(C)C,ZRFUWNGDGLPCNH-UHFFFAOYSA-N,"3,5-diethyl-2,3,4,5-tetramethylheptane",,Patents,,IBM,Research and Development,,212.41,0.0,176,6.9,15,0,0,6,212.250397,212.250397,0,1,0,2,0,2,0,0,0,0,1,1,1,20170125
123484847,"2,2,4,6,7-Pentamethyldecane",,C15H32,"InChI=1S/C15H32/c1-8-9-13(3)14(4)10-12(2)11-15(5,6)7/h12-14H,8-11H2,1-7H3",CCCC(C)C(C)CC(C)CC(C)(C)C,MSSZGGKTTHBCTH-UHFFFAOYSA-N,"2,2,4,6,7-pentamethyldecane",,Patents,,IBM,Research and Development,,212.41,0.0,152,7.0,15,0,0,7,212.250397,212.250397,0,1,0,3,0,3,0,0,0,0,1,1,1,20170125
123484870,"2,8,9,9-Tetramethylundecane",,C15H32,"InChI=1S/C15H32/c1-7-15(5,6)14(4)12-10-8-9-11-13(2)3/h13-14H,7-12H2,1-6H3",CCC(C)(C)C(C)CCCCCC(C)C,HPNDTYWMEYCRCN-UHFFFAOYSA-N,"2,8,9,9-tetramethylundecane",,Patents,,IBM,Research and Development,,212.41,0.0,144,7.3,15,0,0,8,212.250397,212.250397,0,1,0,1,0,1,0,0,0,0,1,1,1,20170125
123486837,"4-Ethyl-2,2,5,6,7-pentamethyloctane",,C15H32,"InChI=1S/C15H32/c1-9-14(10-15(6,7)8)13(5)12(4)11(2)3/h11-14H,9-10H2,1-8H3",CCC(CC(C)(C)C)C(C)C(C)C(C)C,SYEHYMVYKYRHRV-UHFFFAOYSA-N,"4-ethyl-2,2,5,6,7-pentamethyloctane",,Patents,,IBM|PATENTSCOPE (WIPO),Governmental Organizations|Research and Development,,212.41,0.0,161,6.7,15,0,0,6,212.250397,212.250397,0,1,0,3,0,3,0,0,0,0,1,1,1,20170125
123490156,"2,9-Dimethyl-4-propyldecane",SCHEMBL29324567,C15H32,"InChI=1S/C15H32/c1-6-9-15(12-14(4)5)11-8-7-10-13(2)3/h13-15H,6-12H2,1-5H3",CCCC(CCCCC(C)C)CC(C)C,ASEGDTKOCYVMDU-UHFFFAOYSA-N,"2,9-dimethyl-4-propyldecane",,Patents,,IBM|SureChEMBL,Curation Efforts|Research and Development,,212.41,0.0,124,7.5,15,0,0,9,212.250397,212.250397,0,1,0,1,0,1,0,0,0,0,2,2,1,20170125
123490860,"4-Butan-2-yl-2,3,7-trimethyloctane",,C15H32,"InChI=1S/C15H32/c1-8-13(6)15(10-9-11(2)3)14(7)12(4)5/h11-15H,8-10H2,1-7H3",CCC(C)C(CCC(C)C)C(C)C(C)C,KRRROCXOVPDHLX-UHFFFAOYSA-N,"4-butan-2-yl-2,3,7-trimethyloctane",,Patents,,IBM,Research and Development,,212.41,0.0,146,6.9,15,0,0,7,212.250397,212.250397,0,1,0,3,0,3,0,0,0,0,1,1,1,20170125
123491995,"4,4,5,7-Tetramethylundecane",,C15H32,"InChI=1S/C15H32/c1-7-9-10-13(3)12-14(4)15(5,6)11-8-2/h13-14H,7-12H2,1-6H3",CCCCC(C)CC(C)C(C)(C)CCC,NMVWZJOKCKMLKO-UHFFFAOYSA-N,"4,4,5,7-tetramethylundecane",,Patents,,IBM,Research and Development,,212.41,0.0,146,7.3,15,0,0,8,212.250397,212.250397,0,1,0,2,0,2,0,0,0,0,1,1,1,20170125
123493396,"8-Ethyl-3,3-dimethylundecane",SCHEMBL1580560,C15H32,"InChI=1S/C15H32/c1-6-11-14(7-2)12-9-10-13-15(4,5)8-3/h14H,6-13H2,1-5H3",CCCC(CC)CCCCC(C)(C)CC,NNXOEVVPFZNKFN-UHFFFAOYSA-N,"8-ethyl-3,3-dimethylundecane",,Patents,,IBM|SureChEMBL,Curation Efforts|Research and Development,,212.41,0.0,135,7.6,15,0,0,9,212.250397,212.250397,0,1,0,1,0,1,0,0,0,0,16,6,1,20170125
123493520,4-Ethyl-5-propan-2-yldecane,,C15H32,"InChI=1S/C15H32/c1-6-9-10-12-15(13(4)5)14(8-3)11-7-2/h13-15H,6-12H2,1-5H3",CCCCCC(C(C)C)C(CC)CCC,NOLWXWYZUUPDCN-UHFFFAOYSA-N,4-ethyl-5-propan-2-yldecane,,Patents,,IBM,Research and Development,,212.41,0.0,126,7.5,15,0,0,9,212.250397,212.250397,0,1,0,2,0,2,0,0,0,0,1,1,1,20170125
123496189,"4,5-Dimethyl-6-propyldecane",,C15H32,"InChI=1S/C15H32/c1-6-9-12-15(11-8-3)14(5)13(4)10-7-2/h13-15H,6-12H2,1-5H3",CCCCC(CCC)C(C)C(C)CCC,ADLDIHNUSDFETJ-UHFFFAOYSA-N,"4,5-dimethyl-6-propyldecane",,Patents,,IBM,Research and Development,,212.41,0.0,128,7.5,15,0,0,9,212.250397,212.250397,0,1,0,3,0,3,0,0,0,0,1,1,1,20170125
123496631,5-Tert-butyl-6-methyldecane,,C15H32,"InChI=1S/C15H32/c1-7-9-11-13(3)14(12-10-8-2)15(4,5)6/h13-14H,7-12H2,1-6H3",CCCCC(C)C(CCCC)C(C)(C)C,GXXIBROQOLYVEK-UHFFFAOYSA-N,5-tert-butyl-6-methyldecane,,Patents,,IBM,Research and Development,,212.41,0.0,141,7.3,15,0,0,8,212.250397,212.250397,0,1,0,2,0,2,0,0,0,0,2,2,1,20170125
123497426,"6-Ethyl-2,7,8-trimethyldecane",,C15H32,"InChI=1S/C15H32/c1-7-13(5)14(6)15(8-2)11-9-10-12(3)4/h12-15H,7-11H2,1-6H3",CCC(C)C(C)C(CC)CCCC(C)C,ODUNLPJKQYNYJI-UHFFFAOYSA-N,"6-ethyl-2,7,8-trimethyldecane",,Patents,,IBM,Research and Development,,212.41,0.0,137,7.2,15,0,0,8,212.250397,212.250397,0,1,0,3,0,3,0,0,0,0,2,2,1,20170125
123500887,"3-Ethyl-2,4,7,8-tetramethylnonane",,C15H32,"InChI=1S/C15H32/c1-8-15(12(4)5)14(7)10-9-13(6)11(2)3/h11-15H,8-10H2,1-7H3",CCC(C(C)C)C(C)CCC(C)C(C)C,WHZIATNIXQGBJX-UHFFFAOYSA-N,"3-ethyl-2,4,7,8-tetramethylnonane",,Patents,,IBM,Research and Development,,212.41,0.0,146,6.9,15,0,0,7,212.250397,212.250397,0,1,0,3,0,3,0,0,0,0,1,1,1,20170125
123501215,6-Butan-2-yl-3-methyldecane,,C15H32,"InChI=1S/C15H32/c1-6-9-10-15(14(5)8-3)12-11-13(4)7-2/h13-15H,6-12H2,1-5H3",CCCCC(CCC(C)CC)C(C)CC,VEMDVJJEUQQDPM-UHFFFAOYSA-N,6-butan-2-yl-3-methyldecane,,Patents,,IBM,Research and Development,,212.41,0.0,128,7.5,15,0,0,9,212.250397,212.250397,0,1,0,3,0,3,0,0,0,0,1,1,1,20170125
123508405,"4-Ethyl-2,3,7,7-tetramethylnonane",,C15H32,"InChI=1S/C15H32/c1-8-14(13(5)12(3)4)10-11-15(6,7)9-2/h12-14H,8-11H2,1-7H3",CCC(CCC(C)(C)CC)C(C)C(C)C,ZYJREPRDRIDTNS-UHFFFAOYSA-N,"4-ethyl-2,3,7,7-tetramethylnonane",,Patents,,IBM,Research and Development,,212.41,0.0,155,7.0,15,0,0,7,212.250397,212.250397,0,1,0,2,0,2,0,0,0,0,1,1,1,20170125
123508899,"2,3,8,10-Tetramethylundecane",,C15H32,"InChI=1S/C15H32/c1-12(2)11-14(5)9-7-8-10-15(6)13(3)4/h12-15H,7-11H2,1-6H3",CC(C)CC(C)CCCCC(C)C(C)C,BJWQDFNOWZFXGK-UHFFFAOYSA-N,"2,3,8,10-tetramethylundecane",,Patents,,IBM,Research and Development,,212.41,0.0,135,7.2,15,0,0,8,212.250397,212.250397,0,1,0,2,0,2,0,0,0,0,1,1,1,20170125
123514366,"4,5,5,8-Tetramethylundecane",SCHEMBL5970068,C15H32,"InChI=1S/C15H32/c1-7-9-13(3)11-12-15(5,6)14(4)10-8-2/h13-14H,7-12H2,1-6H3",CCCC(C)CCC(C)(C)C(C)CCC,KFILHBHSZHKFEV-UHFFFAOYSA-N,"4,5,5,8-tetramethylundecane",,Patents,,IBM|SureChEMBL,Curation Efforts|Research and Development,,212.41,0.0,146,7.3,15,0,0,8,212.250397,212.250397,0,1,0,2,0,2,0,0,0,0,2,2,1,20170125
123516485,"2,3,6-Trimethyl-6-propylnonane",,C15H32,"InChI=1S/C15H32/c1-7-10-15(6,11-8-2)12-9-14(5)13(3)4/h13-14H,7-12H2,1-6H3",CCCC(C)(CCC)CCC(C)C(C)C,CCSBOKGAYBJNQN-UHFFFAOYSA-N,"2,3,6-trimethyl-6-propylnonane",,Patents,,IBM,Research and Development,,212.41,0.0,140,7.3,15,0,0,8,212.250397,212.250397,0,1,0,1,0,1,0,0,0,0,1,1,1,20170125
123516737,"2,5,5-Trimethyl-4-propan-2-ylnonane",,C15H32,"InChI=1S/C15H32/c1-8-9-10-15(6,7)14(13(4)5)11-12(2)3/h12-14H,8-11H2,1-7H3",CCCCC(C)(C)C(CC(C)C)C(C)C,FEBRLJPQJKVJMU-UHFFFAOYSA-N,"2,5,5-trimethyl-4-propan-2-ylnonane",,Patents,,IBM,Research and Development,,212.41,0.0,153,7.0,15,0,0,7,212.250397,212.250397,0,1,0,1,0,1,0,0,0,0,1,1,1,20170125
123518865,"5-Butyl-3,3-dimethylnonane",,C15H32,"InChI=1S/C15H32/c1-6-9-11-14(12-10-7-2)13-15(4,5)8-3/h14H,6-13H2,1-5H3",CCCCC(CCCC)CC(C)(C)CC,YSZJXLIGIMZQPJ-UHFFFAOYSA-N,"5-butyl-3,3-dimethylnonane",,Patents,,IBM,Research and Development,,212.41,0.0,127,7.6,15,0,0,9,212.250397,212.250397,0,1,0,0,0,0,0,0,0,0,1,1,1,20170125
123519152,4-Tert-butylundecane,,C15H32,"InChI=1S/C15H32/c1-6-8-9-10-11-13-14(12-7-2)15(3,4)5/h14H,6-13H2,1-5H3",CCCCCCCC(CCC)C(C)(C)C,MKMYHQIOIYXVJZ-UHFFFAOYSA-N,4-tert-butylundecane,,Patents,,Google Patents|IBM|PATENTSCOPE (WIPO),Governmental Organizations|Research and Development,,212.41,0.0,129,7.6,15,0,0,9,212.250397,212.250397,0,1,0,1,0,1,0,0,0,0,2,2,1,20170125
123519426,"8-Ethyl-2,5,6-trimethyldecane",,C15H32,"InChI=1S/C15H32/c1-7-15(8-2)11-14(6)13(5)10-9-12(3)4/h12-15H,7-11H2,1-6H3",CCC(CC)CC(C)C(C)CCC(C)C,ARIJLAIHSXJXKA-UHFFFAOYSA-N,"8-ethyl-2,5,6-trimethyldecane",,Patents,,IBM,Research and Development,,212.41,0.0,133,7.2,15,0,0,8,212.250397,212.250397,0,1,0,2,0,2,0,0,0,0,2,2,1,20170125
123519697,"2-Methyl-4,5-di(propan-2-yl)octane",,C15H32,"InChI=1S/C15H32/c1-8-9-14(12(4)5)15(13(6)7)10-11(2)3/h11-15H,8-10H2,1-7H3",CCCC(C(C)C)C(CC(C)C)C(C)C,JZFWAKWQJLKUAX-UHFFFAOYSA-N,"2-methyl-4,5-di(propan-2-yl)octane",,Patents,,Google Patents|IBM|PATENTSCOPE (WIPO),Governmental Organizations|Research and Development,,212.41,0.0,144,6.9,15,0,0,7,212.250397,212.250397,0,1,0,2,0,2,0,0,0,0,1,1,1,20170125
123520929,"6-Ethyl-3,3,4,4,6-pentamethyloctane",,C15H32,"InChI=1S/C15H32/c1-9-13(4,5)14(6,7)12-15(8,10-2)11-3/h9-12H2,1-8H3",CCC(C)(C)C(C)(C)CC(C)(CC)CC,XIKFDFQVAXKBBV-UHFFFAOYSA-N,"6-ethyl-3,3,4,4,6-pentamethyloctane",,Patents,,IBM,Research and Development,,212.41,0.0,182,7.0,15,0,0,6,212.250397,212.250397,0,1,0,0,0,0,0,0,0,0,2,2,1,20170125
123521626,"2,3,4-Trimethyl-4-propylnonane",,C15H32,"InChI=1S/C15H32/c1-7-9-10-12-15(6,11-8-2)14(5)13(3)4/h13-14H,7-12H2,1-6H3",CCCCCC(C)(CCC)C(C)C(C)C,NXBHBXUYWNPLQY-UHFFFAOYSA-N,"2,3,4-trimethyl-4-propylnonane",,Patents,,IBM,Research and Development,,212.41,0.0,148,7.3,15,0,0,8,212.250397,212.250397,0,1,0,2,0,2,0,0,0,0,1,1,1,20170125
123524061,"2,2,4,6,8-Pentamethyldecane",,C15H32,"InChI=1S/C15H32/c1-8-12(2)9-13(3)10-14(4)11-15(5,6)7/h12-14H,8-11H2,1-7H3",CCC(C)CC(C)CC(C)CC(C)(C)C,UIIDMFWBNKFSNM-UHFFFAOYSA-N,"2,2,4,6,8-pentamethyldecane",,Patents,,IBM,Research and Development,,212.41,0.0,152,7.0,15,0,0,7,212.250397,212.250397,0,1,0,3,0,3,0,0,0,0,1,1,1,20170125
123524934,"2,6,7-Trimethyldodecane",,C15H32,"InChI=1S/C15H32/c1-6-7-8-11-14(4)15(5)12-9-10-13(2)3/h13-15H,6-12H2,1-5H3",CCCCCC(C)C(C)CCCC(C)C,JRLAJAJPQNWDSS-UHFFFAOYSA-N,"2,6,7-trimethyldodecane",,Patents,,IBM,Research and Development,,212.41,0.0,126,7.5,15,0,0,9,212.250397,212.250397,0,1,0,2,0,2,0,0,0,0,3,3,1,20170125
123525569,"3-Ethyl-3,5,5-trimethyl-4-propan-2-ylheptane",,C15H32,"InChI=1S/C15H32/c1-9-14(6,7)13(12(4)5)15(8,10-2)11-3/h12-13H,9-11H2,1-8H3",CCC(C)(C)C(C(C)C)C(C)(CC)CC,PEJLSMOHWYCFLF-UHFFFAOYSA-N,"3-ethyl-3,5,5-trimethyl-4-propan-2-ylheptane",,Patents,,IBM,Research and Development,,212.41,0.0,172,6.9,15,0,0,6,212.250397,212.250397,0,1,0,1,0,1,0,0,0,0,1,1,1,20170125
123530659,"3-Ethyl-2,8,8-trimethyldecane",,C15H32,"InChI=1S/C15H32/c1-7-14(13(3)4)11-9-10-12-15(5,6)8-2/h13-14H,7-12H2,1-6H3",CCC(CCCCC(C)(C)CC)C(C)C,PHAVLURFFWPXHX-UHFFFAOYSA-N,"3-ethyl-2,8,8-trimethyldecane",,Patents,,IBM,Research and Development,,212.41,0.0,144,7.3,15,0,0,8,212.250397,212.250397,0,1,0,1,0,1,0,0,0,0,1,1,1,20170125
123536528,"6-Ethyl-2,5,7,7-tetramethylnonane",,C15H32,"InChI=1S/C15H32/c1-8-14(15(6,7)9-2)13(5)11-10-12(3)4/h12-14H,8-11H2,1-7H3",CCC(C(C)CCC(C)C)C(C)(C)CC,UFYYHBSZQJMIPU-UHFFFAOYSA-N,"6-ethyl-2,5,7,7-tetramethylnonane",,Patents,,IBM,Research and Development,,212.41,0.0,155,7.0,15,0,0,7,212.250397,212.250397,0,1,0,2,0,2,0,0,0,0,1,1,1,20170125
123537427,4-Ethyl-8-methyldodecane,,C15H32,"InChI=1S/C15H32/c1-5-8-11-14(4)12-9-13-15(7-3)10-6-2/h14-15H,5-13H2,1-4H3",CCCCC(C)CCCC(CC)CCC,XUVVKQHUHUFTPT-UHFFFAOYSA-N,4-ethyl-8-methyldodecane,,Patents,,IBM|PATENTSCOPE (WIPO),Governmental Organizations|Research and Development,,212.41,0.0,117,7.8,15,0,0,10,212.250397,212.250397,0,1,0,2,0,2,0,0,0,0,1,1,1,20170125
123538274,"2,9,10-Trimethyldodecane",,C15H32,"InChI=1S/C15H32/c1-6-14(4)15(5)12-10-8-7-9-11-13(2)3/h13-15H,6-12H2,1-5H3",CCC(C)C(C)CCCCCCC(C)C,HNPQTYQKYKSZFO-UHFFFAOYSA-N,"2,9,10-trimethyldodecane",,Patents,,Google Patents|IBM,Research and Development,,212.41,0.0,126,7.5,15,0,0,9,212.250397,212.250397,0,1,0,2,0,2,0,0,0,0,4,3,1,20170125
123538352,"3,6,6-Trimethyl-4-propylnonane",,C15H32,"InChI=1S/C15H32/c1-7-10-14(13(4)9-3)12-15(5,6)11-8-2/h13-14H,7-12H2,1-6H3",CCCC(CC(C)(C)CCC)C(C)CC,DWWLYNDSNVICEU-UHFFFAOYSA-N,"3,6,6-trimethyl-4-propylnonane",,Patents,,IBM,Research and Development,,212.41,0.0,146,7.3,15,0,0,8,212.250397,212.250397,0,1,0,2,0,2,0,0,0,0,1,1,1,20170125
123538800,"2,2,4,5,6,6-Hexamethylnonane",,C15H32,"InChI=1S/C15H32/c1-9-10-15(7,8)13(3)12(2)11-14(4,5)6/h12-13H,9-11H2,1-8H3",CCCC(C)(C)C(C)C(C)CC(C)(C)C,CPFOPENARQNNHD-UHFFFAOYSA-N,"2,2,4,5,6,6-hexamethylnonane",,Patents,,IBM,Research and Development,,212.41,0.0,171,6.9,15,0,0,6,212.250397,212.250397,0,1,0,2,0,2,0,0,0,0,1,1,1,20170125
123539516,"2,3,7-Trimethyldodecane",,C15H32,"InChI=1S/C15H32/c1-6-7-8-10-14(4)11-9-12-15(5)13(2)3/h13-15H,6-12H2,1-5H3",CCCCCC(C)CCCC(C)C(C)C,WIYLZDXACGUXTL-UHFFFAOYSA-N,"2,3,7-trimethyldodecane",,Patents,,IBM,Research and Development,,212.41,0.0,126,7.5,15,0,0,9,212.250397,212.250397,0,1,0,2,0,2,0,0,0,0,3,3,1,20170125
123540979,"7-Ethyl-2,3,4,6-tetramethylnonane",,C15H32,"InChI=1S/C15H32/c1-8-15(9-2)13(6)10-12(5)14(7)11(3)4/h11-15H,8-10H2,1-7H3",CCC(CC)C(C)CC(C)C(C)C(C)C,INASMYJFWJXYEM-UHFFFAOYSA-N,"7-ethyl-2,3,4,6-tetramethylnonane",,Patents,,IBM,Research and Development,,212.41,0.0,144,6.9,15,0,0,7,212.250397,212.250397,0,1,0,3,0,3,0,0,0,0,1,1,1,20170125
123544156,"8-Ethyl-3,6-dimethylundecane",,C15H32,"InChI=1S/C15H32/c1-6-9-15(8-3)12-14(5)11-10-13(4)7-2/h13-15H,6-12H2,1-5H3",CCCC(CC)CC(C)CCC(C)CC,LKNBURLKEFSIDJ-UHFFFAOYSA-N,"8-ethyl-3,6-dimethylundecane",,Patents,,IBM,Research and Development,,212.41,0.0,128,7.5,15,0,0,9,212.250397,212.250397,0,1,0,3,0,3,0,0,0,0,1,1,1,20170125
123548237,"5-Ethyl-2,2,6-trimethyldecane",,C15H32,"InChI=1S/C15H32/c1-7-9-10-13(3)14(8-2)11-12-15(4,5)6/h13-14H,7-12H2,1-6H3",CCCCC(C)C(CC)CCC(C)(C)C,PLJGHOKOXWKPLH-UHFFFAOYSA-N,"5-ethyl-2,2,6-trimethyldecane",,Patents,,IBM,Research and Development,,212.41,0.0,141,7.3,15,0,0,8,212.250397,212.250397,0,1,0,2,0,2,0,0,0,0,1,1,1,20170125
123548370,"2,3,6,10-Tetramethylundecane",,C15H32,"InChI=1S/C15H32/c1-12(2)8-7-9-14(5)10-11-15(6)13(3)4/h12-15H,7-11H2,1-6H3",CC(C)CCCC(C)CCC(C)C(C)C,LRNGWZQPDZPRIA-UHFFFAOYSA-N,"2,3,6,10-tetramethylundecane",,Patents,,IBM,Research and Development,,212.41,0.0,135,7.2,15,0,0,8,212.250397,212.250397,0,1,0,2,0,2,0,0,0,0,1,1,1,20170125
123548517,"2,4,5-Trimethyl-4-(2-methylpropyl)octane",,C15H32,"InChI=1S/C15H32/c1-8-9-14(6)15(7,10-12(2)3)11-13(4)5/h12-14H,8-11H2,1-7H3",CCCC(C)C(C)(CC(C)C)CC(C)C,FAJRFPGFYJQPRJ-UHFFFAOYSA-N,"2,4,5-trimethyl-4-(2-methylpropyl)octane",,Patents,,IBM,Research and Development,,212.41,0.0,145,7.0,15,0,0,7,212.250397,212.250397,0,1,0,1,0,1,0,0,0,0,1,1,1,20170125
123548692,"5-Ethyl-2,2,6,7-tetramethylnonane",,C15H32,"InChI=1S/C15H32/c1-8-12(3)13(4)14(9-2)10-11-15(5,6)7/h12-14H,8-11H2,1-7H3",CCC(C)C(C)C(CC)CCC(C)(C)C,LFBUINNWFJXWDK-UHFFFAOYSA-N,"5-ethyl-2,2,6,7-tetramethylnonane",,Patents,,IBM,Research and Development,,212.41,0.0,152,7.0,15,0,0,7,212.250397,212.250397,0,1,0,3,0,3,0,0,0,0,1,1,1,20170125
123550061,"3-Ethyl-3,4,5,5,6-pentamethyloctane",,C15H32,"InChI=1S/C15H32/c1-9-12(4)14(6,7)13(5)15(8,10-2)11-3/h12-13H,9-11H2,1-8H3",CCC(C)C(C)(C)C(C)C(C)(CC)CC,PRAFBSQCAKWPBB-UHFFFAOYSA-N,"3-ethyl-3,4,5,5,6-pentamethyloctane",,Patents,,IBM,Research and Development,,212.41,0.0,174,6.9,15,0,0,6,212.250397,212.250397,0,1,0,2,0,2,0,0,0,0,2,2,1,20170125
123553236,"2,3,5,6-Tetramethyl-4-propan-2-yloctane",,C15H32,"InChI=1S/C15H32/c1-9-12(6)14(8)15(11(4)5)13(7)10(2)3/h10-15H,9H2,1-8H3",CCC(C)C(C)C(C(C)C)C(C)C(C)C,CLQPELKVURHEQK-UHFFFAOYSA-N,"2,3,5,6-tetramethyl-4-propan-2-yloctane",,Patents,,IBM,Research and Development,,212.41,0.0,157,6.6,15,0,0,6,212.250397,212.250397,0,1,0,4,0,4,0,0,0,0,5,5,1,20170125
123553716,"5-Ethyl-2,4,5,7-tetramethylnonane",,C15H32,"InChI=1S/C15H32/c1-8-13(5)11-15(7,9-2)14(6)10-12(3)4/h12-14H,8-11H2,1-7H3",CCC(C)CC(C)(CC)C(C)CC(C)C,BUJCXCKRFSBMPT-UHFFFAOYSA-N,"5-ethyl-2,4,5,7-tetramethylnonane",,Patents,,IBM,Research and Development,,212.41,0.0,159,7.0,15,0,0,7,212.250397,212.250397,0,1,0,3,0,3,0,0,0,0,1,1,1,20170125
123554401,"3,4,8-Trimethyldodecane",,C15H32,"InChI=1S/C15H32/c1-6-8-10-13(3)11-9-12-15(5)14(4)7-2/h13-15H,6-12H2,1-5H3",CCCCC(C)CCCC(C)C(C)CC,LWECRSQTUYBQCM-UHFFFAOYSA-N,"3,4,8-trimethyldodecane",,Patents,,Google Patents|IBM,Research and Development,,212.41,0.0,128,7.5,15,0,0,9,212.250397,212.250397,0,1,0,3,0,3,0,0,0,0,4,3,1,20170125
123555696,"4-Ethyl-2,3,5,6,7-pentamethyloctane",,C15H32,"InChI=1S/C15H32/c1-9-15(13(7)11(4)5)14(8)12(6)10(2)3/h10-15H,9H2,1-8H3",CCC(C(C)C(C)C)C(C)C(C)C(C)C,FQOBZIBVHKNKJB-UHFFFAOYSA-N,"4-ethyl-2,3,5,6,7-pentamethyloctane",,Patents,,IBM,Research and Development,,212.41,0.0,157,6.6,15,0,0,6,212.250397,212.250397,0,1,0,4,0,4,0,0,0,0,2,2,1,20170125
123557986,6-Ethyl-3-methyl-4-propylnonane,,C15H32,"InChI=1S/C15H32/c1-6-10-14(9-4)12-15(11-7-2)13(5)8-3/h13-15H,6-12H2,1-5H3",CCCC(CC)CC(CCC)C(C)CC,GQUREOPKFIOSMW-UHFFFAOYSA-N,6-ethyl-3-methyl-4-propylnonane,,Patents,,IBM,Research and Development,,212.41,0.0,128,7.5,15,0,0,9,212.250397,212.250397,0,1,0,3,0,3,0,0,0,0,1,1,1,20170125
123558324,"2,3,5,8-Tetramethylundecane",,C15H32,"InChI=1S/C15H32/c1-7-8-13(4)9-10-14(5)11-15(6)12(2)3/h12-15H,7-11H2,1-6H3",CCCC(C)CCC(C)CC(C)C(C)C,OONRUTMTGYRGDT-UHFFFAOYSA-N,"2,3,5,8-tetramethylundecane",,Patents,,IBM,Research and Development,,212.41,0.0,137,7.2,15,0,0,8,212.250397,212.250397,0,1,0,3,0,3,0,0,0,0,1,1,1,20170125
123561554,"2,2,6,6,7,8-Hexamethylnonane",,C15H32,"InChI=1S/C15H32/c1-12(2)13(3)15(7,8)11-9-10-14(4,5)6/h12-13H,9-11H2,1-8H3",CC(C)C(C)C(C)(C)CCCC(C)(C)C,ONFGAYMNDAAGCJ-UHFFFAOYSA-N,"2,2,6,6,7,8-hexamethylnonane",,Patents,,IBM,Research and Development,,212.41,0.0,169,6.9,15,0,0,6,212.250397,212.250397,0,1,0,1,0,1,0,0,0,0,1,1,1,20170125
123561977,"3,6,9-Trimethyldodecane",SCHEMBL24224784,C15H32,"InChI=1S/C15H32/c1-6-8-14(4)11-12-15(5)10-9-13(3)7-2/h13-15H,6-12H2,1-5H3",CCCC(C)CCC(C)CCC(C)CC,CSDUATBEDJRRQV-UHFFFAOYSA-N,"3,6,9-trimethyldodecane",,Patents,,Google Patents|IBM|SureChEMBL,Curation Efforts|Research and Development,,212.41,0.0,128,7.5,15,0,0,9,212.250397,212.250397,0,1,0,3,0,3,0,0,0,0,4,3,1,20170125
123563982,"2,5-Dimethyl-3,4-di(propan-2-yl)heptane",,C15H32,"InChI=1S/C15H32/c1-9-13(8)15(12(6)7)14(10(2)3)11(4)5/h10-15H,9H2,1-8H3",CCC(C)C(C(C)C)C(C(C)C)C(C)C,JFOWKVIKKJAAAK-UHFFFAOYSA-N,"2,5-dimethyl-3,4-di(propan-2-yl)heptane",,Patents,,IBM,Research and Development,,212.41,0.0,147,6.6,15,0,0,6,212.250397,212.250397,0,1,0,2,0,2,0,0,0,0,2,2,1,20170125
123568990,"3-Ethyl-2,9-dimethylundecane",,C15H32,"InChI=1S/C15H32/c1-6-14(5)11-9-8-10-12-15(7-2)13(3)4/h13-15H,6-12H2,1-5H3",CCC(C)CCCCCC(CC)C(C)C,YWHRRBPIJKCINH-UHFFFAOYSA-N,"3-ethyl-2,9-dimethylundecane",,Patents,,IBM,Research and Development,,212.41,0.0,126,7.5,15,0,0,9,212.250397,212.250397,0,1,0,2,0,2,0,0,0,0,1,1,1,20170125
123569417,7-Ethyl-2-methyl-4-propylnonane,,C15H32,"InChI=1S/C15H32/c1-6-9-15(12-13(4)5)11-10-14(7-2)8-3/h13-15H,6-12H2,1-5H3",CCCC(CCC(CC)CC)CC(C)C,SJWVPXYPDNSQOT-UHFFFAOYSA-N,7-ethyl-2-methyl-4-propylnonane,,Patents,,IBM,Research and Development,,212.41,0.0,122,7.5,15,0,0,9,212.250397,212.250397,0,1,0,1,0,1,0,0,0,0,1,1,1,20170125
123569744,"6-Ethyl-2,3-dimethylundecane",,C15H32,"InChI=1S/C15H32/c1-6-8-9-10-15(7-2)12-11-14(5)13(3)4/h13-15H,6-12H2,1-5H3",CCCCCC(CC)CCC(C)C(C)C,KJOVKAKVEJBXBJ-UHFFFAOYSA-N,"6-ethyl-2,3-dimethylundecane",,Patents,,IBM,Research and Development,,212.41,0.0,126,7.5,15,0,0,9,212.250397,212.250397,0,1,0,2,0,2,0,0,0,0,1,1,1,20170125
123573994,"2,4,6-Trimethyl-6-propylnonane",SCHEMBL28988593,C15H32,"InChI=1S/C15H32/c1-7-9-15(6,10-8-2)12-14(5)11-13(3)4/h13-14H,7-12H2,1-6H3",CCCC(C)(CCC)CC(C)CC(C)C,IWWZTWNJDMYFSW-UHFFFAOYSA-N,"2,4,6-trimethyl-6-propylnonane",,Patents,,IBM|SureChEMBL,Curation Efforts|Research and Development,,212.41,0.0,140,7.3,15,0,0,8,212.250397,212.250397,0,1,0,1,0,1,0,0,0,0,2,2,1,20170125
123576582,"3,4,6-Trimethyldodecane",,C15H32,"InChI=1S/C15H32/c1-6-8-9-10-11-13(3)12-15(5)14(4)7-2/h13-15H,6-12H2,1-5H3",CCCCCCC(C)CC(C)C(C)CC,ROEAMIHXHRXPSP-UHFFFAOYSA-N,"3,4,6-trimethyldodecane",,Patents,,Google Patents|IBM,Research and Development,,212.41,0.0,128,7.5,15,0,0,9,212.250397,212.250397,0,1,0,3,0,3,0,0,0,0,4,3,1,20170125
123579556,"3,4,6,6,8-Pentamethyldecane",,C15H32,"InChI=1S/C15H32/c1-8-12(3)10-15(6,7)11-14(5)13(4)9-2/h12-14H,8-11H2,1-7H3",CCC(C)CC(C)(C)CC(C)C(C)CC,JWJFLWATIIHFPR-UHFFFAOYSA-N,"3,4,6,6,8-pentamethyldecane",,Patents,,IBM,Research and Development,,212.41,0.0,157,7.0,15,0,0,7,212.250397,212.250397,0,1,0,3,0,3,0,0,0,0,1,1,1,20170125
123581224,"2,6,7-Trimethyl-5-propan-2-ylnonane",,C15H32,"InChI=1S/C15H32/c1-8-13(6)14(7)15(12(4)5)10-9-11(2)3/h11-15H,8-10H2,1-7H3",CCC(C)C(C)C(CCC(C)C)C(C)C,ISVRPQZJJAWTMM-UHFFFAOYSA-N,"2,6,7-trimethyl-5-propan-2-ylnonane",,Patents,,IBM,Research and Development,,212.41,0.0,146,6.9,15,0,0,7,212.250397,212.250397,0,1,0,3,0,3,0,0,0,0,1,1,1,20170125
123581269,"2,3,4,4,6-Pentamethyl-5-propan-2-ylheptane",,C15H32,"InChI=1S/C15H32/c1-10(2)13(7)15(8,9)14(11(3)4)12(5)6/h10-14H,1-9H3",CC(C)C(C)C(C)(C)C(C(C)C)C(C)C,RZGIJWVRWYVORK-UHFFFAOYSA-N,"2,3,4,4,6-pentamethyl-5-propan-2-ylheptane",,Patents,,IBM,Research and Development,,212.41,0.0,166,6.5,15,0,0,5,212.250397,212.250397,0,1,0,1,0,1,0,0,0,0,1,1,1,20170125
123581436,"4-Butan-2-yl-3,5-dimethylnonane",,C15H32,"InChI=1S/C15H32/c1-7-10-11-14(6)15(12(4)8-2)13(5)9-3/h12-15H,7-11H2,1-6H3",CCCCC(C)C(C(C)CC)C(C)CC,PQCHFZNEXHTPHJ-UHFFFAOYSA-N,"4-butan-2-yl-3,5-dimethylnonane",,Patents,,IBM,Research and Development,,212.41,0.0,129,7.2,15,0,0,8,212.250397,212.250397,0,1,0,3,0,3,0,0,0,0,1,1,1,20170125
123582427,"2,7,7,9-Tetramethylundecane",,C15H32,"InChI=1S/C15H32/c1-7-14(4)12-15(5,6)11-9-8-10-13(2)3/h13-14H,7-12H2,1-6H3",CCC(C)CC(C)(C)CCCCC(C)C,ZEYISNPYOJHGTJ-UHFFFAOYSA-N,"2,7,7,9-tetramethylundecane",,Patents,,IBM,Research and Development,,212.41,0.0,144,7.3,15,0,0,8,212.250397,212.250397,0,1,0,1,0,1,0,0,0,0,1,1,1,20170125
123583044,"2,3,5-Trimethyl-3-propan-2-ylnonane",,C15H32,"InChI=1S/C15H32/c1-8-9-10-14(6)11-15(7,12(2)3)13(4)5/h12-14H,8-11H2,1-7H3",CCCCC(C)CC(C)(C(C)C)C(C)C,MSNRCDYFSRQNKQ-UHFFFAOYSA-N,"2,3,5-trimethyl-3-propan-2-ylnonane",,Patents,,IBM,Research and Development,,212.41,0.0,147,7.0,15,0,0,7,212.250397,212.250397,0,1,0,1,0,1,0,0,0,0,1,1,1,20170125
123584262,"3,4,5,5-Tetramethyl-4-propan-2-yloctane",,C15H32,"InChI=1S/C15H32/c1-9-11-14(6,7)15(8,12(3)4)13(5)10-2/h12-13H,9-11H2,1-8H3",CCCC(C)(C)C(C)(C(C)C)C(C)CC,IRGIFVQZJJIWKH-UHFFFAOYSA-N,"3,4,5,5-tetramethyl-4-propan-2-yloctane",,Patents,,IBM,Research and Development,,212.41,0.0,178,6.9,15,0,0,6,212.250397,212.250397,0,1,0,2,0,2,0,0,0,0,1,1,1,20170125
123585085,"3-Ethyl-5,7,7-trimethyldecane",,C15H32,"InChI=1S/C15H32/c1-7-10-15(5,6)12-13(4)11-14(8-2)9-3/h13-14H,7-12H2,1-6H3",CCCC(C)(C)CC(C)CC(CC)CC,SRTLXYXVLRJZEE-UHFFFAOYSA-N,"3-ethyl-5,7,7-trimethyldecane",,Patents,,IBM,Research and Development,,212.41,0.0,142,7.3,15,0,0,8,212.250397,212.250397,0,1,0,1,0,1,0,0,0,0,1,1,1,20170125
123585622,"7-Ethyl-2,4,6-trimethyldecane",,C15H32,"InChI=1S/C15H32/c1-7-9-15(8-2)14(6)11-13(5)10-12(3)4/h12-15H,7-11H2,1-6H3",CCCC(CC)C(C)CC(C)CC(C)C,YNLZOZQFSXKRFM-UHFFFAOYSA-N,"7-ethyl-2,4,6-trimethyldecane",,Patents,,IBM,Research and Development,,212.41,0.0,137,7.2,15,0,0,8,212.250397,212.250397,0,1,0,3,0,3,0,0,0,0,1,1,1,20170125
123588444,4-Ethyl-6-methyl-5-propylnonane,,C15H32,"InChI=1S/C15H32/c1-6-10-13(5)15(12-8-3)14(9-4)11-7-2/h13-15H,6-12H2,1-5H3",CCCC(C)C(CCC)C(CC)CCC,OCNAEUPAIRTILE-UHFFFAOYSA-N,4-ethyl-6-methyl-5-propylnonane,,Patents,,IBM,Research and Development,,212.41,0.0,128,7.5,15,0,0,9,212.250397,212.250397,0,1,0,3,0,3,0,0,0,0,1,1,1,20170125
123589031,"3,4-Dimethyl-5-propyldecane",,C15H32,"InChI=1S/C15H32/c1-6-9-10-12-15(11-7-2)14(5)13(4)8-3/h13-15H,6-12H2,1-5H3",CCCCCC(CCC)C(C)C(C)CC,MEEKSLCCWUGKIQ-UHFFFAOYSA-N,"3,4-dimethyl-5-propyldecane",,Patents,,IBM,Research and Development,,212.41,0.0,128,7.5,15,0,0,9,212.250397,212.250397,0,1,0,3,0,3,0,0,0,0,1,1,1,20170125
123589928,"4,5,5-Trimethyl-6-propylnonane",,C15H32,"InChI=1S/C15H32/c1-7-10-13(4)15(5,6)14(11-8-2)12-9-3/h13-14H,7-12H2,1-6H3",CCCC(C)C(C)(C)C(CCC)CCC,RQHAXVCCNJEMME-UHFFFAOYSA-N,"4,5,5-trimethyl-6-propylnonane",,Patents,,IBM,Research and Development,,212.41,0.0,140,7.3,15,0,0,8,212.250397,212.250397,0,1,0,1,0,1,0,0,0,0,1,1,1,20170125
123590720,5-(2-Methylpropyl)undecane,SCHEMBL23172791,C15H32,"InChI=1S/C15H32/c1-5-7-9-10-12-15(11-8-6-2)13-14(3)4/h14-15H,5-13H2,1-4H3",CCCCCCC(CCCC)CC(C)C,BMIUMCQLYHTJOO-UHFFFAOYSA-N,5-(2-methylpropyl)undecane,,Patents,,Google Patents|IBM|PATENTSCOPE (WIPO)|SureChEMBL,Curation Efforts|Governmental Organizations|Research and Development,,212.41,0.0,115,7.8,15,0,0,10,212.250397,212.250397,0,1,0,1,0,1,0,0,0,0,3,2,1,20170125
123590753,"2,7-Dimethyl-6-propyldecane",,C15H32,"InChI=1S/C15H32/c1-6-9-14(5)15(10-7-2)12-8-11-13(3)4/h13-15H,6-12H2,1-5H3",CCCC(C)C(CCC)CCCC(C)C,LRRZXKWKLKOPQE-UHFFFAOYSA-N,"2,7-dimethyl-6-propyldecane",,Patents,,IBM,Research and Development,,212.41,0.0,126,7.5,15,0,0,9,212.250397,212.250397,0,1,0,2,0,2,0,0,0,0,2,2,1,20170125
123591738,"3,5,6-Triethyl-3-methyloctane",,C15H32,"InChI=1S/C15H32/c1-7-13(8-2)14(9-3)12-15(6,10-4)11-5/h13-14H,7-12H2,1-6H3",CCC(CC)C(CC)CC(C)(CC)CC,DOTJDMSGXREHPL-UHFFFAOYSA-N,"3,5,6-triethyl-3-methyloctane",,Patents,,IBM,Research and Development,,212.41,0.0,140,7.3,15,0,0,8,212.250397,212.250397,0,1,0,1,0,1,0,0,0,0,1,1,1,20170125
123592353,"4,5-Diethyl-5,6-dimethylnonane",,C15H32,"InChI=1S/C15H32/c1-7-11-13(5)15(6,10-4)14(9-3)12-8-2/h13-14H,7-12H2,1-6H3",CCCC(C)C(C)(CC)C(CC)CCC,XWGULSKCGBTCDV-UHFFFAOYSA-N,"4,5-diethyl-5,6-dimethylnonane",,Patents,,IBM,Research and Development,,212.41,0.0,150,7.3,15,0,0,8,212.250397,212.250397,0,1,0,3,0,3,0,0,0,0,1,1,1,20170125
123592501,3-Methyl-6-(2-methylpropyl)decane,,C15H32,"InChI=1S/C15H32/c1-6-8-9-15(12-13(3)4)11-10-14(5)7-2/h13-15H,6-12H2,1-5H3",CCCCC(CCC(C)CC)CC(C)C,KCOATQRGJVLRBU-UHFFFAOYSA-N,3-methyl-6-(2-methylpropyl)decane,,Patents,,IBM,Research and Development,,212.41,0.0,126,7.5,15,0,0,9,212.250397,212.250397,0,1,0,2,0,2,0,0,0,0,1,1,1,20170125
123593388,"2,3,4,6-Tetramethyl-4-(2-methylpropyl)heptane",,C15H32,"InChI=1S/C15H32/c1-11(2)9-15(8,10-12(3)4)14(7)13(5)6/h11-14H,9-10H2,1-8H3",CC(C)CC(C)(CC(C)C)C(C)C(C)C,WQXXUSKJZZFORT-UHFFFAOYSA-N,"2,3,4,6-tetramethyl-4-(2-methylpropyl)heptane",,Patents,,IBM,Research and Development,,212.41,0.0,155,6.7,15,0,0,6,212.250397,212.250397,0,1,0,1,0,1,0,0,0,0,1,1,1,20170125
123594704,"4-Ethyl-3,6,8-trimethyldecane",,C15H32,"InChI=1S/C15H32/c1-7-12(4)10-13(5)11-15(9-3)14(6)8-2/h12-15H,7-11H2,1-6H3",CCC(C)CC(C)CC(CC)C(C)CC,WLBIYKFZXPTIOM-UHFFFAOYSA-N,"4-ethyl-3,6,8-trimethyldecane",,Patents,,IBM,Research and Development,,212.41,0.0,139,7.2,15,0,0,8,212.250397,212.250397,0,1,0,4,0,4,0,0,0,0,1,1,1,20170125
123596683,"3,4,5-Trimethyl-4-propylnonane",,C15H32,"InChI=1S/C15H32/c1-7-10-11-14(5)15(6,12-8-2)13(4)9-3/h13-14H,7-12H2,1-6H3",CCCCC(C)C(C)(CCC)C(C)CC,PROTZUUOTRGJLH-UHFFFAOYSA-N,"3,4,5-trimethyl-4-propylnonane",,Patents,,IBM,Research and Development,,212.41,0.0,150,7.3,15,0,0,8,212.250397,212.250397,0,1,0,3,0,3,0,0,0,0,1,1,1,20170125
123597502,"6,7-Diethyl-2-methyldecane",,C15H32,"InChI=1S/C15H32/c1-6-10-14(7-2)15(8-3)12-9-11-13(4)5/h13-15H,6-12H2,1-5H3",CCCC(CC)C(CC)CCCC(C)C,KEFPUBAKHQLTDQ-UHFFFAOYSA-N,"6,7-diethyl-2-methyldecane",,Patents,,IBM,Research and Development,,212.41,0.0,126,7.5,15,0,0,9,212.250397,212.250397,0,1,0,2,0,2,0,0,0,0,1,1,1,20170125
123598212,"7-Ethyl-3,4,6-trimethyldecane",,C15H32,"InChI=1S/C15H32/c1-7-10-15(9-3)14(6)11-13(5)12(4)8-2/h12-15H,7-11H2,1-6H3",CCCC(CC)C(C)CC(C)C(C)CC,MWXKWIBXOXEQQN-UHFFFAOYSA-N,"7-ethyl-3,4,6-trimethyldecane",,Patents,,IBM,Research and Development,,212.41,0.0,139,7.2,15,0,0,8,212.250397,212.250397,0,1,0,4,0,4,0,0,0,0,2,2,1,20170125
123598406,"3-Ethyl-2,4,5-trimethyl-4-propylheptane",,C15H32,"InChI=1S/C15H32/c1-8-11-15(7,13(6)9-2)14(10-3)12(4)5/h12-14H,8-11H2,1-7H3",CCCC(C)(C(C)CC)C(CC)C(C)C,UFFBCTWZFJZVCA-UHFFFAOYSA-N,"3-ethyl-2,4,5-trimethyl-4-propylheptane",,Patents,,IBM,Research and Development,,212.41,0.0,159,7.0,15,0,0,7,212.250397,212.250397,0,1,0,3,0,3,0,0,0,0,1,1,1,20170125
123598520,"4-Butan-2-yl-2,3,5,6-tetramethylheptane",,C15H32,"InChI=1S/C15H32/c1-9-12(6)15(13(7)10(2)3)14(8)11(4)5/h10-15H,9H2,1-8H3",CCC(C)C(C(C)C(C)C)C(C)C(C)C,WVNIBCUZNOELRL-UHFFFAOYSA-N,"4-butan-2-yl-2,3,5,6-tetramethylheptane",,Patents,,IBM,Research and Development,,212.41,0.0,143,6.6,15,0,0,6,212.250397,212.250397,0,1,0,3,0,3,0,0,0,0,2,2,1,20170125
123600352,"3,3,5,7-Tetramethylundecane",,C15H32,"InChI=1S/C15H32/c1-7-9-10-13(3)11-14(4)12-15(5,6)8-2/h13-14H,7-12H2,1-6H3",CCCCC(C)CC(C)CC(C)(C)CC,QUAUIGRGODKAHY-UHFFFAOYSA-N,"3,3,5,7-tetramethylundecane",,Patents,,IBM,Research and Development,,212.41,0.0,146,7.3,15,0,0,8,212.250397,212.250397,0,1,0,2,0,2,0,0,0,0,1,1,1,20170125
123601200,"4-Ethyl-2,4,5,6-tetramethylnonane",,C15H32,"InChI=1S/C15H32/c1-8-10-13(5)14(6)15(7,9-2)11-12(3)4/h12-14H,8-11H2,1-7H3",CCCC(C)C(C)C(C)(CC)CC(C)C,BCTMUCBNXDNNKK-UHFFFAOYSA-N,"4-ethyl-2,4,5,6-tetramethylnonane",,Patents,,IBM,Research and Development,,212.41,0.0,159,7.0,15,0,0,7,212.250397,212.250397,0,1,0,3,0,3,0,0,0,0,1,1,1,20170125
123601568,"4-Ethyl-3,3,4,7-tetramethylnonane",,C15H32,"InChI=1S/C15H32/c1-8-13(4)11-12-15(7,10-3)14(5,6)9-2/h13H,8-12H2,1-7H3",CCC(C)CCC(C)(CC)C(C)(C)CC,YDHANEMVDQHDDG-UHFFFAOYSA-N,"4-ethyl-3,3,4,7-tetramethylnonane",,Patents,,IBM,Research and Development,,212.41,0.0,169,7.2,15,0,0,7,212.250397,212.250397,0,1,0,2,0,2,0,0,0,0,1,1,1,20170125
123602815,"2,2,6,7-Tetramethylundecane",,C15H32,"InChI=1S/C15H32/c1-7-8-10-13(2)14(3)11-9-12-15(4,5)6/h13-14H,7-12H2,1-6H3",CCCCC(C)C(C)CCCC(C)(C)C,VGNBJSLRSWPAMZ-UHFFFAOYSA-N,"2,2,6,7-tetramethylundecane",,Patents,,IBM,Research and Development,,212.41,0.0,141,7.3,15,0,0,8,212.250397,212.250397,0,1,0,2,0,2,0,0,0,0,1,1,1,20170125
123602998,"3-Ethyl-2,5-dimethylundecane",,C15H32,"InChI=1S/C15H32/c1-6-8-9-10-11-14(5)12-15(7-2)13(3)4/h13-15H,6-12H2,1-5H3",CCCCCCC(C)CC(CC)C(C)C,ALXMFWAHHHNWEF-UHFFFAOYSA-N,"3-ethyl-2,5-dimethylundecane",,Patents,,IBM,Research and Development,,212.41,0.0,126,7.5,15,0,0,9,212.250397,212.250397,0,1,0,2,0,2,0,0,0,0,2,2,1,20170125
123604311,"3,4,5-Trimethyl-6-propylnonane",,C15H32,"InChI=1S/C15H32/c1-7-10-15(11-8-2)14(6)13(5)12(4)9-3/h12-15H,7-11H2,1-6H3",CCCC(CCC)C(C)C(C)C(C)CC,CYDZKFWEQVHLCZ-UHFFFAOYSA-N,"3,4,5-trimethyl-6-propylnonane",,Patents,,IBM,Research and Development,,212.41,0.0,133,7.2,15,0,0,8,212.250397,212.250397,0,1,0,3,0,3,0,0,0,0,1,1,1,20170125
123606023,"2,4,6-Trimethyl-5-propan-2-ylnonane",,C15H32,"InChI=1S/C15H32/c1-8-9-13(6)15(12(4)5)14(7)10-11(2)3/h11-15H,8-10H2,1-7H3",CCCC(C)C(C(C)C)C(C)CC(C)C,VSODPLQUODGHIA-UHFFFAOYSA-N,"2,4,6-trimethyl-5-propan-2-ylnonane",,Patents,,IBM,Research and Development,,212.41,0.0,146,6.9,15,0,0,7,212.250397,212.250397,0,1,0,3,0,3,0,0,0,0,1,1,1,20170125
123608943,"2,3,6,7,8-Pentamethyldecane",,C15H32,"InChI=1S/C15H32/c1-8-12(4)15(7)14(6)10-9-13(5)11(2)3/h11-15H,8-10H2,1-7H3",CCC(C)C(C)C(C)CCC(C)C(C)C,DLQQMDXQUFUGNR-UHFFFAOYSA-N,"2,3,6,7,8-pentamethyldecane",,Patents,,IBM,Research and Development,,212.41,0.0,148,6.9,15,0,0,7,212.250397,212.250397,0,1,0,4,0,4,0,0,0,0,2,2,1,20170125
123610910,4-Methyl-5-propylundecane,,C15H32,"InChI=1S/C15H32/c1-5-8-9-10-13-15(12-7-3)14(4)11-6-2/h14-15H,5-13H2,1-4H3",CCCCCCC(CCC)C(C)CCC,CCRJQAVZHSNONU-UHFFFAOYSA-N,4-methyl-5-propylundecane,,Patents,,IBM,Research and Development,,212.41,0.0,117,7.8,15,0,0,10,212.250397,212.250397,0,1,0,2,0,2,0,0,0,0,1,1,1,20170125
123611286,"3,5-Diethyl-4-methyldecane",,C15H32,"InChI=1S/C15H32/c1-6-10-11-12-15(9-4)13(5)14(7-2)8-3/h13-15H,6-12H2,1-5H3",CCCCCC(CC)C(C)C(CC)CC,WIOARJJBNGIKIG-UHFFFAOYSA-N,"3,5-diethyl-4-methyldecane",,Patents,,IBM,Research and Development,,212.41,0.0,124,7.5,15,0,0,9,212.250397,212.250397,0,1,0,2,0,2,0,0,0,0,1,1,1,20170125
123616862,"2,2,3,5,5-Pentamethyl-4-propylheptane",,C15H32,"InChI=1S/C15H32/c1-9-11-13(15(7,8)10-2)12(3)14(4,5)6/h12-13H,9-11H2,1-8H3",CCCC(C(C)C(C)(C)C)C(C)(C)CC,QJNVKCFSZHCOID-UHFFFAOYSA-N,"2,2,3,5,5-pentamethyl-4-propylheptane",,Patents,,IBM,Research and Development,,212.41,0.0,171,6.9,15,0,0,6,212.250397,212.250397,0,1,0,2,0,2,0,0,0,0,1,1,1,20170125
123617405,"3,5,7-Trimethyl-5-propan-2-ylnonane",,C15H32,"InChI=1S/C15H32/c1-8-13(5)10-15(7,12(3)4)11-14(6)9-2/h12-14H,8-11H2,1-7H3",CCC(C)CC(C)(CC(C)CC)C(C)C,GUXRANJMCQQIAL-UHFFFAOYSA-N,"3,5,7-trimethyl-5-propan-2-ylnonane",,Patents,,IBM,Research and Development,,212.41,0.0,145,7.0,15,0,0,7,212.250397,212.250397,0,1,0,2,0,2,0,0,0,0,1,1,1,20170125
123617999,"3,4,5,9-Tetramethylundecane",,C15H32,"InChI=1S/C15H32/c1-7-12(3)10-9-11-14(5)15(6)13(4)8-2/h12-15H,7-11H2,1-6H3",CCC(C)CCCC(C)C(C)C(C)CC,WBGUUQTVWADWKQ-UHFFFAOYSA-N,"3,4,5,9-tetramethylundecane",,Patents,,IBM,Research and Development,,212.41,0.0,139,7.2,15,0,0,8,212.250397,212.250397,0,1,0,4,0,4,0,0,0,0,1,1,1,20170125
123619056,"3,7-Diethyl-4-methyldecane",,C15H32,"InChI=1S/C15H32/c1-6-10-14(7-2)12-11-13(5)15(8-3)9-4/h13-15H,6-12H2,1-5H3",CCCC(CC)CCC(C)C(CC)CC,TZSDEJXOQQCNMK-UHFFFAOYSA-N,"3,7-diethyl-4-methyldecane",,Patents,,IBM,Research and Development,,212.41,0.0,124,7.5,15,0,0,9,212.250397,212.250397,0,1,0,2,0,2,0,0,0,0,1,1,1,20170125
123619728,"4-Ethyl-2,8-dimethylundecane",,C15H32,"InChI=1S/C15H32/c1-6-9-14(5)10-8-11-15(7-2)12-13(3)4/h13-15H,6-12H2,1-5H3",CCCC(C)CCCC(CC)CC(C)C,ZGZSDPZPIBGHOP-UHFFFAOYSA-N,"4-ethyl-2,8-dimethylundecane",,Patents,,IBM,Research and Development,,212.41,0.0,126,7.5,15,0,0,9,212.250397,212.250397,0,1,0,2,0,2,0,0,0,0,1,1,1,20170125
123619729,"4-Tert-butyl-3,4-diethylheptane",,C15H32,"InChI=1S/C15H32/c1-8-12-15(11-4,14(5,6)7)13(9-2)10-3/h13H,8-12H2,1-7H3",CCCC(CC)(C(CC)CC)C(C)(C)C,ASIGUGBLRPBFFA-UHFFFAOYSA-N,"4-tert-butyl-3,4-diethylheptane",,Patents,,IBM,Research and Development,,212.41,0.0,159,7.2,15,0,0,7,212.250397,212.250397,0,1,0,1,0,1,0,0,0,0,1,1,1,20170125
123621747,"8-Ethyl-4,4-dimethylundecane",,C15H32,"InChI=1S/C15H32/c1-6-10-14(8-3)11-9-13-15(4,5)12-7-2/h14H,6-13H2,1-5H3",CCCC(CC)CCCC(C)(C)CCC,CFUNKJYRCDNIMK-UHFFFAOYSA-N,"8-ethyl-4,4-dimethylundecane",,Patents,,IBM,Research and Development,,212.41,0.0,135,7.6,15,0,0,9,212.250397,212.250397,0,1,0,1,0,1,0,0,0,0,1,1,1,20170125
123621829,"4,6,6-Trimethyldodecane",,C15H32,"InChI=1S/C15H32/c1-6-8-9-10-12-15(4,5)13-14(3)11-7-2/h14H,6-13H2,1-5H3",CCCCCCC(C)(C)CC(C)CCC,FQQAHQQJBPSTKK-UHFFFAOYSA-N,"4,6,6-trimethyldodecane",,Patents,,IBM,Research and Development,,212.41,0.0,135,7.6,15,0,0,9,212.250397,212.250397,0,1,0,1,0,1,0,0,0,0,1,1,1,20170125
123624139,5-Methyl-4-propan-2-ylundecane,,C15H32,"InChI=1S/C15H32/c1-6-8-9-10-12-14(5)15(11-7-2)13(3)4/h13-15H,6-12H2,1-5H3",CCCCCCC(C)C(CCC)C(C)C,PQTANPTZAHYSNR-UHFFFAOYSA-N,5-methyl-4-propan-2-ylundecane,,Patents,,IBM,Research and Development,,212.41,0.0,126,7.5,15,0,0,9,212.250397,212.250397,0,1,0,2,0,2,0,0,0,0,1,1,1,20170125
123629094,"4,6-Diethyl-5-methyldecane",,C15H32,"InChI=1S/C15H32/c1-6-10-12-15(9-4)13(5)14(8-3)11-7-2/h13-15H,6-12H2,1-5H3",CCCCC(CC)C(C)C(CC)CCC,WNAMZUNIWPHENQ-UHFFFAOYSA-N,"4,6-diethyl-5-methyldecane",,Patents,,IBM,Research and Development,,212.41,0.0,128,7.5,15,0,0,9,212.250397,212.250397,0,1,0,3,0,3,0,0,0,0,1,1,1,20170125
123630079,"2,2,3,4,4,5,5,6-Octamethylheptane",,C15H32,"InChI=1S/C15H32/c1-11(2)14(7,8)15(9,10)12(3)13(4,5)6/h11-12H,1-10H3",CC(C)C(C)(C)C(C)(C)C(C)C(C)(C)C,LSTDTEZRARUGES-UHFFFAOYSA-N,"2,2,3,4,4,5,5,6-octamethylheptane",,Patents,,IBM,Research and Development,,212.41,0.0,201,6.5,15,0,0,4,212.250397,212.250397,0,1,0,1,0,1,0,0,0,0,1,1,1,20170125
123630697,"2,4,6,7,8-Pentamethyldecane",,C15H32,"InChI=1S/C15H32/c1-8-13(5)15(7)14(6)10-12(4)9-11(2)3/h11-15H,8-10H2,1-7H3",CCC(C)C(C)C(C)CC(C)CC(C)C,KZFRBUDVSHQDPP-UHFFFAOYSA-N,"2,4,6,7,8-pentamethyldecane",,Patents,,IBM,Research and Development,,212.41,0.0,148,6.9,15,0,0,7,212.250397,212.250397,0,1,0,4,0,4,0,0,0,0,1,1,1,20170125
123630723,"3,4-Diethyl-4,5,5-trimethyloctane",,C15H32,"InChI=1S/C15H32/c1-8-12-14(5,6)15(7,11-4)13(9-2)10-3/h13H,8-12H2,1-7H3",CCCC(C)(C)C(C)(CC)C(CC)CC,STVSMALYODWWGQ-UHFFFAOYSA-N,"3,4-diethyl-4,5,5-trimethyloctane",,Patents,,IBM,Research and Development,,212.41,0.0,165,7.2,15,0,0,7,212.250397,212.250397,0,1,0,1,0,1,0,0,0,0,1,1,1,20170125
123630998,"4-Ethyl-3,3,5,5,6-pentamethyloctane",,C15H32,"InChI=1S/C15H32/c1-9-12(4)15(7,8)13(10-2)14(5,6)11-3/h12-13H,9-11H2,1-8H3",CCC(C)C(C)(C)C(CC)C(C)(C)CC,PVCHRYNAWLSLDV-UHFFFAOYSA-N,"4-ethyl-3,3,5,5,6-pentamethyloctane",,Patents,,IBM,Research and Development,,212.41,0.0,176,6.9,15,0,0,6,212.250397,212.250397,0,1,0,2,0,2,0,0,0,0,1,1,1,20170125
123631237,"2,5,7-Trimethyl-4-propan-2-ylnonane",,C15H32,"InChI=1S/C15H32/c1-8-13(6)10-14(7)15(12(4)5)9-11(2)3/h11-15H,8-10H2,1-7H3",CCC(C)CC(C)C(CC(C)C)C(C)C,OFMYKJHPRGCRQV-UHFFFAOYSA-N,"2,5,7-trimethyl-4-propan-2-ylnonane",,Patents,,IBM,Research and Development,,212.41,0.0,146,6.9,15,0,0,7,212.250397,212.250397,0,1,0,3,0,3,0,0,0,0,1,1,1,20170125
123632021,4-Methyl-7-propan-2-ylundecane,,C15H32,"InChI=1S/C15H32/c1-6-8-10-15(13(3)4)12-11-14(5)9-7-2/h13-15H,6-12H2,1-5H3",CCCCC(CCC(C)CCC)C(C)C,ZJKCTQYSLHDMGB-UHFFFAOYSA-N,4-methyl-7-propan-2-ylundecane,,Patents,,IBM,Research and Development,,212.41,0.0,126,7.5,15,0,0,9,212.250397,212.250397,0,1,0,2,0,2,0,0,0,0,1,1,1,20170125
123633312,3-Methyl-6-propylundecane,,C15H32,"InChI=1S/C15H32/c1-5-8-9-11-15(10-6-2)13-12-14(4)7-3/h14-15H,5-13H2,1-4H3",CCCCCC(CCC)CCC(C)CC,CUEIWZOETBAHOX-UHFFFAOYSA-N,3-methyl-6-propylundecane,,Patents,,IBM|PATENTSCOPE (WIPO),Governmental Organizations|Research and Development,,212.41,0.0,117,7.8,15,0,0,10,212.250397,212.250397,0,1,0,2,0,2,0,0,0,0,1,1,1,20170125
123634677,"4,6,7,7-Tetramethylundecane",,C15H32,"InChI=1S/C15H32/c1-7-9-11-15(5,6)14(4)12-13(3)10-8-2/h13-14H,7-12H2,1-6H3",CCCCC(C)(C)C(C)CC(C)CCC,KHCJSCJPGJBCRD-UHFFFAOYSA-N,"4,6,7,7-tetramethylundecane",,Patents,,IBM,Research and Development,,212.41,0.0,146,7.3,15,0,0,8,212.250397,212.250397,0,1,0,2,0,2,0,0,0,0,1,1,1,20170125
123639951,"4-Ethyl-3,3,5,6,6-pentamethyloctane",,C15H32,"InChI=1S/C15H32/c1-9-13(15(7,8)11-3)12(4)14(5,6)10-2/h12-13H,9-11H2,1-8H3",CCC(C(C)C(C)(C)CC)C(C)(C)CC,GVNOVAJIEHOHNP-UHFFFAOYSA-N,"4-ethyl-3,3,5,6,6-pentamethyloctane",,Patents,,IBM,Research and Development,,212.41,0.0,176,6.9,15,0,0,6,212.250397,212.250397,0,1,0,2,0,2,0,0,0,0,1,1,1,20170125
123640318,"2,3,5-Trimethyldodecane",,C15H32,"InChI=1S/C15H32/c1-6-7-8-9-10-11-14(4)12-15(5)13(2)3/h13-15H,6-12H2,1-5H3",CCCCCCCC(C)CC(C)C(C)C,KSPDTXDGXDQWMT-UHFFFAOYSA-N,"2,3,5-trimethyldodecane",,Patents,,IBM,Research and Development,,212.41,0.0,126,7.5,15,0,0,9,212.250397,212.250397,0,1,0,2,0,2,0,0,0,0,4,4,1,20170125
123642694,"3,4,6,7-Tetramethylundecane",,C15H32,"InChI=1S/C15H32/c1-7-9-10-13(4)15(6)11-14(5)12(3)8-2/h12-15H,7-11H2,1-6H3",CCCCC(C)C(C)CC(C)C(C)CC,KHAUUXOJTHTEMU-UHFFFAOYSA-N,"3,4,6,7-tetramethylundecane",,Patents,,IBM,Research and Development,,212.41,0.0,139,7.2,15,0,0,8,212.250397,212.250397,0,1,0,4,0,4,0,0,0,0,2,2,1,20170125
123643889,5-Butyl-6-methyldecane,SCHEMBL9119419,C15H32,"InChI=1S/C15H32/c1-5-8-11-14(4)15(12-9-6-2)13-10-7-3/h14-15H,5-13H2,1-4H3",CCCCC(C)C(CCCC)CCCC,SVIBPLNCTKRFCW-UHFFFAOYSA-N,5-butyl-6-methyldecane,,Patents,,IBM|SureChEMBL,Curation Efforts|Research and Development,,212.41,0.0,109,7.8,15,0,0,10,212.250397,212.250397,0,1,0,1,0,1,0,0,0,0,3,3,1,20170125
123646060,4-Ethyl-3-methyl-5-propan-2-ylnonane,,C15H32,"InChI=1S/C15H32/c1-7-10-11-15(12(4)5)14(9-3)13(6)8-2/h12-15H,7-11H2,1-6H3",CCCCC(C(C)C)C(CC)C(C)CC,RASGUZVRGVYAKV-UHFFFAOYSA-N,4-ethyl-3-methyl-5-propan-2-ylnonane,,Patents,,IBM,Research and Development,,212.41,0.0,137,7.2,15,0,0,8,212.250397,212.250397,0,1,0,3,0,3,0,0,0,0,1,1,1,20170125
123646273,"4,5-Diethyl-5-methyldecane",,C15H32,"InChI=1S/C15H32/c1-6-10-11-13-15(5,9-4)14(8-3)12-7-2/h14H,6-13H2,1-5H3",CCCCCC(C)(CC)C(CC)CCC,SQRCSOTYAOURGI-UHFFFAOYSA-N,"4,5-diethyl-5-methyldecane",,Patents,,IBM,Research and Development,,212.41,0.0,139,7.6,15,0,0,9,212.250397,212.250397,0,1,0,2,0,2,0,0,0,0,1,1,1,20170125
123648141,"5-Ethyl-2,6,7-trimethyldecane",,C15H32,"InChI=1S/C15H32/c1-7-9-13(5)14(6)15(8-2)11-10-12(3)4/h12-15H,7-11H2,1-6H3",CCCC(C)C(C)C(CC)CCC(C)C,LYSJJJIPOWEZKG-UHFFFAOYSA-N,"5-ethyl-2,6,7-trimethyldecane",,Patents,,IBM,Research and Development,,212.41,0.0,137,7.2,15,0,0,8,212.250397,212.250397,0,1,0,3,0,3,0,0,0,0,1,1,1,20170125
123649827,"2,3,3,4,9-Pentamethyldecane",,C15H32,"InChI=1S/C15H32/c1-12(2)10-8-9-11-14(5)15(6,7)13(3)4/h12-14H,8-11H2,1-7H3",CC(C)CCCCC(C)C(C)(C)C(C)C,HQFKMLFYEMMTJI-UHFFFAOYSA-N,"2,3,3,4,9-pentamethyldecane",,Patents,,IBM,Research and Development,,212.41,0.0,153,7.0,15,0,0,7,212.250397,212.250397,0,1,0,1,0,1,0,0,0,0,1,1,1,20170125
123650731,"3,4,5-Triethyl-2,6-dimethylheptane",,C15H32,"InChI=1S/C15H32/c1-8-13(11(4)5)15(10-3)14(9-2)12(6)7/h11-15H,8-10H2,1-7H3",CCC(C(C)C)C(CC)C(CC)C(C)C,HPNRGKYKSVOOQR-UHFFFAOYSA-N,"3,4,5-triethyl-2,6-dimethylheptane",,Patents,,IBM|PATENTSCOPE (WIPO),Governmental Organizations|Research and Development,,212.41,0.0,130,6.9,15,0,0,7,212.250397,212.250397,0,1,0,2,0,2,0,0,0,0,1,1,1,20170125
123652649,8-Ethyl-4-methyldodecane,SCHEMBL19072154,C15H32,"InChI=1S/C15H32/c1-5-8-12-15(7-3)13-9-11-14(4)10-6-2/h14-15H,5-13H2,1-4H3",CCCCC(CC)CCCC(C)CCC,IKXSUQHMGYSVQV-UHFFFAOYSA-N,8-ethyl-4-methyldodecane,,Patents,,IBM|PATENTSCOPE (WIPO)|SureChEMBL,Curation Efforts|Governmental Organizations|Research and Development,,212.41,0.0,117,7.8,15,0,0,10,212.250397,212.250397,0,1,0,2,0,2,0,0,0,0,3,3,1,20170125
123652833,"4-Ethyl-6,8-dimethylundecane",,C15H32,"InChI=1S/C15H32/c1-6-9-13(4)11-14(5)12-15(8-3)10-7-2/h13-15H,6-12H2,1-5H3",CCCC(C)CC(C)CC(CC)CCC,AIXJQHCYZZNMMX-UHFFFAOYSA-N,"4-ethyl-6,8-dimethylundecane",,Patents,,IBM|PATENTSCOPE (WIPO),Governmental Organizations|Research and Development,,212.41,0.0,128,7.5,15,0,0,9,212.250397,212.250397,0,1,0,3,0,3,0,0,0,0,1,1,1,20170125
123656044,"4-Ethyl-3,9-dimethylundecane",,C15H32,"InChI=1S/C15H32/c1-6-13(4)11-9-10-12-15(8-3)14(5)7-2/h13-15H,6-12H2,1-5H3",CCC(C)CCCCC(CC)C(C)CC,GPHQFJYQEFXAMT-UHFFFAOYSA-N,"4-ethyl-3,9-dimethylundecane",,Patents,,IBM,Research and Development,,212.41,0.0,128,7.5,15,0,0,9,212.250397,212.250397,0,1,0,3,0,3,0,0,0,0,1,1,1,20170125
123658976,10-Ethyl-2-methyldodecane,,C15H32,"InChI=1S/C15H32/c1-5-15(6-2)13-11-9-7-8-10-12-14(3)4/h14-15H,5-13H2,1-4H3",CCC(CC)CCCCCCCC(C)C,OPBRNFOPUZGMAB-UHFFFAOYSA-N,10-ethyl-2-methyldodecane,,Patents,,IBM,Research and Development,,212.41,0.0,111,7.8,15,0,0,10,212.250397,212.250397,0,1,0,0,0,0,0,0,0,0,1,1,1,20170125
123662557,"3-Ethyl-2,2,4,5-tetramethyl-3-propan-2-ylhexane",,C15H32,"InChI=1S/C15H32/c1-10-15(12(4)5,14(7,8)9)13(6)11(2)3/h11-13H,10H2,1-9H3",CCC(C(C)C)(C(C)C(C)C)C(C)(C)C,XXFADXLAHZTXGJ-UHFFFAOYSA-N,"3-ethyl-2,2,4,5-tetramethyl-3-propan-2-ylhexane",,Patents,,IBM,Research and Development,,212.41,0.0,183,6.6,15,0,0,5,212.250397,212.250397,0,1,0,2,0,2,0,0,0,0,1,1,1,20170125
123662590,"2,3,4,6-Tetramethylundecane",,C15H32,"InChI=1S/C15H32/c1-7-8-9-10-13(4)11-14(5)15(6)12(2)3/h12-15H,7-11H2,1-6H3",CCCCCC(C)CC(C)C(C)C(C)C,KSBADMPHXPXXOJ-UHFFFAOYSA-N,"2,3,4,6-tetramethylundecane",,Patents,,IBM,Research and Development,,212.41,0.0,137,7.2,15,0,0,8,212.250397,212.250397,0,1,0,3,0,3,0,0,0,0,2,2,1,20170125
123663016,"2,5,8,9-Tetramethylundecane",,C15H32,"InChI=1S/C15H32/c1-7-14(5)15(6)11-10-13(4)9-8-12(2)3/h12-15H,7-11H2,1-6H3",CCC(C)C(C)CCC(C)CCC(C)C,FEQZFPPQUPGWGR-UHFFFAOYSA-N,"2,5,8,9-tetramethylundecane",,Patents,,IBM,Research and Development,,212.41,0.0,137,7.2,15,0,0,8,212.250397,212.250397,0,1,0,3,0,3,0,0,0,0,2,2,1,20170125
123663054,"2,4-Dimethyl-5-propyldecane",,C15H32,"InChI=1S/C15H32/c1-6-8-9-11-15(10-7-2)14(5)12-13(3)4/h13-15H,6-12H2,1-5H3",CCCCCC(CCC)C(C)CC(C)C,JRVWHLLFQHCEMA-UHFFFAOYSA-N,"2,4-dimethyl-5-propyldecane",,Patents,,IBM,Research and Development,,212.41,0.0,126,7.5,15,0,0,9,212.250397,212.250397,0,1,0,2,0,2,0,0,0,0,1,1,1,20170125
123664830,"4,5-Diethyl-3,7-dimethylnonane",,C15H32,"InChI=1S/C15H32/c1-7-12(5)11-14(9-3)15(10-4)13(6)8-2/h12-15H,7-11H2,1-6H3",CCC(C)CC(CC)C(CC)C(C)CC,VQCIZLNLQHGBOZ-UHFFFAOYSA-N,"4,5-diethyl-3,7-dimethylnonane",,Patents,,IBM,Research and Development,,212.41,0.0,139,7.2,15,0,0,8,212.250397,212.250397,0,1,0,4,0,4,0,0,0,0,2,2,1,20170125
123665887,"4-Ethyl-3,3,4,5-tetramethylnonane",,C15H32,"InChI=1S/C15H32/c1-8-11-12-13(4)15(7,10-3)14(5,6)9-2/h13H,8-12H2,1-7H3",CCCCC(C)C(C)(CC)C(C)(C)CC,ACEUYSOWWOQAAM-UHFFFAOYSA-N,"4-ethyl-3,3,4,5-tetramethylnonane",,Patents,,IBM,Research and Development,,212.41,0.0,169,7.2,15,0,0,7,212.250397,212.250397,0,1,0,2,0,2,0,0,0,0,1,1,1,20170125
123666936,"5,7-Diethyl-2,6-dimethylnonane",,C15H32,"InChI=1S/C15H32/c1-7-14(8-2)13(6)15(9-3)11-10-12(4)5/h12-15H,7-11H2,1-6H3",CCC(CC)C(C)C(CC)CCC(C)C,HCYWSMFEFUISPC-UHFFFAOYSA-N,"5,7-diethyl-2,6-dimethylnonane",,Patents,,IBM|PATENTSCOPE (WIPO),Governmental Organizations|Research and Development,,212.41,0.0,133,7.2,15,0,0,8,212.250397,212.250397,0,1,0,2,0,2,0,0,0,0,1,1,1,20170125
123668028,"3,3,5,8-Tetramethylundecane",,C15H32,"InChI=1S/C15H32/c1-7-9-13(3)10-11-14(4)12-15(5,6)8-2/h13-14H,7-12H2,1-6H3",CCCC(C)CCC(C)CC(C)(C)CC,HOVRBPOUGRNMFO-UHFFFAOYSA-N,"3,3,5,8-tetramethylundecane",,Patents,,IBM,Research and Development,,212.41,0.0,146,7.3,15,0,0,8,212.250397,212.250397,0,1,0,2,0,2,0,0,0,0,1,1,1,20170125
123668414,2-Methyl-7-propan-2-ylundecane,,C15H32,"InChI=1S/C15H32/c1-6-7-11-15(14(4)5)12-9-8-10-13(2)3/h13-15H,6-12H2,1-5H3",CCCCC(CCCCC(C)C)C(C)C,CEHBXPCKEGUBAU-UHFFFAOYSA-N,2-methyl-7-propan-2-ylundecane,,Patents,,IBM,Research and Development,,212.41,0.0,124,7.5,15,0,0,9,212.250397,212.250397,0,1,0,1,0,1,0,0,0,0,2,2,1,20170125
123668795,"2,2,4,7-Tetramethylundecane",,C15H32,"InChI=1S/C15H32/c1-7-8-9-13(2)10-11-14(3)12-15(4,5)6/h13-14H,7-12H2,1-6H3",CCCCC(C)CCC(C)CC(C)(C)C,VNOJGBIPDYXFRU-UHFFFAOYSA-N,"2,2,4,7-tetramethylundecane",,Patents,,IBM,Research and Development,,212.41,0.0,141,7.3,15,0,0,8,212.250397,212.250397,0,1,0,2,0,2,0,0,0,0,1,1,1,20170125
123669575,"4-Tert-butyl-3-ethyl-3,5-dimethylheptane",,C15H32,"InChI=1S/C15H32/c1-9-12(4)13(14(5,6)7)15(8,10-2)11-3/h12-13H,9-11H2,1-8H3",CCC(C)C(C(C)(C)C)C(C)(CC)CC,XFIWCKOFBDASOV-UHFFFAOYSA-N,"4-tert-butyl-3-ethyl-3,5-dimethylheptane",,Patents,,IBM,Research and Development,,212.41,0.0,169,6.9,15,0,0,6,212.250397,212.250397,0,1,0,2,0,2,0,0,0,0,2,2,1,20170125
123669950,"2,2,5,6,6,8-Hexamethylnonane",,C15H32,"InChI=1S/C15H32/c1-12(2)11-15(7,8)13(3)9-10-14(4,5)6/h12-13H,9-11H2,1-8H3",CC(C)CC(C)(C)C(C)CCC(C)(C)C,CCWVILSDKNDHDK-UHFFFAOYSA-N,"2,2,5,6,6,8-hexamethylnonane",,Patents,,IBM,Research and Development,,212.41,0.0,169,6.9,15,0,0,6,212.250397,212.250397,0,1,0,1,0,1,0,0,0,0,1,1,1,20170125
123670135,"3-Ethyl-2,5-dimethyl-4-propan-2-yloctane",,C15H32,"InChI=1S/C15H32/c1-8-10-13(7)15(12(5)6)14(9-2)11(3)4/h11-15H,8-10H2,1-7H3",CCCC(C)C(C(C)C)C(CC)C(C)C,QPTZKWDKGSFHKE-UHFFFAOYSA-N,"3-ethyl-2,5-dimethyl-4-propan-2-yloctane",,Patents,,IBM,Research and Development,,212.41,0.0,146,6.9,15,0,0,7,212.250397,212.250397,0,1,0,3,0,3,0,0,0,0,1,1,1,20170125
123671313,"4-Ethyl-3,5-dimethylundecane",,C15H32,"InChI=1S/C15H32/c1-6-9-10-11-12-14(5)15(8-3)13(4)7-2/h13-15H,6-12H2,1-5H3",CCCCCCC(C)C(CC)C(C)CC,YZXJFVLNUAYSJP-UHFFFAOYSA-N,"4-ethyl-3,5-dimethylundecane",,Patents,,IBM,Research and Development,,212.41,0.0,128,7.5,15,0,0,9,212.250397,212.250397,0,1,0,3,0,3,0,0,0,0,1,1,1,20170125
123673016,"2,4,5,5,6-Pentamethyldecane",,C15H32,"InChI=1S/C15H32/c1-8-9-10-13(4)15(6,7)14(5)11-12(2)3/h12-14H,8-11H2,1-7H3",CCCCC(C)C(C)(C)C(C)CC(C)C,ZWVHSASPKQHSDC-UHFFFAOYSA-N,"2,4,5,5,6-pentamethyldecane",,Patents,,IBM,Research and Development,,212.41,0.0,155,7.0,15,0,0,7,212.250397,212.250397,0,1,0,2,0,2,0,0,0,0,1,1,1,20170125
123674257,"2,4,6,10-Tetramethylundecane",,C15H32,"InChI=1S/C15H32/c1-12(2)8-7-9-14(5)11-15(6)10-13(3)4/h12-15H,7-11H2,1-6H3",CC(C)CCCC(C)CC(C)CC(C)C,NWJLXPRFDQDZIT-UHFFFAOYSA-N,"2,4,6,10-tetramethylundecane",,Patents,,IBM,Research and Development,,212.41,0.0,135,7.2,15,0,0,8,212.250397,212.250397,0,1,0,2,0,2,0,0,0,0,1,1,1,20170125
123674904,"4,5-Diethyl-3,5-dimethylnonane",,C15H32,"InChI=1S/C15H32/c1-7-11-12-15(6,10-4)14(9-3)13(5)8-2/h13-14H,7-12H2,1-6H3",CCCCC(C)(CC)C(CC)C(C)CC,WWTZYEZSYYDAEZ-UHFFFAOYSA-N,"4,5-diethyl-3,5-dimethylnonane",,Patents,,IBM,Research and Development,,212.41,0.0,150,7.3,15,0,0,8,212.250397,212.250397,0,1,0,3,0,3,0,0,0,0,1,1,1,20170125
123676283,"3-Ethyl-2,2,4,5,6-pentamethyloctane",,C15H32,"InChI=1S/C15H32/c1-9-11(3)12(4)13(5)14(10-2)15(6,7)8/h11-14H,9-10H2,1-8H3",CCC(C)C(C)C(C)C(CC)C(C)(C)C,PVFBAUBZFNRIHE-UHFFFAOYSA-N,"3-ethyl-2,2,4,5,6-pentamethyloctane",,Patents,,IBM,Research and Development,,212.41,0.0,163,6.7,15,0,0,6,212.250397,212.250397,0,1,0,4,0,4,0,0,0,0,1,1,1,20170125
123676422,"2,3,3,4,5,5,7-Heptamethyloctane",,C15H32,"InChI=1S/C15H32/c1-11(2)10-14(6,7)13(5)15(8,9)12(3)4/h11-13H,10H2,1-9H3",CC(C)CC(C)(C)C(C)C(C)(C)C(C)C,GVUBTHCMWPRQRE-UHFFFAOYSA-N,"2,3,3,4,5,5,7-heptamethyloctane",,Patents,,IBM,Research and Development,,212.41,0.0,184,6.6,15,0,0,5,212.250397,212.250397,0,1,0,1,0,1,0,0,0,0,2,2,1,20170125
123676752,"2,3,4,7,8-Pentamethyldecane",,C15H32,"InChI=1S/C15H32/c1-8-12(4)13(5)9-10-14(6)15(7)11(2)3/h11-15H,8-10H2,1-7H3",CCC(C)C(C)CCC(C)C(C)C(C)C,HXMVHEZFBHNKDV-UHFFFAOYSA-N,"2,3,4,7,8-pentamethyldecane",,Patents,,IBM,Research and Development,,212.41,0.0,148,6.9,15,0,0,7,212.250397,212.250397,0,1,0,4,0,4,0,0,0,0,1,1,1,20170125
123678603,"3,5,6-Trimethyl-6-propylnonane",,C15H32,"InChI=1S/C15H32/c1-7-10-15(6,11-8-2)14(5)12-13(4)9-3/h13-14H,7-12H2,1-6H3",CCCC(C)(CCC)C(C)CC(C)CC,QMXOHSFZSUSEDF-UHFFFAOYSA-N,"3,5,6-trimethyl-6-propylnonane",,Patents,,IBM,Research and Development,,212.41,0.0,142,7.3,15,0,0,8,212.250397,212.250397,0,1,0,2,0,2,0,0,0,0,1,1,1,20170125
123678921,"2,6,8-Trimethyldodecane",,C15H32,"InChI=1S/C15H32/c1-6-7-10-14(4)12-15(5)11-8-9-13(2)3/h13-15H,6-12H2,1-5H3",CCCCC(C)CC(C)CCCC(C)C,YSIOJODZFXNRMQ-UHFFFAOYSA-N,"2,6,8-trimethyldodecane",,Patents,,IBM,Research and Development,,212.41,0.0,126,7.5,15,0,0,9,212.250397,212.250397,0,1,0,2,0,2,0,0,0,0,1,1,1,20170125
123682166,"2,8-Dimethyl-5-propan-2-yldecane",,C15H32,"InChI=1S/C15H32/c1-7-14(6)9-11-15(13(4)5)10-8-12(2)3/h12-15H,7-11H2,1-6H3",CCC(C)CCC(CCC(C)C)C(C)C,QHQHQDWEDBMWIU-UHFFFAOYSA-N,"2,8-dimethyl-5-propan-2-yldecane",,Patents,,IBM,Research and Development,,212.41,0.0,135,7.2,15,0,0,8,212.250397,212.250397,0,1,0,2,0,2,0,0,0,0,1,1,1,20170125
123682741,"3,3,5,5,6-Pentamethyldecane",,C15H32,"InChI=1S/C15H32/c1-8-10-11-13(3)15(6,7)12-14(4,5)9-2/h13H,8-12H2,1-7H3",CCCCC(C)C(C)(C)CC(C)(C)CC,OVAYKWFZYYBMJQ-UHFFFAOYSA-N,"3,3,5,5,6-pentamethyldecane",,Patents,,IBM,Research and Development,,212.41,0.0,165,7.2,15,0,0,7,212.250397,212.250397,0,1,0,1,0,1,0,0,0,0,2,2,1,20170125
123685364,"3-Ethyl-2,3,5,7-tetramethylnonane",,C15H32,"InChI=1S/C15H32/c1-8-13(5)10-14(6)11-15(7,9-2)12(3)4/h12-14H,8-11H2,1-7H3",CCC(C)CC(C)CC(C)(CC)C(C)C,HJASLAMGGBHIHK-UHFFFAOYSA-N,"3-ethyl-2,3,5,7-tetramethylnonane",,Patents,,IBM,Research and Development,,212.41,0.0,159,7.0,15,0,0,7,212.250397,212.250397,0,1,0,3,0,3,0,0,0,0,1,1,1,20170125
123685550,"4,8-Diethyl-2-methyldecane",,C15H32,"InChI=1S/C15H32/c1-6-14(7-2)10-9-11-15(8-3)12-13(4)5/h13-15H,6-12H2,1-5H3",CCC(CC)CCCC(CC)CC(C)C,RAFRWNJFGQCFTE-UHFFFAOYSA-N,"4,8-diethyl-2-methyldecane",,Patents,,IBM,Research and Development,,212.41,0.0,122,7.5,15,0,0,9,212.250397,212.250397,0,1,0,1,0,1,0,0,0,0,1,1,1,20170125
123686477,"3-Ethyl-2,3,8-trimethyldecane",,C15H32,"InChI=1S/C15H32/c1-7-14(5)11-9-10-12-15(6,8-2)13(3)4/h13-14H,7-12H2,1-6H3",CCC(C)CCCCC(C)(CC)C(C)C,SDNQOKFXOOCCHE-UHFFFAOYSA-N,"3-ethyl-2,3,8-trimethyldecane",,Patents,,IBM,Research and Development,,212.41,0.0,148,7.3,15,0,0,8,212.250397,212.250397,0,1,0,2,0,2,0,0,0,0,2,2,1,20170125
123686954,"3,3,4,6-Tetramethyl-4-propan-2-yloctane",,C15H32,"InChI=1S/C15H32/c1-9-13(5)11-15(8,12(3)4)14(6,7)10-2/h12-13H,9-11H2,1-8H3",CCC(C)CC(C)(C(C)C)C(C)(C)CC,PHRSKXZLBKJRFG-UHFFFAOYSA-N,"3,3,4,6-tetramethyl-4-propan-2-yloctane",,Patents,,IBM,Research and Development,,212.41,0.0,178,6.9,15,0,0,6,212.250397,212.250397,0,1,0,2,0,2,0,0,0,0,1,1,1,20170125
123687472,3-Ethyl-6-methyl-5-propan-2-ylnonane,,C15H32,"InChI=1S/C15H32/c1-7-10-13(6)15(12(4)5)11-14(8-2)9-3/h12-15H,7-11H2,1-6H3",CCCC(C)C(CC(CC)CC)C(C)C,ULMOSSBBAKQCCR-UHFFFAOYSA-N,3-ethyl-6-methyl-5-propan-2-ylnonane,,Patents,,IBM,Research and Development,,212.41,0.0,133,7.2,15,0,0,8,212.250397,212.250397,0,1,0,2,0,2,0,0,0,0,1,1,1,20170125
123687597,"4,4-Diethyl-7-methyldecane",,C15H32,"InChI=1S/C15H32/c1-6-10-14(5)11-13-15(8-3,9-4)12-7-2/h14H,6-13H2,1-5H3",CCCC(C)CCC(CC)(CC)CCC,BPTXTMUFMRFFQV-UHFFFAOYSA-N,"4,4-diethyl-7-methyldecane",,Patents,,IBM,Research and Development,,212.41,0.0,133,7.6,15,0,0,9,212.250397,212.250397,0,1,0,1,0,1,0,0,0,0,1,1,1,20170125
123689192,8-Ethyl-2-methyldodecane,,C15H32,"InChI=1S/C15H32/c1-5-7-12-15(6-2)13-10-8-9-11-14(3)4/h14-15H,5-13H2,1-4H3",CCCCC(CC)CCCCCC(C)C,ZVDFRYDWOUHDKL-UHFFFAOYSA-N,8-ethyl-2-methyldodecane,,Patents,,IBM,Research and Development,,212.41,0.0,115,7.8,15,0,0,10,212.250397,212.250397,0,1,0,1,0,1,0,0,0,0,2,2,1,20170125
123692467,"5-Ethyl-3,4-dimethylundecane",,C15H32,"InChI=1S/C15H32/c1-6-9-10-11-12-15(8-3)14(5)13(4)7-2/h13-15H,6-12H2,1-5H3",CCCCCCC(CC)C(C)C(C)CC,SKXLFSJTBRGFHA-UHFFFAOYSA-N,"5-ethyl-3,4-dimethylundecane",,Patents,,IBM,Research and Development,,212.41,0.0,128,7.5,15,0,0,9,212.250397,212.250397,0,1,0,3,0,3,0,0,0,0,2,2,1,20170125
123692636,"2,3,5,6-Tetramethyl-4-propyloctane",,C15H32,"InChI=1S/C15H32/c1-8-10-15(13(6)11(3)4)14(7)12(5)9-2/h11-15H,8-10H2,1-7H3",CCCC(C(C)C(C)C)C(C)C(C)CC,WYHYKUAXQHCTIR-UHFFFAOYSA-N,"2,3,5,6-tetramethyl-4-propyloctane",,Patents,,IBM,Research and Development,,212.41,0.0,148,6.9,15,0,0,7,212.250397,212.250397,0,1,0,4,0,4,0,0,0,0,1,1,1,20170125
123693106,"2,2,4,4,5,7,7-Heptamethyloctane",,C15H32,"InChI=1S/C15H32/c1-12(10-13(2,3)4)15(8,9)11-14(5,6)7/h12H,10-11H2,1-9H3",CC(CC(C)(C)C)C(C)(C)CC(C)(C)C,FSIBJIDJNMZKDN-UHFFFAOYSA-N,"2,2,4,4,5,7,7-heptamethyloctane",,Patents,,IBM,Research and Development,,212.41,0.0,185,6.7,15,0,0,5,212.250397,212.250397,0,1,0,1,0,1,0,0,0,0,1,1,1,20170125
123693166,"2,2,7,8,9-Pentamethyldecane",,C15H32,"InChI=1S/C15H32/c1-12(2)14(4)13(3)10-8-9-11-15(5,6)7/h12-14H,8-11H2,1-7H3",CC(C)C(C)C(C)CCCCC(C)(C)C,FKPUDJPLSCKXOI-UHFFFAOYSA-N,"2,2,7,8,9-pentamethyldecane",,Patents,,IBM,Research and Development,,212.41,0.0,150,7.0,15,0,0,7,212.250397,212.250397,0,1,0,2,0,2,0,0,0,0,1,1,1,20170125
123693293,"3,3,5,6,6,7-Hexamethylnonane",,C15H32,"InChI=1S/C15H32/c1-9-12(3)15(7,8)13(4)11-14(5,6)10-2/h12-13H,9-11H2,1-8H3",CCC(C)C(C)(C)C(C)CC(C)(C)CC,TYMUZRQKUAXGPX-UHFFFAOYSA-N,"3,3,5,6,6,7-hexamethylnonane",,Patents,,IBM,Research and Development,,212.41,0.0,176,6.9,15,0,0,6,212.250397,212.250397,0,1,0,2,0,2,0,0,0,0,1,1,1,20170125
123694100,"3,3,4,8,8-Pentamethyldecane",,C15H32,"InChI=1S/C15H32/c1-8-14(4,5)12-10-11-13(3)15(6,7)9-2/h13H,8-12H2,1-7H3",CCC(C)(C)CCCC(C)C(C)(C)CC,XKPHWCXZQHRMDA-UHFFFAOYSA-N,"3,3,4,8,8-pentamethyldecane",,Patents,,IBM,Research and Development,,212.41,0.0,165,7.2,15,0,0,7,212.250397,212.250397,0,1,0,1,0,1,0,0,0,0,1,1,1,20170125
123694430,"4-Ethyl-3,8-dimethylundecane",,C15H32,"InChI=1S/C15H32/c1-6-10-13(4)11-9-12-15(8-3)14(5)7-2/h13-15H,6-12H2,1-5H3",CCCC(C)CCCC(CC)C(C)CC,CKVCJHNCLPSCSR-UHFFFAOYSA-N,"4-ethyl-3,8-dimethylundecane",,Patents,,IBM,Research and Development,,212.41,0.0,128,7.5,15,0,0,9,212.250397,212.250397,0,1,0,3,0,3,0,0,0,0,1,1,1,20170125
123695019,6-Butyl-2-methyldecane,,C15H32,"InChI=1S/C15H32/c1-5-7-11-15(12-8-6-2)13-9-10-14(3)4/h14-15H,5-13H2,1-4H3",CCCCC(CCCC)CCCC(C)C,IEINTHNFFLJYJB-UHFFFAOYSA-N,6-butyl-2-methyldecane,,Patents,,IBM,Research and Development,,212.41,0.0,107,7.8,15,0,0,10,212.250397,212.250397,0,1,0,0,0,0,0,0,0,0,1,1,1,20170125
123695710,"3,4-Dimethyl-4-propyldecane",,C15H32,"InChI=1S/C15H32/c1-6-9-10-11-13-15(5,12-7-2)14(4)8-3/h14H,6-13H2,1-5H3",CCCCCCC(C)(CCC)C(C)CC,CQEHTRGOGVNADB-UHFFFAOYSA-N,"3,4-dimethyl-4-propyldecane",,Patents,,IBM,Research and Development,,212.41,0.0,139,7.6,15,0,0,9,212.250397,212.250397,0,1,0,2,0,2,0,0,0,0,1,1,1,20170125
123697329,6-Ethyl-3-methyl-5-propan-2-ylnonane,,C15H32,"InChI=1S/C15H32/c1-7-10-14(9-3)15(12(4)5)11-13(6)8-2/h12-15H,7-11H2,1-6H3",CCCC(CC)C(CC(C)CC)C(C)C,JTRDHCNICJTFAE-UHFFFAOYSA-N,6-ethyl-3-methyl-5-propan-2-ylnonane,,Patents,,IBM,Research and Development,,212.41,0.0,137,7.2,15,0,0,8,212.250397,212.250397,0,1,0,3,0,3,0,0,0,0,1,1,1,20170125
123697602,"3,8-Dimethyl-5-propyldecane",,C15H32,"InChI=1S/C15H32/c1-6-9-15(12-14(5)8-3)11-10-13(4)7-2/h13-15H,6-12H2,1-5H3",CCCC(CCC(C)CC)CC(C)CC,ICZBEZZELGRQBD-UHFFFAOYSA-N,"3,8-dimethyl-5-propyldecane",,Patents,,IBM,Research and Development,,212.41,0.0,128,7.5,15,0,0,9,212.250397,212.250397,0,1,0,3,0,3,0,0,0,0,1,1,1,20170125
123698711,"6-Ethyl-2,4,5,6-tetramethylnonane",,C15H32,"InChI=1S/C15H32/c1-8-10-15(7,9-2)14(6)13(5)11-12(3)4/h12-14H,8-11H2,1-7H3",CCCC(C)(CC)C(C)C(C)CC(C)C,YZBCUPTUBCNFFC-UHFFFAOYSA-N,"6-ethyl-2,4,5,6-tetramethylnonane",,Patents,,IBM,Research and Development,,212.41,0.0,159,7.0,15,0,0,7,212.250397,212.250397,0,1,0,3,0,3,0,0,0,0,1,1,1,20170125
123699569,5-Ethyl-6-propan-2-yldecane,SCHEMBL11026299,C15H32,"InChI=1S/C15H32/c1-6-9-11-14(8-3)15(13(4)5)12-10-7-2/h13-15H,6-12H2,1-5H3",CCCCC(CC)C(CCCC)C(C)C,RJIWTFQFFUURKF-UHFFFAOYSA-N,5-ethyl-6-propan-2-yldecane,,Patents,,IBM|SureChEMBL,Curation Efforts|Research and Development,,212.41,0.0,126,7.5,15,0,0,9,212.250397,212.250397,0,1,0,2,0,2,0,0,0,0,2,2,1,20170125
123699631,5-Butan-2-yl-4-methyldecane,,C15H32,"InChI=1S/C15H32/c1-6-9-10-12-15(13(4)8-3)14(5)11-7-2/h13-15H,6-12H2,1-5H3",CCCCCC(C(C)CC)C(C)CCC,PLTGAQIWBSXGCV-UHFFFAOYSA-N,5-butan-2-yl-4-methyldecane,,Patents,,IBM,Research and Development,,212.41,0.0,128,7.5,15,0,0,9,212.250397,212.250397,0,1,0,3,0,3,0,0,0,0,1,1,1,20170125
123699736,"2,2,3,3,4,4,7-Heptamethyloctane",,C15H32,"InChI=1S/C15H32/c1-12(2)10-11-14(6,7)15(8,9)13(3,4)5/h12H,10-11H2,1-9H3",CC(C)CCC(C)(C)C(C)(C)C(C)(C)C,UNJVGMXSYBEWOH-UHFFFAOYSA-N,"2,2,3,3,4,4,7-heptamethyloctane",,Patents,,IBM,Research and Development,,212.41,0.0,189,6.7,15,0,0,5,212.250397,212.250397,0,1,0,0,0,0,0,0,0,0,1,1,1,20170125
123703005,"7,7-Diethyl-2,5-dimethylnonane",,C15H32,"InChI=1S/C15H32/c1-7-15(8-2,9-3)12-14(6)11-10-13(4)5/h13-14H,7-12H2,1-6H3",CCC(CC)(CC)CC(C)CCC(C)C,HXTLZOXJBZWQOW-UHFFFAOYSA-N,"7,7-diethyl-2,5-dimethylnonane",,Patents,,IBM,Research and Development,,212.41,0.0,134,7.3,15,0,0,8,212.250397,212.250397,0,1,0,1,0,1,0,0,0,0,1,1,1,20170125
123703212,"4,5-Diethyl-3,3-dimethylnonane",,C15H32,"InChI=1S/C15H32/c1-7-11-12-13(8-2)14(9-3)15(5,6)10-4/h13-14H,7-12H2,1-6H3",CCCCC(CC)C(CC)C(C)(C)CC,QDXXJCXLTCXGDY-UHFFFAOYSA-N,"4,5-diethyl-3,3-dimethylnonane",,Patents,,IBM,Research and Development,,212.41,0.0,146,7.3,15,0,0,8,212.250397,212.250397,0,1,0,2,0,2,0,0,0,0,1,1,1,20170125
123703215,"4,4,6-Triethylnonane",,C15H32,"InChI=1S/C15H32/c1-6-11-14(8-3)13-15(9-4,10-5)12-7-2/h14H,6-13H2,1-5H3",CCCC(CC)CC(CC)(CC)CCC,LSGKQLUSSLNKLQ-UHFFFAOYSA-N,"4,4,6-triethylnonane",,Patents,,IBM,Research and Development,,212.41,0.0,133,7.6,15,0,0,9,212.250397,212.250397,0,1,0,1,0,1,0,0,0,0,1,1,1,20170125
123703886,"2,4,5,6-Tetramethylundecane",,C15H32,"InChI=1S/C15H32/c1-7-8-9-10-13(4)15(6)14(5)11-12(2)3/h12-15H,7-11H2,1-6H3",CCCCCC(C)C(C)C(C)CC(C)C,GJAVNKCDAAGYJD-UHFFFAOYSA-N,"2,4,5,6-tetramethylundecane",,Patents,,IBM,Research and Development,,212.41,0.0,137,7.2,15,0,0,8,212.250397,212.250397,0,1,0,3,0,3,0,0,0,0,1,1,1,20170125
123705757,"4-Butan-2-yl-4-ethyl-2,5-dimethylheptane",,C15H32,"InChI=1S/C15H32/c1-8-13(6)15(10-3,11-12(4)5)14(7)9-2/h12-14H,8-11H2,1-7H3",CCC(C)C(CC)(CC(C)C)C(C)CC,QTMHRUAEEIYZJO-UHFFFAOYSA-N,"4-butan-2-yl-4-ethyl-2,5-dimethylheptane",,Patents,,IBM,Research and Development,,212.41,0.0,147,7.0,15,0,0,7,212.250397,212.250397,0,1,0,2,0,2,0,0,0,0,1,1,1,20170125
123706850,"3-Ethyl-3,4,5,6-tetramethylnonane",,C15H32,"InChI=1S/C15H32/c1-8-11-12(4)13(5)14(6)15(7,9-2)10-3/h12-14H,8-11H2,1-7H3",CCCC(C)C(C)C(C)C(C)(CC)CC,WDEYUEMBLDNFEU-UHFFFAOYSA-N,"3-ethyl-3,4,5,6-tetramethylnonane",,Patents,,IBM,Research and Development,,212.41,0.0,155,7.0,15,0,0,7,212.250397,212.250397,0,1,0,3,0,3,0,0,0,0,1,1,1,20170125
123709143,4-Methyl-6-(2-methylpropyl)decane,,C15H32,"InChI=1S/C15H32/c1-6-8-10-15(11-13(3)4)12-14(5)9-7-2/h13-15H,6-12H2,1-5H3",CCCCC(CC(C)C)CC(C)CCC,UQDRHVJLORZWDT-UHFFFAOYSA-N,4-methyl-6-(2-methylpropyl)decane,,Patents,,IBM,Research and Development,,212.41,0.0,126,7.5,15,0,0,9,212.250397,212.250397,0,1,0,2,0,2,0,0,0,0,2,2,1,20170125
123709269,"4,5,6,8-Tetramethylundecane",,C15H32,"InChI=1S/C15H32/c1-7-9-12(3)11-14(5)15(6)13(4)10-8-2/h12-15H,7-11H2,1-6H3",CCCC(C)CC(C)C(C)C(C)CCC,AVZZCBJYPJHNSA-UHFFFAOYSA-N,"4,5,6,8-tetramethylundecane",,Patents,,IBM,Research and Development,,212.41,0.0,139,7.2,15,0,0,8,212.250397,212.250397,0,1,0,4,0,4,0,0,0,0,2,2,1,20170125
123715687,"2,3,4,4,8-Pentamethyldecane",,C15H32,"InChI=1S/C15H32/c1-8-13(4)10-9-11-15(6,7)14(5)12(2)3/h12-14H,8-11H2,1-7H3",CCC(C)CCCC(C)(C)C(C)C(C)C,GGAGVQKEMVSUDW-UHFFFAOYSA-N,"2,3,4,4,8-pentamethyldecane",,Patents,,IBM,Research and Development,,212.41,0.0,155,7.0,15,0,0,7,212.250397,212.250397,0,1,0,2,0,2,0,0,0,0,1,1,1,20170125
123715752,"2,3,4,7-Tetramethyl-6-propan-2-yloctane",,C15H32,"InChI=1S/C15H32/c1-10(2)14(8)13(7)9-15(11(3)4)12(5)6/h10-15H,9H2,1-8H3",CC(C)C(C)C(C)CC(C(C)C)C(C)C,XSWXNKNGTSUOEJ-UHFFFAOYSA-N,"2,3,4,7-tetramethyl-6-propan-2-yloctane",,Patents,,IBM,Research and Development,,212.41,0.0,147,6.6,15,0,0,6,212.250397,212.250397,0,1,0,2,0,2,0,0,0,0,1,1,1,20170125
123717273,"4,6,7-Trimethyldodecane",,C15H32,"InChI=1S/C15H32/c1-6-8-9-11-14(4)15(5)12-13(3)10-7-2/h13-15H,6-12H2,1-5H3",CCCCCC(C)C(C)CC(C)CCC,LIJUCVXDLUJTJO-UHFFFAOYSA-N,"4,6,7-trimethyldodecane",,Patents,,IBM,Research and Development,,212.41,0.0,128,7.5,15,0,0,9,212.250397,212.250397,0,1,0,3,0,3,0,0,0,0,1,1,1,20170125
123717277,"3,4,8,9-Tetramethylundecane",,C15H32,"InChI=1S/C15H32/c1-7-12(3)14(5)10-9-11-15(6)13(4)8-2/h12-15H,7-11H2,1-6H3",CCC(C)C(C)CCCC(C)C(C)CC,APHWZKXOPNFVNG-UHFFFAOYSA-N,"3,4,8,9-tetramethylundecane",,Patents,,IBM,Research and Development,,212.41,0.0,123,7.2,15,0,0,8,212.250397,212.250397,0,1,0,4,0,4,0,0,0,0,2,2,1,20170125
123717299,"3-Ethyl-3,6,7-trimethyldecane",,C15H32,"InChI=1S/C15H32/c1-7-10-13(4)14(5)11-12-15(6,8-2)9-3/h13-14H,7-12H2,1-6H3",CCCC(C)C(C)CCC(C)(CC)CC,KUIBKHJZNHPBKZ-UHFFFAOYSA-N,"3-ethyl-3,6,7-trimethyldecane",,Patents,,IBM|PATENTSCOPE (WIPO),Governmental Organizations|Research and Development,,212.41,0.0,144,7.3,15,0,0,8,212.250397,212.250397,0,1,0,2,0,2,0,0,0,0,2,2,1,20170125
123718477,"4-Ethyl-3,3,6,7-tetramethylnonane",,C15H32,"InChI=1S/C15H32/c1-8-12(4)13(5)11-14(9-2)15(6,7)10-3/h12-14H,8-11H2,1-7H3",CCC(C)C(C)CC(CC)C(C)(C)CC,PEWTUCIZRFWMCI-UHFFFAOYSA-N,"4-ethyl-3,3,6,7-tetramethylnonane",,Patents,,IBM,Research and Development,,212.41,0.0,157,7.0,15,0,0,7,212.250397,212.250397,0,1,0,3,0,3,0,0,0,0,1,1,1,20170125
123721040,"2,4,4,6-Tetramethyl-5-propyloctane",,C15H32,"InChI=1S/C15H32/c1-8-10-14(13(5)9-2)15(6,7)11-12(3)4/h12-14H,8-11H2,1-7H3",CCCC(C(C)CC)C(C)(C)CC(C)C,QSGMYXNDJISUFO-UHFFFAOYSA-N,"2,4,4,6-tetramethyl-5-propyloctane",,Patents,,IBM,Research and Development,,212.41,0.0,155,7.0,15,0,0,7,212.250397,212.250397,0,1,0,2,0,2,0,0,0,0,1,1,1,20170125
123721194,"2,7-Dimethyl-4-pentan-3-yloctane",,C15H32,"InChI=1S/C15H32/c1-7-14(8-2)15(11-13(5)6)10-9-12(3)4/h12-15H,7-11H2,1-6H3",CCC(CC)C(CCC(C)C)CC(C)C,LPXGGUDXYQXPSO-UHFFFAOYSA-N,"2,7-dimethyl-4-pentan-3-yloctane",,Patents,,IBM,Research and Development,,212.41,0.0,131,7.2,15,0,0,8,212.250397,212.250397,0,1,0,1,0,1,0,0,0,0,1,1,1,20170125
123721352,"5-Ethyl-3,9-dimethylundecane",,C15H32,"InChI=1S/C15H32/c1-6-13(4)10-9-11-15(8-3)12-14(5)7-2/h13-15H,6-12H2,1-5H3",CCC(C)CCCC(CC)CC(C)CC,IYNQBNXQLWSJBN-UHFFFAOYSA-N,"5-ethyl-3,9-dimethylundecane",,Patents,,IBM|PATENTSCOPE (WIPO),Governmental Organizations|Research and Development,,212.41,0.0,128,7.5,15,0,0,9,212.250397,212.250397,0,1,0,3,0,3,0,0,0,0,2,2,1,20170125
123723845,"3,3,6-Trimethyl-6-propylnonane",,C15H32,"InChI=1S/C15H32/c1-7-10-15(6,11-8-2)13-12-14(4,5)9-3/h7-13H2,1-6H3",CCCC(C)(CCC)CCC(C)(C)CC,TUVNQEKHHXRHMU-UHFFFAOYSA-N,"3,3,6-trimethyl-6-propylnonane",,Patents,,IBM,Research and Development,,212.41,0.0,149,7.5,15,0,0,8,212.250397,212.250397,0,1,0,0,0,0,0,0,0,0,1,1,1,20170125
123724290,"3-Ethyl-2,4,5,7-tetramethylnonane",,C15H32,"InChI=1S/C15H32/c1-8-12(5)10-13(6)14(7)15(9-2)11(3)4/h11-15H,8-10H2,1-7H3",CCC(C)CC(C)C(C)C(CC)C(C)C,LCSCSARZKLYCEP-UHFFFAOYSA-N,"3-ethyl-2,4,5,7-tetramethylnonane",,Patents,,IBM,Research and Development,,212.41,0.0,148,6.9,15,0,0,7,212.250397,212.250397,0,1,0,4,0,4,0,0,0,0,1,1,1,20170125
123724553,"6,6-Diethyl-2-methyldecane",,C15H32,"InChI=1S/C15H32/c1-6-9-12-15(7-2,8-3)13-10-11-14(4)5/h14H,6-13H2,1-5H3",CCCCC(CC)(CC)CCCC(C)C,RKXQLCDZAQKSLB-UHFFFAOYSA-N,"6,6-diethyl-2-methyldecane",,Patents,,IBM,Research and Development,,212.41,0.0,131,7.6,15,0,0,9,212.250397,212.250397,0,1,0,0,0,0,0,0,0,0,1,1,1,20170125
123728766,"2,3-Dimethyl-3-propan-2-yldecane",,C15H32,"InChI=1S/C15H32/c1-7-8-9-10-11-12-15(6,13(2)3)14(4)5/h13-14H,7-12H2,1-6H3",CCCCCCCC(C)(C(C)C)C(C)C,GZYJKMSVWGTAPY-UHFFFAOYSA-N,"2,3-dimethyl-3-propan-2-yldecane",,Patents,,IBM,Research and Development,,212.41,0.0,136,7.3,15,0,0,8,212.250397,212.250397,0,1,0,0,0,0,0,0,0,0,2,2,1,20170125
123729261,"3,3,7,9-Tetramethylundecane",,C15H32,"InChI=1S/C15H32/c1-7-13(3)12-14(4)10-9-11-15(5,6)8-2/h13-14H,7-12H2,1-6H3",CCC(C)CC(C)CCCC(C)(C)CC,QNIOUAQGJVFWNY-UHFFFAOYSA-N,"3,3,7,9-tetramethylundecane",,Patents,,IBM,Research and Development,,212.41,0.0,146,7.3,15,0,0,8,212.250397,212.250397,0,1,0,2,0,2,0,0,0,0,1,1,1,20170125
123732391,"3,5,7,9-Tetramethylundecane",,C15H32,"InChI=1S/C15H32/c1-7-12(3)9-14(5)11-15(6)10-13(4)8-2/h12-15H,7-11H2,1-6H3",CCC(C)CC(C)CC(C)CC(C)CC,OLTIWTYLBPINGE-UHFFFAOYSA-N,"3,5,7,9-tetramethylundecane",,Patents,,Google Patents|IBM|PATENTSCOPE (WIPO),Governmental Organizations|Research and Development,,212.41,0.0,123,7.2,15,0,0,8,212.250397,212.250397,0,1,0,4,0,4,0,0,0,0,2,2,1,20170125
123736904,"6-Ethyl-2,3,6-trimethyldecane",,C15H32,"InChI=1S/C15H32/c1-7-9-11-15(6,8-2)12-10-14(5)13(3)4/h13-14H,7-12H2,1-6H3",CCCCC(C)(CC)CCC(C)C(C)C,VSIXIPUZJXNNDP-UHFFFAOYSA-N,"6-ethyl-2,3,6-trimethyldecane",,Patents,,IBM,Research and Development,,212.41,0.0,148,7.3,15,0,0,8,212.250397,212.250397,0,1,0,2,0,2,0,0,0,0,1,1,1,20170125
123737489,"6-Ethyl-2,2,4,7-tetramethylnonane",,C15H32,"InChI=1S/C15H32/c1-8-13(4)14(9-2)10-12(3)11-15(5,6)7/h12-14H,8-11H2,1-7H3",CCC(C)C(CC)CC(C)CC(C)(C)C,JNGYABHITJKAHW-UHFFFAOYSA-N,"6-ethyl-2,2,4,7-tetramethylnonane",,Patents,,IBM|PATENTSCOPE (WIPO),Governmental Organizations|Research and Development,,212.41,0.0,152,7.0,15,0,0,7,212.250397,212.250397,0,1,0,3,0,3,0,0,0,0,1,1,1,20170125
123738042,"3,6,6-Trimethyldodecane",,C15H32,"InChI=1S/C15H32/c1-6-8-9-10-12-15(4,5)13-11-14(3)7-2/h14H,6-13H2,1-5H3",CCCCCCC(C)(C)CCC(C)CC,PPWYKXRTZHASBH-UHFFFAOYSA-N,"3,6,6-trimethyldodecane",,Patents,,IBM,Research and Development,,212.41,0.0,135,7.6,15,0,0,9,212.250397,212.250397,0,1,0,1,0,1,0,0,0,0,1,1,1,20170125
123738615,"4-Ethyl-4,5,6-trimethyldecane",,C15H32,"InChI=1S/C15H32/c1-7-10-11-13(4)14(5)15(6,9-3)12-8-2/h13-14H,7-12H2,1-6H3",CCCCC(C)C(C)C(C)(CC)CCC,UXKXAGGPTAYIQT-UHFFFAOYSA-N,"4-ethyl-4,5,6-trimethyldecane",,Patents,,IBM,Research and Development,,212.41,0.0,150,7.3,15,0,0,8,212.250397,212.250397,0,1,0,3,0,3,0,0,0,0,1,1,1,20170125
123738719,"5,6-Diethyl-2,2,3-trimethyloctane",,C15H32,"InChI=1S/C15H32/c1-8-13(9-2)14(10-3)11-12(4)15(5,6)7/h12-14H,8-11H2,1-7H3",CCC(CC)C(CC)CC(C)C(C)(C)C,RHZIWIHCVFFMHA-UHFFFAOYSA-N,"5,6-diethyl-2,2,3-trimethyloctane",,Patents,,IBM,Research and Development,,212.41,0.0,148,7.0,15,0,0,7,212.250397,212.250397,0,1,0,2,0,2,0,0,0,0,1,1,1,20170125
123740496,4-Ethyl-4-methyl-5-propan-2-ylnonane,,C15H32,"InChI=1S/C15H32/c1-7-10-11-14(13(4)5)15(6,9-3)12-8-2/h13-14H,7-12H2,1-6H3",CCCCC(C(C)C)C(C)(CC)CCC,WKFMQVZAHCWMRJ-UHFFFAOYSA-N,4-ethyl-4-methyl-5-propan-2-ylnonane,,Patents,,IBM,Research and Development,,212.41,0.0,148,7.3,15,0,0,8,212.250397,212.250397,0,1,0,2,0,2,0,0,0,0,1,1,1,20170125
123742527,"2,4,5,6-Tetramethyl-5-propan-2-yloctane",,C15H32,"InChI=1S/C15H32/c1-9-13(6)15(8,12(4)5)14(7)10-11(2)3/h11-14H,9-10H2,1-8H3",CCC(C)C(C)(C(C)C)C(C)CC(C)C,VWRPQHHEOGURPN-UHFFFAOYSA-N,"2,4,5,6-tetramethyl-5-propan-2-yloctane",,Patents,,IBM,Research and Development,,212.41,0.0,169,6.7,15,0,0,6,212.250397,212.250397,0,1,0,3,0,3,0,0,0,0,1,1,1,20170125
123742875,"3-Ethyl-2,4-dimethylundecane",,C15H32,"InChI=1S/C15H32/c1-6-8-9-10-11-12-14(5)15(7-2)13(3)4/h13-15H,6-12H2,1-5H3",CCCCCCCC(C)C(CC)C(C)C,LAPVUNAIOGCCMH-UHFFFAOYSA-N,"3-ethyl-2,4-dimethylundecane",,Patents,,IBM,Research and Development,,212.41,0.0,126,7.5,15,0,0,9,212.250397,212.250397,0,1,0,2,0,2,0,0,0,0,1,1,1,20170125
123742900,"3,7-Dimethyl-6-propyldecane",,C15H32,"InChI=1S/C15H32/c1-6-9-14(5)15(10-7-2)12-11-13(4)8-3/h13-15H,6-12H2,1-5H3",CCCC(C)C(CCC)CCC(C)CC,GMXHSSHXDDDJPY-UHFFFAOYSA-N,"3,7-dimethyl-6-propyldecane",,Patents,,IBM,Research and Development,,212.41,0.0,128,7.5,15,0,0,9,212.250397,212.250397,0,1,0,3,0,3,0,0,0,0,1,1,1,20170125
123744345,"4,8-Diethyl-3-methyldecane",,C15H32,"InChI=1S/C15H32/c1-6-13(5)15(9-4)12-10-11-14(7-2)8-3/h13-15H,6-12H2,1-5H3",CCC(C)C(CC)CCCC(CC)CC,ZIPAZDWTTQVKSH-UHFFFAOYSA-N,"4,8-diethyl-3-methyldecane",,Patents,,IBM,Research and Development,,212.41,0.0,124,7.5,15,0,0,9,212.250397,212.250397,0,1,0,2,0,2,0,0,0,0,1,1,1,20170125
123745724,"2,3,4,4,5,5,6-Heptamethyloctane",,C15H32,"InChI=1S/C15H32/c1-10-12(4)14(6,7)15(8,9)13(5)11(2)3/h11-13H,10H2,1-9H3",CCC(C)C(C)(C)C(C)(C)C(C)C(C)C,ZKKQDSAAAPPNRM-UHFFFAOYSA-N,"2,3,4,4,5,5,6-heptamethyloctane",,Patents,,IBM,Research and Development,,212.41,0.0,186,6.6,15,0,0,5,212.250397,212.250397,0,1,0,2,0,2,0,0,0,0,6,6,1,20170125
123748392,"3,4,5-Triethyl-6-methyloctane",,C15H32,"InChI=1S/C15H32/c1-7-12(6)14(10-4)15(11-5)13(8-2)9-3/h12-15H,7-11H2,1-6H3",CCC(C)C(CC)C(CC)C(CC)CC,SBIHTFAQBOBWCR-UHFFFAOYSA-N,"3,4,5-triethyl-6-methyloctane",,Patents,,IBM,Research and Development,,212.41,0.0,135,7.2,15,0,0,8,212.250397,212.250397,0,1,0,3,0,3,0,0,0,0,1,1,1,20170125
123751386,"2,8-Dimethyl-4-propyldecane",,C15H32,"InChI=1S/C15H32/c1-6-9-15(12-13(3)4)11-8-10-14(5)7-2/h13-15H,6-12H2,1-5H3",CCCC(CCCC(C)CC)CC(C)C,ASWOFDUJOJAEKR-UHFFFAOYSA-N,"2,8-dimethyl-4-propyldecane",,Patents,,IBM,Research and Development,,212.41,0.0,126,7.5,15,0,0,9,212.250397,212.250397,0,1,0,2,0,2,0,0,0,0,1,1,1,20170125
123754442,"5-Ethyl-2,3,6,7-tetramethylnonane",,C15H32,"InChI=1S/C15H32/c1-8-12(5)14(7)15(9-2)10-13(6)11(3)4/h11-15H,8-10H2,1-7H3",CCC(C)C(C)C(CC)CC(C)C(C)C,XBHCBYABXZXWEZ-UHFFFAOYSA-N,"5-ethyl-2,3,6,7-tetramethylnonane",,Patents,,IBM,Research and Development,,212.41,0.0,148,6.9,15,0,0,7,212.250397,212.250397,0,1,0,4,0,4,0,0,0,0,1,1,1,20170125
123754526,"5-Ethyl-2,3,3,4,4,5-hexamethylheptane",,C15H32,"InChI=1S/C15H32/c1-10-15(9,11-2)14(7,8)13(5,6)12(3)4/h12H,10-11H2,1-9H3",CCC(C)(CC)C(C)(C)C(C)(C)C(C)C,SXZVHPBRDGLBET-UHFFFAOYSA-N,"5-ethyl-2,3,3,4,4,5-hexamethylheptane",,Patents,,IBM,Research and Development,,212.41,0.0,192,6.7,15,0,0,5,212.250397,212.250397,0,1,0,0,0,0,0,0,0,0,1,1,1,20170125
123755311,"4,5-Diethyl-3,6-dimethylnonane",,C15H32,"InChI=1S/C15H32/c1-7-11-13(6)15(10-4)14(9-3)12(5)8-2/h12-15H,7-11H2,1-6H3",CCCC(C)C(CC)C(CC)C(C)CC,SYENVQDCRQZETG-UHFFFAOYSA-N,"4,5-diethyl-3,6-dimethylnonane",,Patents,,IBM,Research and Development,,212.41,0.0,139,7.2,15,0,0,8,212.250397,212.250397,0,1,0,4,0,4,0,0,0,0,3,3,1,20170125
123760526,"6-Ethyl-2,3,7-trimethyldecane",,C15H32,"InChI=1S/C15H32/c1-7-9-14(6)15(8-2)11-10-13(5)12(3)4/h12-15H,7-11H2,1-6H3",CCCC(C)C(CC)CCC(C)C(C)C,IZQBKINYQPHHNA-UHFFFAOYSA-N,"6-ethyl-2,3,7-trimethyldecane",,Patents,,IBM,Research and Development,,212.41,0.0,137,7.2,15,0,0,8,212.250397,212.250397,0,1,0,3,0,3,0,0,0,0,1,1,1,20170125
123760833,"7-Ethyl-2,3,5,7-tetramethylnonane",,C15H32,"InChI=1S/C15H32/c1-8-15(7,9-2)11-13(5)10-14(6)12(3)4/h12-14H,8-11H2,1-7H3",CCC(C)(CC)CC(C)CC(C)C(C)C,UIILJXFERPJUGF-UHFFFAOYSA-N,"7-ethyl-2,3,5,7-tetramethylnonane",,Patents,,IBM,Research and Development,,212.41,0.0,153,7.0,15,0,0,7,212.250397,212.250397,0,1,0,2,0,2,0,0,0,0,1,1,1,20170125
123761650,"3,6-Diethyl-2,4,5-trimethyloctane",,C15H32,"InChI=1S/C15H32/c1-8-14(9-2)12(6)13(7)15(10-3)11(4)5/h11-15H,8-10H2,1-7H3",CCC(CC)C(C)C(C)C(CC)C(C)C,COVFAEQQOMAYTI-UHFFFAOYSA-N,"3,6-diethyl-2,4,5-trimethyloctane",,Patents,,IBM,Research and Development,,212.41,0.0,144,6.9,15,0,0,7,212.250397,212.250397,0,1,0,3,0,3,0,0,0,0,1,1,1,20170125
123762922,"3,4,10-Trimethyldodecane",,C15H32,"InChI=1S/C15H32/c1-6-13(3)11-9-8-10-12-15(5)14(4)7-2/h13-15H,6-12H2,1-5H3",CCC(C)CCCCCC(C)C(C)CC,OUZOSCWSBCGMMG-UHFFFAOYSA-N,"3,4,10-trimethyldodecane",,Patents,,Google Patents|IBM,Research and Development,,212.41,0.0,128,7.5,15,0,0,9,212.250397,212.250397,0,1,0,3,0,3,0,0,0,0,5,4,1,20170125
123763129,5-Butan-2-yl-6-methyldecane,,C15H32,"InChI=1S/C15H32/c1-6-9-11-14(5)15(12-10-7-2)13(4)8-3/h13-15H,6-12H2,1-5H3",CCCCC(C)C(CCCC)C(C)CC,ILKSWJUGNLYAAU-UHFFFAOYSA-N,5-butan-2-yl-6-methyldecane,,Patents,,IBM,Research and Development,,212.41,0.0,128,7.5,15,0,0,9,212.250397,212.250397,0,1,0,3,0,3,0,0,0,0,2,2,1,20170125
123766138,"5-Ethyl-3,5-dimethyl-4-propan-2-yloctane",,C15H32,"InChI=1S/C15H32/c1-8-11-15(7,10-3)14(12(4)5)13(6)9-2/h12-14H,8-11H2,1-7H3",CCCC(C)(CC)C(C(C)C)C(C)CC,JJIKZTNRGSHBGN-UHFFFAOYSA-N,"5-ethyl-3,5-dimethyl-4-propan-2-yloctane",,Patents,,IBM,Research and Development,,212.41,0.0,159,7.0,15,0,0,7,212.250397,212.250397,0,1,0,3,0,3,0,0,0,0,1,1,1,20170125
123766716,"2,3,4,4-Tetramethyl-5-propan-2-yloctane",,C15H32,"InChI=1S/C15H32/c1-9-10-14(12(4)5)15(7,8)13(6)11(2)3/h11-14H,9-10H2,1-8H3",CCCC(C(C)C)C(C)(C)C(C)C(C)C,QSESYXGMLDDOFL-UHFFFAOYSA-N,"2,3,4,4-tetramethyl-5-propan-2-yloctane",,Patents,,IBM,Research and Development,,212.41,0.0,165,6.7,15,0,0,6,212.250397,212.250397,0,1,0,2,0,2,0,0,0,0,1,1,1,20170125
123767242,"2,3,7-Trimethyl-6-propan-2-ylnonane",,C15H32,"InChI=1S/C15H32/c1-8-13(6)15(12(4)5)10-9-14(7)11(2)3/h11-15H,8-10H2,1-7H3",CCC(C)C(CCC(C)C(C)C)C(C)C,ZOTKBKHQCHRRLM-UHFFFAOYSA-N,"2,3,7-trimethyl-6-propan-2-ylnonane",,Patents,,IBM,Research and Development,,212.41,0.0,146,6.9,15,0,0,7,212.250397,212.250397,0,1,0,3,0,3,0,0,0,0,1,1,1,20170125
123767853,"6-Ethyl-4,5-dimethylundecane",,C15H32,"InChI=1S/C15H32/c1-6-9-10-12-15(8-3)14(5)13(4)11-7-2/h13-15H,6-12H2,1-5H3",CCCCCC(CC)C(C)C(C)CCC,VKTFZQLSRLXRFA-UHFFFAOYSA-N,"6-ethyl-4,5-dimethylundecane",,Patents,,IBM|PATENTSCOPE (WIPO),Governmental Organizations|Research and Development,,212.41,0.0,128,7.5,15,0,0,9,212.250397,212.250397,0,1,0,3,0,3,0,0,0,0,1,1,1,20170125
123772459,"6-Ethyl-3,4,5,6-tetramethylnonane",,C15H32,"InChI=1S/C15H32/c1-8-11-15(7,10-3)14(6)13(5)12(4)9-2/h12-14H,8-11H2,1-7H3",CCCC(C)(CC)C(C)C(C)C(C)CC,UIPWEYOYWDWMIU-UHFFFAOYSA-N,"6-ethyl-3,4,5,6-tetramethylnonane",,Patents,,IBM,Research and Development,,212.41,0.0,161,7.0,15,0,0,7,212.250397,212.250397,0,1,0,4,0,4,0,0,0,0,1,1,1,20170125
123775776,"2,3,4,5-Tetramethyl-5-propyloctane",,C15H32,"InChI=1S/C15H32/c1-8-10-15(7,11-9-2)14(6)13(5)12(3)4/h12-14H,8-11H2,1-7H3",CCCC(C)(CCC)C(C)C(C)C(C)C,YLTWDNJMYQJSKH-UHFFFAOYSA-N,"2,3,4,5-tetramethyl-5-propyloctane",,Patents,,IBM,Research and Development,,212.41,0.0,151,7.0,15,0,0,7,212.250397,212.250397,0,1,0,2,0,2,0,0,0,0,1,1,1,20170125
123780298,"4-Ethyl-2,3,6,8-tetramethylnonane",,C15H32,"InChI=1S/C15H32/c1-8-15(14(7)12(4)5)10-13(6)9-11(2)3/h11-15H,8-10H2,1-7H3",CCC(CC(C)CC(C)C)C(C)C(C)C,AIQCOKXZEVCXOY-UHFFFAOYSA-N,"4-ethyl-2,3,6,8-tetramethylnonane",,Patents,,IBM,Research and Development,,212.41,0.0,146,6.9,15,0,0,7,212.250397,212.250397,0,1,0,3,0,3,0,0,0,0,1,1,1,20170125
123784316,"2,2,3-Trimethyl-4-(2-methylpropyl)octane",,C15H32,"InChI=1S/C15H32/c1-8-9-10-14(11-12(2)3)13(4)15(5,6)7/h12-14H,8-11H2,1-7H3",CCCCC(CC(C)C)C(C)C(C)(C)C,HTPUXJREILDOGW-UHFFFAOYSA-N,"2,2,3-trimethyl-4-(2-methylpropyl)octane",,Patents,,IBM,Research and Development,,212.41,0.0,150,7.0,15,0,0,7,212.250397,212.250397,0,1,0,2,0,2,0,0,0,0,1,1,1,20170125
123784700,"5,7-Diethyl-2-methyldecane",,C15H32,"InChI=1S/C15H32/c1-6-9-14(7-2)12-15(8-3)11-10-13(4)5/h13-15H,6-12H2,1-5H3",CCCC(CC)CC(CC)CCC(C)C,LQPLCQUYBKNLFQ-UHFFFAOYSA-N,"5,7-diethyl-2-methyldecane",,Patents,,IBM,Research and Development,,212.41,0.0,126,7.5,15,0,0,9,212.250397,212.250397,0,1,0,2,0,2,0,0,0,0,1,1,1,20170125
123784767,"2,2,3,4,6,6,7-Heptamethyloctane",,C15H32,"InChI=1S/C15H32/c1-11(2)15(8,9)10-12(3)13(4)14(5,6)7/h11-13H,10H2,1-9H3",CC(C)C(C)(C)CC(C)C(C)C(C)(C)C,FSCBZAWVQLXXCT-UHFFFAOYSA-N,"2,2,3,4,6,6,7-heptamethyloctane",,Patents,,IBM,Research and Development,,212.41,0.0,181,6.6,15,0,0,5,212.250397,212.250397,0,1,0,2,0,2,0,0,0,0,4,4,1,20170125
123786038,"2,4,6-Trimethyl-5-propylnonane",,C15H32,"InChI=1S/C15H32/c1-7-9-13(5)15(10-8-2)14(6)11-12(3)4/h12-15H,7-11H2,1-6H3",CCCC(C)C(CCC)C(C)CC(C)C,PKHMQWOAEDLTAS-UHFFFAOYSA-N,"2,4,6-trimethyl-5-propylnonane",,Patents,,IBM,Research and Development,,212.41,0.0,137,7.2,15,0,0,8,212.250397,212.250397,0,1,0,3,0,3,0,0,0,0,1,1,1,20170125
123786780,"4-Ethyl-2,2,7,8-tetramethylnonane",,C15H32,"InChI=1S/C15H32/c1-8-14(11-15(5,6)7)10-9-13(4)12(2)3/h12-14H,8-11H2,1-7H3",CCC(CCC(C)C(C)C)CC(C)(C)C,KICRXHHRYICJFM-UHFFFAOYSA-N,"4-ethyl-2,2,7,8-tetramethylnonane",,Patents,,IBM,Research and Development,,212.41,0.0,150,7.0,15,0,0,7,212.250397,212.250397,0,1,0,2,0,2,0,0,0,0,1,1,1,20170125
123786819,"2,5,6,8-Tetramethylundecane",,C15H32,"InChI=1S/C15H32/c1-7-8-13(4)11-15(6)14(5)10-9-12(2)3/h12-15H,7-11H2,1-6H3",CCCC(C)CC(C)C(C)CCC(C)C,VBVWKGOSLRJRLH-UHFFFAOYSA-N,"2,5,6,8-tetramethylundecane",,Patents,,IBM,Research and Development,,212.41,0.0,137,7.2,15,0,0,8,212.250397,212.250397,0,1,0,3,0,3,0,0,0,0,1,1,1,20170125
123788850,3-Methyl-6-propan-2-ylundecane,,C15H32,"InChI=1S/C15H32/c1-6-8-9-10-15(13(3)4)12-11-14(5)7-2/h13-15H,6-12H2,1-5H3",CCCCCC(CCC(C)CC)C(C)C,AHRVXOOTMACZDX-UHFFFAOYSA-N,3-methyl-6-propan-2-ylundecane,,Patents,,IBM,Research and Development,,212.41,0.0,126,7.5,15,0,0,9,212.250397,212.250397,0,1,0,2,0,2,0,0,0,0,1,1,1,20170125
123792621,"2,4-Dimethyl-4-propyldecane",,C15H32,"InChI=1S/C15H32/c1-6-8-9-10-12-15(5,11-7-2)13-14(3)4/h14H,6-13H2,1-5H3",CCCCCCC(C)(CCC)CC(C)C,CDTRPSIGLKVCPH-UHFFFAOYSA-N,"2,4-dimethyl-4-propyldecane",,Patents,,IBM,Research and Development,,212.41,0.0,137,7.6,15,0,0,9,212.250397,212.250397,0,1,0,1,0,1,0,0,0,0,1,1,1,20170125
123792631,"2,3,5-Trimethyl-4-propan-2-ylnonane",,C15H32,"InChI=1S/C15H32/c1-8-9-10-13(6)15(12(4)5)14(7)11(2)3/h11-15H,8-10H2,1-7H3",CCCCC(C)C(C(C)C)C(C)C(C)C,QFBMXNKDZIRLIU-UHFFFAOYSA-N,"2,3,5-trimethyl-4-propan-2-ylnonane",,Patents,,IBM,Research and Development,,212.41,0.0,146,6.9,15,0,0,7,212.250397,212.250397,0,1,0,3,0,3,0,0,0,0,1,1,1,20170125
123794005,"4-Ethyl-2,4,5,5-tetramethylnonane",,C15H32,"InChI=1S/C15H32/c1-8-10-11-14(5,6)15(7,9-2)12-13(3)4/h13H,8-12H2,1-7H3",CCCCC(C)(C)C(C)(CC)CC(C)C,FGZBBANZKGEFKM-UHFFFAOYSA-N,"4-ethyl-2,4,5,5-tetramethylnonane",,Patents,,IBM,Research and Development,,212.41,0.0,167,7.2,15,0,0,7,212.250397,212.250397,0,1,0,1,0,1,0,0,0,0,1,1,1,20170125
123794810,"7-Ethyl-2,4-dimethylundecane",,C15H32,"InChI=1S/C15H32/c1-6-8-9-15(7-2)11-10-14(5)12-13(3)4/h13-15H,6-12H2,1-5H3",CCCCC(CC)CCC(C)CC(C)C,XJDDMCCJRJRFPD-UHFFFAOYSA-N,"7-ethyl-2,4-dimethylundecane",,Patents,,Google Patents|IBM,Research and Development,,212.41,0.0,126,7.5,15,0,0,9,212.250397,212.250397,0,1,0,2,0,2,0,0,0,0,3,3,1,20170125
123797782,"2,5,6,6,7,7-Hexamethylnonane",,C15H32,"InChI=1S/C15H32/c1-9-14(5,6)15(7,8)13(4)11-10-12(2)3/h12-13H,9-11H2,1-8H3",CCC(C)(C)C(C)(C)C(C)CCC(C)C,NRHLZOXMVZPJBH-UHFFFAOYSA-N,"2,5,6,6,7,7-hexamethylnonane",,Patents,,IBM,Research and Development,,212.41,0.0,174,6.9,15,0,0,6,212.250397,212.250397,0,1,0,1,0,1,0,0,0,0,2,2,1,20170125
123798623,"2,3,4,5,7,7-Hexamethylnonane",,C15H32,"InChI=1S/C15H32/c1-9-15(7,8)10-12(4)14(6)13(5)11(2)3/h11-14H,9-10H2,1-8H3",CCC(C)(C)CC(C)C(C)C(C)C(C)C,YXZQMKOCZUUGRB-UHFFFAOYSA-N,"2,3,4,5,7,7-hexamethylnonane",,Patents,,IBM,Research and Development,,212.41,0.0,167,6.7,15,0,0,6,212.250397,212.250397,0,1,0,3,0,3,0,0,0,0,2,2,1,20170125
123802882,"5-Ethyl-2,3,4-trimethyl-4-propylheptane",,C15H32,"InChI=1S/C15H32/c1-8-11-15(7,13(6)12(4)5)14(9-2)10-3/h12-14H,8-11H2,1-7H3",CCCC(C)(C(C)C(C)C)C(CC)CC,VKMQYWBGTXKDRL-UHFFFAOYSA-N,"5-ethyl-2,3,4-trimethyl-4-propylheptane",,Patents,,IBM,Research and Development,,212.41,0.0,155,7.0,15,0,0,7,212.250397,212.250397,0,1,0,2,0,2,0,0,0,0,1,1,1,20170125
123810005,"2,3,3,4,6,7-Hexamethylnonane",,C15H32,"InChI=1S/C15H32/c1-9-12(4)13(5)10-14(6)15(7,8)11(2)3/h11-14H,9-10H2,1-8H3",CCC(C)C(C)CC(C)C(C)(C)C(C)C,KRDKPKVQMXZKMF-UHFFFAOYSA-N,"2,3,3,4,6,7-hexamethylnonane",,Patents,,IBM,Research and Development,,212.41,0.0,167,6.7,15,0,0,6,212.250397,212.250397,0,1,0,3,0,3,0,0,0,0,2,1,1,20170125
123810037,"3,4,5,6,8-Pentamethyldecane",,C15H32,"InChI=1S/C15H32/c1-8-11(3)10-13(5)15(7)14(6)12(4)9-2/h11-15H,8-10H2,1-7H3",CCC(C)CC(C)C(C)C(C)C(C)CC,SUIVGWCWSXCWNS-UHFFFAOYSA-N,"3,4,5,6,8-pentamethyldecane",,Patents,,IBM,Research and Development,,212.41,0.0,150,6.9,15,0,0,7,212.250397,212.250397,0,1,0,5,0,5,0,0,0,0,1,1,1,20170125
123811114,"7-Ethyl-2,3,4,8-tetramethylnonane",,C15H32,"InChI=1S/C15H32/c1-8-15(12(4)5)10-9-13(6)14(7)11(2)3/h11-15H,8-10H2,1-7H3",CCC(CCC(C)C(C)C(C)C)C(C)C,NPGBUQFRKCOKHH-UHFFFAOYSA-N,"7-ethyl-2,3,4,8-tetramethylnonane",,Patents,,IBM,Research and Development,,212.41,0.0,146,6.9,15,0,0,7,212.250397,212.250397,0,1,0,3,0,3,0,0,0,0,1,1,1,20170125
123814700,"4-Ethyl-3,7-dimethylundecane",,C15H32,"InChI=1S/C15H32/c1-6-9-10-13(4)11-12-15(8-3)14(5)7-2/h13-15H,6-12H2,1-5H3",CCCCC(C)CCC(CC)C(C)CC,MGJQXTCIHLPGKF-UHFFFAOYSA-N,"4-ethyl-3,7-dimethylundecane",,Patents,,IBM,Research and Development,,212.41,0.0,128,7.5,15,0,0,9,212.250397,212.250397,0,1,0,3,0,3,0,0,0,0,1,1,1,20170125
123815872,"3,6-Dimethyl-7-propyldecane",,C15H32,"InChI=1S/C15H32/c1-6-9-15(10-7-2)14(5)12-11-13(4)8-3/h13-15H,6-12H2,1-5H3",CCCC(CCC)C(C)CCC(C)CC,PXELQSFRBKEPOB-UHFFFAOYSA-N,"3,6-dimethyl-7-propyldecane",,Patents,,IBM|PATENTSCOPE (WIPO),Governmental Organizations|Research and Development,,212.41,0.0,122,7.5,15,0,0,9,212.250397,212.250397,0,1,0,2,0,2,0,0,0,0,1,1,1,20170125
123816442,"5,6-Diethyl-4-methyldecane",,C15H32,"InChI=1S/C15H32/c1-6-10-12-14(8-3)15(9-4)13(5)11-7-2/h13-15H,6-12H2,1-5H3",CCCCC(CC)C(CC)C(C)CCC,YANSYLPVVJLXNM-UHFFFAOYSA-N,"5,6-diethyl-4-methyldecane",,Patents,,IBM,Research and Development,,212.41,0.0,128,7.5,15,0,0,9,212.250397,212.250397,0,1,0,3,0,3,0,0,0,0,1,1,1,20170125
123817730,"5,5-Diethyl-3,4-dimethylnonane",,C15H32,"InChI=1S/C15H32/c1-7-11-12-15(9-3,10-4)14(6)13(5)8-2/h13-14H,7-12H2,1-6H3",CCCCC(CC)(CC)C(C)C(C)CC,DEXQLMJFFGWVON-UHFFFAOYSA-N,"5,5-diethyl-3,4-dimethylnonane",,Patents,,IBM,Research and Development,,212.41,0.0,144,7.3,15,0,0,8,212.250397,212.250397,0,1,0,2,0,2,0,0,0,0,1,1,1,20170125
123822169,"2,2,4,7,7,8-Hexamethylnonane",SCHEMBL11749075,C15H32,"InChI=1S/C15H32/c1-12(2)15(7,8)10-9-13(3)11-14(4,5)6/h12-13H,9-11H2,1-8H3",CC(C)C(C)(C)CCC(C)CC(C)(C)C,IREIMLUCWREKCR-UHFFFAOYSA-N,"2,2,4,7,7,8-hexamethylnonane",,Patents,,IBM|SureChEMBL,Curation Efforts|Research and Development,,212.41,0.0,169,6.9,15,0,0,6,212.250397,212.250397,0,1,0,1,0,1,0,0,0,0,2,2,1,20170125
123822187,"3,4-Diethyl-2,3,5-trimethyloctane",,C15H32,"InChI=1S/C15H32/c1-8-11-13(6)14(9-2)15(7,10-3)12(4)5/h12-14H,8-11H2,1-7H3",CCCC(C)C(CC)C(C)(CC)C(C)C,DAVMSDUMRKLEBD-UHFFFAOYSA-N,"3,4-diethyl-2,3,5-trimethyloctane",,Patents,,IBM,Research and Development,,212.41,0.0,159,7.0,15,0,0,7,212.250397,212.250397,0,1,0,3,0,3,0,0,0,0,1,1,1,20170125
123825414,6-Ethyl-2-methyl-3-propan-2-ylnonane,,C15H32,"InChI=1S/C15H32/c1-7-9-14(8-2)10-11-15(12(3)4)13(5)6/h12-15H,7-11H2,1-6H3",CCCC(CC)CCC(C(C)C)C(C)C,REPVPYJKBVDTDZ-UHFFFAOYSA-N,6-ethyl-2-methyl-3-propan-2-ylnonane,,Patents,,IBM,Research and Development,,212.41,0.0,127,7.2,15,0,0,8,212.250397,212.250397,0,1,0,1,0,1,0,0,0,0,1,1,1,20170125
123829639,"3-Ethyl-2,2,5,5-tetramethyl-3-propan-2-ylhexane",,C15H32,"InChI=1S/C15H32/c1-10-15(12(2)3,14(7,8)9)11-13(4,5)6/h12H,10-11H2,1-9H3",CCC(CC(C)(C)C)(C(C)C)C(C)(C)C,KZUOVJQVRVJRMR-UHFFFAOYSA-N,"3-ethyl-2,2,5,5-tetramethyl-3-propan-2-ylhexane",,Patents,,IBM,Research and Development,,212.41,0.0,187,6.7,15,0,0,5,212.250397,212.250397,0,1,0,1,0,1,0,0,0,0,1,1,1,20170125
123829801,"3,4-Diethyl-3,4,6-trimethyloctane",,C15H32,"InChI=1S/C15H32/c1-8-13(5)12-15(7,11-4)14(6,9-2)10-3/h13H,8-12H2,1-7H3",CCC(C)CC(C)(CC)C(C)(CC)CC,DFJPXQROTNKBGX-UHFFFAOYSA-N,"3,4-diethyl-3,4,6-trimethyloctane",,Patents,,IBM,Research and Development,,212.41,0.0,167,7.2,15,0,0,7,212.250397,212.250397,0,1,0,2,0,2,0,0,0,0,1,1,1,20170125
123831338,"3,5,6,6,7-Pentamethyldecane",,C15H32,"InChI=1S/C15H32/c1-8-10-13(4)15(6,7)14(5)11-12(3)9-2/h12-14H,8-11H2,1-7H3",CCCC(C)C(C)(C)C(C)CC(C)CC,QTCLUIXYPNWXEV-UHFFFAOYSA-N,"3,5,6,6,7-pentamethyldecane",,Patents,,IBM,Research and Development,,212.41,0.0,157,7.0,15,0,0,7,212.250397,212.250397,0,1,0,3,0,3,0,0,0,0,1,1,1,20170125
123832414,"2,3,3,4,5,6-Hexamethylnonane",,C15H32,"InChI=1S/C15H32/c1-9-10-12(4)13(5)14(6)15(7,8)11(2)3/h11-14H,9-10H2,1-8H3",CCCC(C)C(C)C(C)C(C)(C)C(C)C,WJZBXLTZJXFCKY-UHFFFAOYSA-N,"2,3,3,4,5,6-hexamethylnonane",,Patents,,IBM,Research and Development,,212.41,0.0,167,6.7,15,0,0,6,212.250397,212.250397,0,1,0,3,0,3,0,0,0,0,2,2,1,20170125
123832877,"2,3,4,4,6,6-Hexamethylnonane",,C15H32,"InChI=1S/C15H32/c1-9-10-14(5,6)11-15(7,8)13(4)12(2)3/h12-13H,9-11H2,1-8H3",CCCC(C)(C)CC(C)(C)C(C)C(C)C,ZEQPPFDGHKPEGQ-UHFFFAOYSA-N,"2,3,4,4,6,6-hexamethylnonane",,Patents,,IBM,Research and Development,,212.41,0.0,174,6.9,15,0,0,6,212.250397,212.250397,0,1,0,1,0,1,0,0,0,0,1,1,1,20170125
123837960,"3-Ethyl-2,6-dimethyl-5-propyloctane",,C15H32,"InChI=1S/C15H32/c1-7-10-15(13(6)8-2)11-14(9-3)12(4)5/h12-15H,7-11H2,1-6H3",CCCC(CC(CC)C(C)C)C(C)CC,ZFBRXYOWHIMESW-UHFFFAOYSA-N,"3-ethyl-2,6-dimethyl-5-propyloctane",,Patents,,IBM,Research and Development,,212.41,0.0,137,7.2,15,0,0,8,212.250397,212.250397,0,1,0,3,0,3,0,0,0,0,1,1,1,20170125
123838706,"6,7-Diethyl-3-methyldecane",,C15H32,"InChI=1S/C15H32/c1-6-10-14(8-3)15(9-4)12-11-13(5)7-2/h13-15H,6-12H2,1-5H3",CCCC(CC)C(CC)CCC(C)CC,LBQHSBUNIJVIRC-UHFFFAOYSA-N,"6,7-diethyl-3-methyldecane",,Patents,,IBM,Research and Development,,212.41,0.0,128,7.5,15,0,0,9,212.250397,212.250397,0,1,0,3,0,3,0,0,0,0,1,1,1,20170125
123839422,"2,4,5,8-Tetramethylundecane",,C15H32,"InChI=1S/C15H32/c1-7-8-13(4)9-10-14(5)15(6)11-12(2)3/h12-15H,7-11H2,1-6H3",CCCC(C)CCC(C)C(C)CC(C)C,WIXUKWNUYLPRKR-UHFFFAOYSA-N,"2,4,5,8-tetramethylundecane",,Patents,,Google Patents|IBM|PATENTSCOPE (WIPO),Governmental Organizations|Research and Development,,212.41,0.0,137,7.2,15,0,0,8,212.250397,212.250397,0,1,0,3,0,3,0,0,0,0,2,2,1,20170125
123840929,"6-Ethyl-3,5-dimethylundecane",,C15H32,"InChI=1S/C15H32/c1-6-9-10-11-15(8-3)14(5)12-13(4)7-2/h13-15H,6-12H2,1-5H3",CCCCCC(CC)C(C)CC(C)CC,FQHJIVITRGYSFD-UHFFFAOYSA-N,"6-ethyl-3,5-dimethylundecane",,Patents,,IBM,Research and Development,,212.41,0.0,128,7.5,15,0,0,9,212.250397,212.250397,0,1,0,3,0,3,0,0,0,0,1,1,1,20170125
123841635,"9-Ethyl-2,4-dimethylundecane",,C15H32,"InChI=1S/C15H32/c1-6-15(7-2)11-9-8-10-14(5)12-13(3)4/h13-15H,6-12H2,1-5H3",CCC(CC)CCCCC(C)CC(C)C,UHNVBKCRWOLGDM-UHFFFAOYSA-N,"9-ethyl-2,4-dimethylundecane",,Patents,,IBM,Research and Development,,212.41,0.0,122,7.5,15,0,0,9,212.250397,212.250397,0,1,0,1,0,1,0,0,0,0,3,3,1,20170125
123842201,"4-Butan-2-yl-2,6-dimethylnonane",,C15H32,"InChI=1S/C15H32/c1-7-9-13(5)11-15(10-12(3)4)14(6)8-2/h12-15H,7-11H2,1-6H3",CCCC(C)CC(CC(C)C)C(C)CC,VDWPXGGBYNJZMY-UHFFFAOYSA-N,"4-butan-2-yl-2,6-dimethylnonane",,Patents,,IBM,Research and Development,,212.41,0.0,137,7.2,15,0,0,8,212.250397,212.250397,0,1,0,3,0,3,0,0,0,0,1,1,1,20170125
123842764,"3-Ethyl-2,6,8-trimethyldecane",,C15H32,"InChI=1S/C15H32/c1-7-13(5)11-14(6)9-10-15(8-2)12(3)4/h12-15H,7-11H2,1-6H3",CCC(C)CC(C)CCC(CC)C(C)C,AILLJMUJDAFWFP-UHFFFAOYSA-N,"3-ethyl-2,6,8-trimethyldecane",,Patents,,IBM,Research and Development,,212.41,0.0,137,7.2,15,0,0,8,212.250397,212.250397,0,1,0,3,0,3,0,0,0,0,1,1,1,20170125
123843390,"5-Ethyl-3,4,6,7-tetramethylnonane",,C15H32,"InChI=1S/C15H32/c1-8-11(4)13(6)15(10-3)14(7)12(5)9-2/h11-15H,8-10H2,1-7H3",CCC(C)C(C)C(CC)C(C)C(C)CC,YJSHAQDMHQPHOB-UHFFFAOYSA-N,"5-ethyl-3,4,6,7-tetramethylnonane",,Patents,,IBM,Research and Development,,212.41,0.0,134,6.9,15,0,0,7,212.250397,212.250397,0,1,0,4,0,4,0,0,0,0,1,1,1,20170125
123848711,"2,3,3,4,6,6,7-Heptamethyloctane",,C15H32,"InChI=1S/C15H32/c1-11(2)14(6,7)10-13(5)15(8,9)12(3)4/h11-13H,10H2,1-9H3",CC(C)C(C)(C)CC(C)C(C)(C)C(C)C,LVNQADUCFYYBPM-UHFFFAOYSA-N,"2,3,3,4,6,6,7-heptamethyloctane",,Patents,,IBM,Research and Development,,212.41,0.0,184,6.6,15,0,0,5,212.250397,212.250397,0,1,0,1,0,1,0,0,0,0,1,1,1,20170125
123848927,"3,6-Diethyl-3,4,4-trimethyloctane",,C15H32,"InChI=1S/C15H32/c1-8-13(9-2)12-14(5,6)15(7,10-3)11-4/h13H,8-12H2,1-7H3",CCC(CC)CC(C)(C)C(C)(CC)CC,CXIJYHHDMYKDBI-UHFFFAOYSA-N,"3,6-diethyl-3,4,4-trimethyloctane",,Patents,,IBM,Research and Development,,212.41,0.0,159,7.2,15,0,0,7,212.250397,212.250397,0,1,0,0,0,0,0,0,0,0,1,1,1,20170125
123849862,"2,5,5,8-Tetramethylundecane",,C15H32,"InChI=1S/C15H32/c1-7-8-14(4)10-12-15(5,6)11-9-13(2)3/h13-14H,7-12H2,1-6H3",CCCC(C)CCC(C)(C)CCC(C)C,FIBFABHLLZCETN-UHFFFAOYSA-N,"2,5,5,8-tetramethylundecane",,Patents,,IBM,Research and Development,,212.41,0.0,144,7.3,15,0,0,8,212.250397,212.250397,0,1,0,1,0,1,0,0,0,0,1,1,1,20170125
123850192,"4-Ethyl-2,10-dimethylundecane",,C15H32,"InChI=1S/C15H32/c1-6-15(12-14(4)5)11-9-7-8-10-13(2)3/h13-15H,6-12H2,1-5H3",CCC(CCCCCC(C)C)CC(C)C,UOIODCACMDGJGJ-UHFFFAOYSA-N,"4-ethyl-2,10-dimethylundecane",,Patents,,IBM,Research and Development,,212.41,0.0,124,7.5,15,0,0,9,212.250397,212.250397,0,1,0,1,0,1,0,0,0,0,1,1,1,20170125
123851888,"3,5,7,7-Tetramethylundecane",,C15H32,"InChI=1S/C15H32/c1-7-9-10-15(5,6)12-14(4)11-13(3)8-2/h13-14H,7-12H2,1-6H3",CCCCC(C)(C)CC(C)CC(C)CC,SXGHSAPUFMLDSI-UHFFFAOYSA-N,"3,5,7,7-tetramethylundecane",,Patents,,IBM,Research and Development,,212.41,0.0,146,7.3,15,0,0,8,212.250397,212.250397,0,1,0,2,0,2,0,0,0,0,1,1,1,20170125
123852025,"2,2,3,3,4,5-Hexamethyl-4-propan-2-ylhexane",,C15H32,"InChI=1S/C15H32/c1-11(2)15(10,12(3)4)14(8,9)13(5,6)7/h11-12H,1-10H3",CC(C)C(C)(C(C)C)C(C)(C)C(C)(C)C,OVZFJININMQMPG-UHFFFAOYSA-N,"2,2,3,3,4,5-hexamethyl-4-propan-2-ylhexane",,Patents,,IBM,Research and Development,,212.41,0.0,193,6.5,15,0,0,4,212.250397,212.250397,0,1,0,0,0,0,0,0,0,0,1,1,1,20170125
123852966,5-Methyl-6-propan-2-ylundecane,,C15H32,"InChI=1S/C15H32/c1-6-8-10-12-15(13(3)4)14(5)11-9-7-2/h13-15H,6-12H2,1-5H3",CCCCCC(C(C)C)C(C)CCCC,WJTBDSLIKIPBHE-UHFFFAOYSA-N,5-methyl-6-propan-2-ylundecane,,Patents,,IBM,Research and Development,,212.41,0.0,126,7.5,15,0,0,9,212.250397,212.250397,0,1,0,2,0,2,0,0,0,0,1,1,1,20170125
123855126,4-Ethyl-4-methyldodecane,,C15H32,"InChI=1S/C15H32/c1-5-8-9-10-11-12-14-15(4,7-3)13-6-2/h5-14H2,1-4H3",CCCCCCCCC(C)(CC)CCC,NUOUQPKMCZSUJJ-UHFFFAOYSA-N,4-ethyl-4-methyldodecane,,Patents,,IBM,Research and Development,,212.41,0.0,128,7.9,15,0,0,10,212.250397,212.250397,0,1,0,1,0,1,0,0,0,0,2,2,1,20170125
123856496,"3,4-Diethyl-7-methyldecane",,C15H32,"InChI=1S/C15H32/c1-6-10-13(5)11-12-15(9-4)14(7-2)8-3/h13-15H,6-12H2,1-5H3",CCCC(C)CCC(CC)C(CC)CC,MJDOCEVDPSQBDI-UHFFFAOYSA-N,"3,4-diethyl-7-methyldecane",,Patents,,IBM,Research and Development,,212.41,0.0,124,7.5,15,0,0,9,212.250397,212.250397,0,1,0,2,0,2,0,0,0,0,1,1,1,20170125
123859368,"4,5-Diethyl-2,2,4,6-tetramethylheptane",,C15H32,"InChI=1S/C15H32/c1-9-13(12(3)4)15(8,10-2)11-14(5,6)7/h12-13H,9-11H2,1-8H3",CCC(C(C)C)C(C)(CC)CC(C)(C)C,BSSDMNHIPJLCLK-UHFFFAOYSA-N,"4,5-diethyl-2,2,4,6-tetramethylheptane",,Patents,,IBM,Research and Development,,212.41,0.0,173,6.9,15,0,0,6,212.250397,212.250397,0,1,0,2,0,2,0,0,0,0,1,1,1,20170125
123861226,"3-Ethyl-2,3,4-trimethyldecane",,C15H32,"InChI=1S/C15H32/c1-7-9-10-11-12-14(5)15(6,8-2)13(3)4/h13-14H,7-12H2,1-6H3",CCCCCCC(C)C(C)(CC)C(C)C,VWZMTWPLMREAPR-UHFFFAOYSA-N,"3-ethyl-2,3,4-trimethyldecane",,Patents,,IBM,Research and Development,,212.41,0.0,148,7.3,15,0,0,8,212.250397,212.250397,0,1,0,2,0,2,0,0,0,0,1,1,1,20170125
123870653,"5,5,6,7-Tetramethylundecane",,C15H32,"InChI=1S/C15H32/c1-7-9-11-13(3)14(4)15(5,6)12-10-8-2/h13-14H,7-12H2,1-6H3",CCCCC(C)C(C)C(C)(C)CCCC,SKNCMBRUAPYHKS-UHFFFAOYSA-N,"5,5,6,7-tetramethylundecane",,Patents,,IBM,Research and Development,,212.41,0.0,146,7.3,15,0,0,8,212.250397,212.250397,0,1,0,2,0,2,0,0,0,0,3,3,1,20170125
123871855,"3,5,8-Trimethyldodecane",,C15H32,"InChI=1S/C15H32/c1-6-8-9-14(4)10-11-15(5)12-13(3)7-2/h13-15H,6-12H2,1-5H3",CCCCC(C)CCC(C)CC(C)CC,IUKKNTAHVGHTEE-UHFFFAOYSA-N,"3,5,8-trimethyldodecane",,Patents,,Google Patents|IBM,Research and Development,,212.41,0.0,128,7.5,15,0,0,9,212.250397,212.250397,0,1,0,3,0,3,0,0,0,0,5,4,1,20170125
123872781,"2,4,5-Trimethyl-3-propan-2-ylnonane",,C15H32,"InChI=1S/C15H32/c1-8-9-10-13(6)14(7)15(11(2)3)12(4)5/h11-15H,8-10H2,1-7H3",CCCCC(C)C(C)C(C(C)C)C(C)C,WFNYPIHYQBRWOP-UHFFFAOYSA-N,"2,4,5-trimethyl-3-propan-2-ylnonane",,Patents,,IBM,Research and Development,,212.41,0.0,138,6.9,15,0,0,7,212.250397,212.250397,0,1,0,2,0,2,0,0,0,0,1,1,1,20170125
123877709,"4,5,6-Trimethyl-5-propylnonane",,C15H32,"InChI=1S/C15H32/c1-7-10-13(4)15(6,12-9-3)14(5)11-8-2/h13-14H,7-12H2,1-6H3",CCCC(C)C(C)(CCC)C(C)CCC,KGNDQLYNNZRVPH-UHFFFAOYSA-N,"4,5,6-trimethyl-5-propylnonane",,Patents,,Google Patents|IBM,Research and Development,,212.41,0.0,136,7.3,15,0,0,8,212.250397,212.250397,0,1,0,2,0,2,0,0,0,0,2,2,1,20170125
123878552,4-Methyl-5-propan-2-ylundecane,,C15H32,"InChI=1S/C15H32/c1-6-8-9-10-12-15(13(3)4)14(5)11-7-2/h13-15H,6-12H2,1-5H3",CCCCCCC(C(C)C)C(C)CCC,FEZWVAIPSJXADV-UHFFFAOYSA-N,4-methyl-5-propan-2-ylundecane,,Patents,,IBM,Research and Development,,212.41,0.0,126,7.5,15,0,0,9,212.250397,212.250397,0,1,0,2,0,2,0,0,0,0,1,1,1,20170125
123878943,"3-Ethyl-5,6-dimethyl-4-propyloctane",,C15H32,"InChI=1S/C15H32/c1-7-11-15(14(9-3)10-4)13(6)12(5)8-2/h12-15H,7-11H2,1-6H3",CCCC(C(C)C(C)CC)C(CC)CC,FVJDIDGVFDRNAY-UHFFFAOYSA-N,"3-ethyl-5,6-dimethyl-4-propyloctane",,Patents,,IBM,Research and Development,,212.41,0.0,135,7.2,15,0,0,8,212.250397,212.250397,0,1,0,3,0,3,0,0,0,0,1,1,1,20170125
123879146,"3,4,7-Trimethyl-6-propan-2-ylnonane",,C15H32,"InChI=1S/C15H32/c1-8-12(5)14(7)10-15(11(3)4)13(6)9-2/h11-15H,8-10H2,1-7H3",CCC(C)C(C)CC(C(C)C)C(C)CC,ZBWACYSEPCJZIS-UHFFFAOYSA-N,"3,4,7-trimethyl-6-propan-2-ylnonane",,Patents,,IBM,Research and Development,,212.41,0.0,148,6.9,15,0,0,7,212.250397,212.250397,0,1,0,4,0,4,0,0,0,0,2,2,1,20170125
123880776,"6-Ethyl-2,3,5,8-tetramethylnonane",,C15H32,"InChI=1S/C15H32/c1-8-15(9-11(2)3)14(7)10-13(6)12(4)5/h11-15H,8-10H2,1-7H3",CCC(CC(C)C)C(C)CC(C)C(C)C,QPELVLMJWAADST-UHFFFAOYSA-N,"6-ethyl-2,3,5,8-tetramethylnonane",,Patents,,IBM|PATENTSCOPE (WIPO),Governmental Organizations|Research and Development,,212.41,0.0,146,6.9,15,0,0,7,212.250397,212.250397,0,1,0,3,0,3,0,0,0,0,2,2,1,20170125
123881860,"3-Ethyl-3,5,5,7-tetramethylnonane",,C15H32,"InChI=1S/C15H32/c1-8-13(4)11-14(5,6)12-15(7,9-2)10-3/h13H,8-12H2,1-7H3",CCC(C)CC(C)(C)CC(C)(CC)CC,KZHMVSGFJAJGGR-UHFFFAOYSA-N,"3-ethyl-3,5,5,7-tetramethylnonane",,Patents,,IBM,Research and Development,,212.41,0.0,163,7.2,15,0,0,7,212.250397,212.250397,0,1,0,1,0,1,0,0,0,0,1,1,1,20170125
123882928,"3-Ethyl-3,4-dimethylundecane",,C15H32,"InChI=1S/C15H32/c1-6-9-10-11-12-13-14(4)15(5,7-2)8-3/h14H,6-13H2,1-5H3",CCCCCCCC(C)C(C)(CC)CC,RDXWXBXYCZQZAO-UHFFFAOYSA-N,"3-ethyl-3,4-dimethylundecane",,Patents,,IBM,Research and Development,,212.41,0.0,133,7.6,15,0,0,9,212.250397,212.250397,0,1,0,1,0,1,0,0,0,0,1,1,1,20170125
123885930,7-Ethyl-3-methyldodecane,,C15H32,"InChI=1S/C15H32/c1-5-8-9-12-15(7-3)13-10-11-14(4)6-2/h14-15H,5-13H2,1-4H3",CCCCCC(CC)CCCC(C)CC,XMNDXKFLUHSRHW-UHFFFAOYSA-N,7-ethyl-3-methyldodecane,,Patents,,IBM,Research and Development,,212.41,0.0,117,7.8,15,0,0,10,212.250397,212.250397,0,1,0,2,0,2,0,0,0,0,2,2,1,20170125
123887001,"3-Ethyl-5,6-dimethylundecane",,C15H32,"InChI=1S/C15H32/c1-6-9-10-11-13(4)14(5)12-15(7-2)8-3/h13-15H,6-12H2,1-5H3",CCCCCC(C)C(C)CC(CC)CC,DCXYCFOLZHKHLU-UHFFFAOYSA-N,"3-ethyl-5,6-dimethylundecane",,Patents,,IBM,Research and Development,,212.41,0.0,124,7.5,15,0,0,9,212.250397,212.250397,0,1,0,2,0,2,0,0,0,0,1,1,1,20170125
123891132,"2,3-Dimethyl-4-propan-2-yldecane",,C15H32,"InChI=1S/C15H32/c1-7-8-9-10-11-15(13(4)5)14(6)12(2)3/h12-15H,7-11H2,1-6H3",CCCCCCC(C(C)C)C(C)C(C)C,HBIHJYVGRNMJKP-UHFFFAOYSA-N,"2,3-dimethyl-4-propan-2-yldecane",,Patents,,IBM,Research and Development,,212.41,0.0,135,7.2,15,0,0,8,212.250397,212.250397,0,1,0,2,0,2,0,0,0,0,1,1,1,20170125
123894711,"5-Butyl-2,3-dimethylnonane",,C15H32,"InChI=1S/C15H32/c1-6-8-10-15(11-9-7-2)12-14(5)13(3)4/h13-15H,6-12H2,1-5H3",CCCCC(CCCC)CC(C)C(C)C,RGZSPVDVCHSBPA-UHFFFAOYSA-N,"5-butyl-2,3-dimethylnonane",,Patents,,IBM,Research and Development,,212.41,0.0,118,7.5,15,0,0,9,212.250397,212.250397,0,1,0,1,0,1,0,0,0,0,2,2,1,20170125
123895670,"3-Ethyl-2,6,7-trimethyldecane",,C15H32,"InChI=1S/C15H32/c1-7-9-13(5)14(6)10-11-15(8-2)12(3)4/h12-15H,7-11H2,1-6H3",CCCC(C)C(C)CCC(CC)C(C)C,VPMPHOHVDXACJY-UHFFFAOYSA-N,"3-ethyl-2,6,7-trimethyldecane",,Patents,,IBM,Research and Development,,212.41,0.0,137,7.2,15,0,0,8,212.250397,212.250397,0,1,0,3,0,3,0,0,0,0,3,3,1,20170125
123897574,"6-Ethyl-2,10-dimethylundecane",,C15H32,"InChI=1S/C15H32/c1-6-15(11-7-9-13(2)3)12-8-10-14(4)5/h13-15H,6-12H2,1-5H3",CCC(CCCC(C)C)CCCC(C)C,HXSCVLWKQZDHBB-UHFFFAOYSA-N,"6-ethyl-2,10-dimethylundecane",,Patents,,IBM,Research and Development,,212.41,0.0,110,7.5,15,0,0,9,212.250397,212.250397,0,1,0,0,0,0,0,0,0,0,2,2,1,20170125
123898761,"2,2,6,6,8-Pentamethyldecane",,C15H32,"InChI=1S/C15H32/c1-8-13(2)12-15(6,7)11-9-10-14(3,4)5/h13H,8-12H2,1-7H3",CCC(C)CC(C)(C)CCCC(C)(C)C,FFNZTPLCCJUECB-UHFFFAOYSA-N,"2,2,6,6,8-pentamethyldecane",,Patents,,IBM,Research and Development,,212.41,0.0,159,7.2,15,0,0,7,212.250397,212.250397,0,1,0,1,0,1,0,0,0,0,1,1,1,20170125
123899721,"2,5,6-Trimethyl-4-(2-methylpropyl)octane",,C15H32,"InChI=1S/C15H32/c1-8-13(6)14(7)15(9-11(2)3)10-12(4)5/h11-15H,8-10H2,1-7H3",CCC(C)C(C)C(CC(C)C)CC(C)C,PVBSRQFDIKEHDS-UHFFFAOYSA-N,"2,5,6-trimethyl-4-(2-methylpropyl)octane",,Patents,,IBM,Research and Development,,212.41,0.0,136,6.9,15,0,0,7,212.250397,212.250397,0,1,0,2,0,2,0,0,0,0,1,1,1,20170125
123900003,"3,3,6,7,8-Pentamethyldecane",,C15H32,"InChI=1S/C15H32/c1-8-12(3)14(5)13(4)10-11-15(6,7)9-2/h12-14H,8-11H2,1-7H3",CCC(C)C(C)C(C)CCC(C)(C)CC,JZPFOXHZCYWBDM-UHFFFAOYSA-N,"3,3,6,7,8-pentamethyldecane",,Patents,,IBM,Research and Development,,212.41,0.0,157,7.0,15,0,0,7,212.250397,212.250397,0,1,0,3,0,3,0,0,0,0,1,1,1,20170125
123901549,"6-Ethyl-2,3,9-trimethyldecane",,C15H32,"InChI=1S/C15H32/c1-7-15(10-8-12(2)3)11-9-14(6)13(4)5/h12-15H,7-11H2,1-6H3",CCC(CCC(C)C)CCC(C)C(C)C,DJRYYGIEVHSTAF-UHFFFAOYSA-N,"6-ethyl-2,3,9-trimethyldecane",,Patents,,IBM,Research and Development,,212.41,0.0,135,7.2,15,0,0,8,212.250397,212.250397,0,1,0,2,0,2,0,0,0,0,1,1,1,20170125
123903703,3-Ethyl-6-methyl-5-propylnonane,,C15H32,"InChI=1S/C15H32/c1-6-10-13(5)15(11-7-2)12-14(8-3)9-4/h13-15H,6-12H2,1-5H3",CCCC(C)C(CCC)CC(CC)CC,AGBWTXDVVDZZHS-UHFFFAOYSA-N,3-ethyl-6-methyl-5-propylnonane,,Patents,,IBM,Research and Development,,212.41,0.0,124,7.5,15,0,0,9,212.250397,212.250397,0,1,0,2,0,2,0,0,0,0,1,1,1,20170125
123904374,"4,6-Dimethyl-5-propan-2-yldecane",,C15H32,"InChI=1S/C15H32/c1-7-9-11-14(6)15(12(3)4)13(5)10-8-2/h12-15H,7-11H2,1-6H3",CCCCC(C)C(C(C)C)C(C)CCC,MBDNXHKLHQUJQL-UHFFFAOYSA-N,"4,6-dimethyl-5-propan-2-yldecane",,Patents,,IBM,Research and Development,,212.41,0.0,137,7.2,15,0,0,8,212.250397,212.250397,0,1,0,3,0,3,0,0,0,0,1,1,1,20170125
123904541,"2,4,5,7,8-Pentamethyldecane",,C15H32,"InChI=1S/C15H32/c1-8-12(4)14(6)10-15(7)13(5)9-11(2)3/h11-15H,8-10H2,1-7H3",CCC(C)C(C)CC(C)C(C)CC(C)C,XMBMZFCULPSLBX-UHFFFAOYSA-N,"2,4,5,7,8-pentamethyldecane",,Patents,,IBM,Research and Development,,212.41,0.0,148,6.9,15,0,0,7,212.250397,212.250397,0,1,0,4,0,4,0,0,0,0,1,1,1,20170125
123905371,"3-Ethyl-2,6-dimethyl-5-propan-2-yloctane",,C15H32,"InChI=1S/C15H32/c1-8-13(7)15(12(5)6)10-14(9-2)11(3)4/h11-15H,8-10H2,1-7H3",CCC(C)C(CC(CC)C(C)C)C(C)C,CSFVFQAXMAMEFD-UHFFFAOYSA-N,"3-ethyl-2,6-dimethyl-5-propan-2-yloctane",,Patents,,IBM,Research and Development,,212.41,0.0,146,6.9,15,0,0,7,212.250397,212.250397,0,1,0,3,0,3,0,0,0,0,1,1,1,20170125
123905608,"7-Ethyl-3,4,5-trimethyldecane",,C15H32,"InChI=1S/C15H32/c1-7-10-15(9-3)11-13(5)14(6)12(4)8-2/h12-15H,7-11H2,1-6H3",CCCC(CC)CC(C)C(C)C(C)CC,YYURVNBRAHOOJY-UHFFFAOYSA-N,"7-ethyl-3,4,5-trimethyldecane",,Patents,,IBM,Research and Development,,212.41,0.0,139,7.2,15,0,0,8,212.250397,212.250397,0,1,0,4,0,4,0,0,0,0,1,1,1,20170125
123908837,"2,3,3,4,4,5-Hexamethylnonane",SCHEMBL2868367,C15H32,"InChI=1S/C15H32/c1-9-10-11-13(4)15(7,8)14(5,6)12(2)3/h12-13H,9-11H2,1-8H3",CCCCC(C)C(C)(C)C(C)(C)C(C)C,SUYVBAVSNMMXEI-UHFFFAOYSA-N,"2,3,3,4,4,5-hexamethylnonane",,Patents,,IBM|SureChEMBL,Curation Efforts|Research and Development,,212.41,0.0,174,6.9,15,0,0,6,212.250397,212.250397,0,1,0,1,0,1,0,0,0,0,7,7,1,20170125
123910768,"6-Ethyl-4,7-dimethylundecane",,C15H32,"InChI=1S/C15H32/c1-6-9-11-14(5)15(8-3)12-13(4)10-7-2/h13-15H,6-12H2,1-5H3",CCCCC(C)C(CC)CC(C)CCC,KMUMKRZFALVLPP-UHFFFAOYSA-N,"6-ethyl-4,7-dimethylundecane",,Patents,,IBM,Research and Development,,212.41,0.0,128,7.5,15,0,0,9,212.250397,212.250397,0,1,0,3,0,3,0,0,0,0,2,2,1,20170125
123913973,"3-Ethyl-2,3,6,6,7-pentamethyloctane",,C15H32,"InChI=1S/C15H32/c1-9-15(8,13(4)5)11-10-14(6,7)12(2)3/h12-13H,9-11H2,1-8H3",CCC(C)(CCC(C)(C)C(C)C)C(C)C,QFAZGTNOGDBACB-UHFFFAOYSA-N,"3-ethyl-2,3,6,6,7-pentamethyloctane",,Patents,,IBM,Research and Development,,212.41,0.0,176,6.9,15,0,0,6,212.250397,212.250397,0,1,0,1,0,1,0,0,0,0,1,1,1,20170125
123916136,"4,6-Diethyl-2,2,4-trimethyloctane",,C15H32,"InChI=1S/C15H32/c1-8-13(9-2)11-15(7,10-3)12-14(4,5)6/h13H,8-12H2,1-7H3",CCC(CC)CC(C)(CC)CC(C)(C)C,LXLOTHHGCOKUAW-UHFFFAOYSA-N,"4,6-diethyl-2,2,4-trimethyloctane",,Patents,,IBM,Research and Development,,212.41,0.0,159,7.2,15,0,0,7,212.250397,212.250397,0,1,0,1,0,1,0,0,0,0,1,1,1,20170125
123916709,"3,5-Dimethyl-7-propan-2-yldecane",,C15H32,"InChI=1S/C15H32/c1-7-9-15(12(3)4)11-14(6)10-13(5)8-2/h12-15H,7-11H2,1-6H3",CCCC(CC(C)CC(C)CC)C(C)C,NIXHDCZJHNAEHV-UHFFFAOYSA-N,"3,5-dimethyl-7-propan-2-yldecane",,Patents,,IBM,Research and Development,,212.41,0.0,137,7.2,15,0,0,8,212.250397,212.250397,0,1,0,3,0,3,0,0,0,0,1,1,1,20170125
123917276,"2,2,3,5,6-Pentamethyl-3-propan-2-ylheptane",,C15H32,"InChI=1S/C15H32/c1-11(2)13(5)10-15(9,12(3)4)14(6,7)8/h11-13H,10H2,1-9H3",CC(C)C(C)CC(C)(C(C)C)C(C)(C)C,MDHZXHGIKHDJMY-UHFFFAOYSA-N,"2,2,3,5,6-pentamethyl-3-propan-2-ylheptane",,Patents,,IBM,Research and Development,,212.41,0.0,183,6.6,15,0,0,5,212.250397,212.250397,0,1,0,2,0,2,0,0,0,0,1,1,1,20170125
123918893,"3,3,4,4,5,7-Hexamethylnonane",,C15H32,"InChI=1S/C15H32/c1-9-12(3)11-13(4)15(7,8)14(5,6)10-2/h12-13H,9-11H2,1-8H3",CCC(C)CC(C)C(C)(C)C(C)(C)CC,YRSVQZWVNUCERG-UHFFFAOYSA-N,"3,3,4,4,5,7-hexamethylnonane",,Patents,,IBM,Research and Development,,212.41,0.0,176,6.9,15,0,0,6,212.250397,212.250397,0,1,0,2,0,2,0,0,0,0,2,2,1,20170125
123919649,"4,6-Diethyl-3,7-dimethylnonane",,C15H32,"InChI=1S/C15H32/c1-7-12(5)14(9-3)11-15(10-4)13(6)8-2/h12-15H,7-11H2,1-6H3",CCC(C)C(CC)CC(CC)C(C)CC,VCSIZJQNVJJBAS-UHFFFAOYSA-N,"4,6-diethyl-3,7-dimethylnonane",,Patents,,IBM,Research and Development,,212.41,0.0,123,7.2,15,0,0,8,212.250397,212.250397,0,1,0,4,0,4,0,0,0,0,1,1,1,20170125
123920821,"5-Ethyl-3,4-dimethyl-5-propan-2-yloctane",,C15H32,"InChI=1S/C15H32/c1-8-11-15(10-3,12(4)5)14(7)13(6)9-2/h12-14H,8-11H2,1-7H3",CCCC(CC)(C(C)C)C(C)C(C)CC,QVHYZQBIVSLJHY-UHFFFAOYSA-N,"5-ethyl-3,4-dimethyl-5-propan-2-yloctane",,Patents,,IBM,Research and Development,,212.41,0.0,159,7.0,15,0,0,7,212.250397,212.250397,0,1,0,3,0,3,0,0,0,0,1,1,1,20170125
123922455,"2,2,3,7,8,8-Hexamethylnonane",SCHEMBL14125625|SCHEMBL22808465,C15H32,"InChI=1S/C15H32/c1-12(14(3,4)5)10-9-11-13(2)15(6,7)8/h12-13H,9-11H2,1-8H3",CC(CCCC(C)C(C)(C)C)C(C)(C)C,JXRKENWSPPIDCM-UHFFFAOYSA-N,"2,2,3,7,8,8-hexamethylnonane",,Patents,,Google Patents|IBM|PATENTSCOPE (WIPO)|SureChEMBL,Curation Efforts|Governmental Organizations|Research and Development,,212.41,0.0,145,6.9,15,0,0,6,212.250397,212.250397,0,1,0,2,0,2,0,0,0,0,6,5,1,20170125
123924355,"6-Ethyl-3,3,4,7-tetramethylnonane",,C15H32,"InChI=1S/C15H32/c1-8-12(4)14(9-2)11-13(5)15(6,7)10-3/h12-14H,8-11H2,1-7H3",CCC(C)C(CC)CC(C)C(C)(C)CC,NUXDPGBIUMGIBE-UHFFFAOYSA-N,"6-ethyl-3,3,4,7-tetramethylnonane",,Patents,,IBM,Research and Development,,212.41,0.0,157,7.0,15,0,0,7,212.250397,212.250397,0,1,0,3,0,3,0,0,0,0,1,1,1,20170125
123926116,"6-Ethyl-2,3,3,4-tetramethylnonane",,C15H32,"InChI=1S/C15H32/c1-8-10-14(9-2)11-13(5)15(6,7)12(3)4/h12-14H,8-11H2,1-7H3",CCCC(CC)CC(C)C(C)(C)C(C)C,HUKQEBCTZNKYRC-UHFFFAOYSA-N,"6-ethyl-2,3,3,4-tetramethylnonane",,Patents,,IBM,Research and Development,,212.41,0.0,155,7.0,15,0,0,7,212.250397,212.250397,0,1,0,2,0,2,0,0,0,0,1,1,1,20170125
123927416,"2,4,5,9-Tetramethylundecane",,C15H32,"InChI=1S/C15H32/c1-7-13(4)9-8-10-14(5)15(6)11-12(2)3/h12-15H,7-11H2,1-6H3",CCC(C)CCCC(C)C(C)CC(C)C,SDHVEMVKEQWCJK-UHFFFAOYSA-N,"2,4,5,9-tetramethylundecane",,Patents,,IBM,Research and Development,,212.41,0.0,137,7.2,15,0,0,8,212.250397,212.250397,0,1,0,3,0,3,0,0,0,0,2,2,1,20170125
123927579,"2,2,3,5,6-Pentamethyl-4-propan-2-ylheptane",,C15H32,"InChI=1S/C15H32/c1-10(2)12(5)14(11(3)4)13(6)15(7,8)9/h10-14H,1-9H3",CC(C)C(C)C(C(C)C)C(C)C(C)(C)C,KGMLDHIDMSYMQE-UHFFFAOYSA-N,"2,2,3,5,6-pentamethyl-4-propan-2-ylheptane",,Patents,,IBM,Research and Development,,212.41,0.0,171,6.5,15,0,0,5,212.250397,212.250397,0,1,0,3,0,3,0,0,0,0,1,1,1,20170125
123927679,"2,3,4,5-Tetramethyl-4-propan-2-yloctane",,C15H32,"InChI=1S/C15H32/c1-9-10-13(6)15(8,12(4)5)14(7)11(2)3/h11-14H,9-10H2,1-8H3",CCCC(C)C(C)(C(C)C)C(C)C(C)C,LRJANQRJZOKYHU-UHFFFAOYSA-N,"2,3,4,5-tetramethyl-4-propan-2-yloctane",,Patents,,IBM,Research and Development,,212.41,0.0,169,6.7,15,0,0,6,212.250397,212.250397,0,1,0,3,0,3,0,0,0,0,1,1,1,20170125
123927734,"2,2,3,3,4,5,6,6-Octamethylheptane",,C15H32,"InChI=1S/C15H32/c1-11(13(3,4)5)12(2)15(9,10)14(6,7)8/h11-12H,1-10H3",CC(C(C)C(C)(C)C(C)(C)C)C(C)(C)C,QMNUVDIBGYTWGW-UHFFFAOYSA-N,"2,2,3,3,4,5,6,6-octamethylheptane",,Patents,,IBM,Research and Development,,212.41,0.0,197,6.5,15,0,0,4,212.250397,212.250397,0,1,0,2,0,2,0,0,0,0,3,3,1,20170125
123929328,"2-Methyl-4,4-dipropyloctane",,C15H32,"InChI=1S/C15H32/c1-6-9-12-15(10-7-2,11-8-3)13-14(4)5/h14H,6-13H2,1-5H3",CCCCC(CCC)(CCC)CC(C)C,AWHAGLICHBWICV-UHFFFAOYSA-N,"2-methyl-4,4-dipropyloctane",,Patents,,IBM,Research and Development,,212.41,0.0,129,7.6,15,0,0,9,212.250397,212.250397,0,1,0,0,0,0,0,0,0,0,1,1,1,20170125
123929803,"3,3-Dimethyl-6-propan-2-yldecane",,C15H32,"InChI=1S/C15H32/c1-7-9-10-14(13(3)4)11-12-15(5,6)8-2/h13-14H,7-12H2,1-6H3",CCCCC(CCC(C)(C)CC)C(C)C,KUVLPSJAZNZGSS-UHFFFAOYSA-N,"3,3-dimethyl-6-propan-2-yldecane",,Patents,,IBM,Research and Development,,212.41,0.0,144,7.3,15,0,0,8,212.250397,212.250397,0,1,0,1,0,1,0,0,0,0,1,1,1,20170125
123931401,"4-Ethyl-5,6-dimethylundecane",,C15H32,"InChI=1S/C15H32/c1-6-9-10-12-13(4)14(5)15(8-3)11-7-2/h13-15H,6-12H2,1-5H3",CCCCCC(C)C(C)C(CC)CCC,FVERHJLVLVQFDE-UHFFFAOYSA-N,"4-ethyl-5,6-dimethylundecane",,Patents,,IBM,Research and Development,,212.41,0.0,128,7.5,15,0,0,9,212.250397,212.250397,0,1,0,3,0,3,0,0,0,0,2,2,1,20170125
123932982,"3-Ethyl-2,5,7,8-tetramethylnonane",,C15H32,"InChI=1S/C15H32/c1-8-15(12(4)5)10-13(6)9-14(7)11(2)3/h11-15H,8-10H2,1-7H3",CCC(CC(C)CC(C)C(C)C)C(C)C,ITYYZFUSBRASIH-UHFFFAOYSA-N,"3-ethyl-2,5,7,8-tetramethylnonane",,Patents,,IBM,Research and Development,,212.41,0.0,146,6.9,15,0,0,7,212.250397,212.250397,0,1,0,3,0,3,0,0,0,0,2,2,1,20170125
123936036,"6-Ethyl-3,7-dimethylundecane",,C15H32,"InChI=1S/C15H32/c1-6-9-10-14(5)15(8-3)12-11-13(4)7-2/h13-15H,6-12H2,1-5H3",CCCCC(C)C(CC)CCC(C)CC,POFHCBFHQZQHFU-UHFFFAOYSA-N,"6-ethyl-3,7-dimethylundecane",,Patents,,IBM,Research and Development,,212.41,0.0,128,7.5,15,0,0,9,212.250397,212.250397,0,1,0,3,0,3,0,0,0,0,1,1,1,20170125
123938913,"2,2,6,6-Tetramethyl-4-propan-2-yloctane",,C15H32,"InChI=1S/C15H32/c1-9-15(7,8)11-13(12(2)3)10-14(4,5)6/h12-13H,9-11H2,1-8H3",CCC(C)(C)CC(CC(C)(C)C)C(C)C,JFOBVLJRZXUJMF-UHFFFAOYSA-N,"2,2,6,6-tetramethyl-4-propan-2-yloctane",,Patents,,IBM,Research and Development,,212.41,0.0,169,6.9,15,0,0,6,212.250397,212.250397,0,1,0,1,0,1,0,0,0,0,1,1,1,20170125
123942637,"5-Ethyl-3,4-dimethyl-4-propan-2-yloctane",,C15H32,"InChI=1S/C15H32/c1-8-11-14(10-3)15(7,12(4)5)13(6)9-2/h12-14H,8-11H2,1-7H3",CCCC(CC)C(C)(C(C)C)C(C)CC,ONZXDNNINOJVMD-UHFFFAOYSA-N,"5-ethyl-3,4-dimethyl-4-propan-2-yloctane",,Patents,,IBM,Research and Development,,212.41,0.0,159,7.0,15,0,0,7,212.250397,212.250397,0,1,0,3,0,3,0,0,0,0,1,1,1,20170125
123944935,"2,3,4,5,6-Pentamethyldecane",,C15H32,"InChI=1S/C15H32/c1-8-9-10-12(4)14(6)15(7)13(5)11(2)3/h11-15H,8-10H2,1-7H3",CCCCC(C)C(C)C(C)C(C)C(C)C,GFZOWIVVMCLLHQ-UHFFFAOYSA-N,"2,3,4,5,6-pentamethyldecane",,Patents,,IBM,Research and Development,,212.41,0.0,148,6.9,15,0,0,7,212.250397,212.250397,0,1,0,4,0,4,0,0,0,0,5,5,1,20170125
123945561,"2,3,4,5,6,8-Hexamethylnonane",,C15H32,"InChI=1S/C15H32/c1-10(2)9-12(5)14(7)15(8)13(6)11(3)4/h10-15H,9H2,1-8H3",CC(C)CC(C)C(C)C(C)C(C)C(C)C,QPNVMFHRMHJXAI-UHFFFAOYSA-N,"2,3,4,5,6,8-hexamethylnonane",,Patents,,IBM,Research and Development,,212.41,0.0,157,6.6,15,0,0,6,212.250397,212.250397,0,1,0,4,0,4,0,0,0,0,4,4,1,20170125
123945974,2-Methyl-4-propylundecane,,C15H32,"InChI=1S/C15H32/c1-5-7-8-9-10-12-15(11-6-2)13-14(3)4/h14-15H,5-13H2,1-4H3",CCCCCCCC(CCC)CC(C)C,JCHQEZDKNXSAFI-UHFFFAOYSA-N,2-methyl-4-propylundecane,,Patents,,IBM|PATENTSCOPE (WIPO),Governmental Organizations|Research and Development,,212.41,0.0,115,7.8,15,0,0,10,212.250397,212.250397,0,1,0,1,0,1,0,0,0,0,1,1,1,20170125
123946291,"6-Ethyl-2,6-dimethyl-4-propan-2-yloctane",,C15H32,"InChI=1S/C15H32/c1-8-15(7,9-2)11-14(13(5)6)10-12(3)4/h12-14H,8-11H2,1-7H3",CCC(C)(CC)CC(CC(C)C)C(C)C,UOHJLGNLMBIWFH-UHFFFAOYSA-N,"6-ethyl-2,6-dimethyl-4-propan-2-yloctane",,Patents,,IBM,Research and Development,,212.41,0.0,151,7.0,15,0,0,7,212.250397,212.250397,0,1,0,1,0,1,0,0,0,0,1,1,1,20170125
123949258,"4,5-Diethyl-4-methyldecane",,C15H32,"InChI=1S/C15H32/c1-6-10-11-12-14(8-3)15(5,9-4)13-7-2/h14H,6-13H2,1-5H3",CCCCCC(CC)C(C)(CC)CCC,GPWLYSHSLVXTHF-UHFFFAOYSA-N,"4,5-diethyl-4-methyldecane",,Patents,,IBM,Research and Development,,212.41,0.0,139,7.6,15,0,0,9,212.250397,212.250397,0,1,0,2,0,2,0,0,0,0,1,1,1,20170125
123952180,3-Ethyl-7-methyldodecane,SCHEMBL9304090,C15H32,"InChI=1S/C15H32/c1-5-8-9-11-14(4)12-10-13-15(6-2)7-3/h14-15H,5-13H2,1-4H3",CCCCCC(C)CCCC(CC)CC,RWBDMBCZVFYADG-UHFFFAOYSA-N,3-ethyl-7-methyldodecane,,Patents,,IBM|SureChEMBL,Curation Efforts|Research and Development,,212.41,0.0,113,7.8,15,0,0,10,212.250397,212.250397,0,1,0,1,0,1,0,0,0,0,2,2,1,20170125
123952186,"2,3,4,8-Tetramethylundecane",SCHEMBL3054537,C15H32,"InChI=1S/C15H32/c1-7-9-13(4)10-8-11-14(5)15(6)12(2)3/h12-15H,7-11H2,1-6H3",CCCC(C)CCCC(C)C(C)C(C)C,HCJHPVCXIOIGAF-UHFFFAOYSA-N,"2,3,4,8-tetramethylundecane",,Patents,,IBM|SureChEMBL,Curation Efforts|Research and Development,,212.41,0.0,137,7.2,15,0,0,8,212.250397,212.250397,0,1,0,3,0,3,0,0,0,0,3,3,1,20170125
123952889,"3-Ethyl-4,4,5,6-tetramethylnonane",,C15H32,"InChI=1S/C15H32/c1-8-11-12(4)13(5)15(6,7)14(9-2)10-3/h12-14H,8-11H2,1-7H3",CCCC(C)C(C)C(C)(C)C(CC)CC,HBIZZLUAJKLIOS-UHFFFAOYSA-N,"3-ethyl-4,4,5,6-tetramethylnonane",,Patents,,IBM,Research and Development,,212.41,0.0,153,7.0,15,0,0,7,212.250397,212.250397,0,1,0,2,0,2,0,0,0,0,1,1,1,20170125
123953991,3-Ethyl-3-methyl-6-propan-2-ylnonane,,C15H32,"InChI=1S/C15H32/c1-7-10-14(13(4)5)11-12-15(6,8-2)9-3/h13-14H,7-12H2,1-6H3",CCCC(CCC(C)(CC)CC)C(C)C,NWQGHBCVZLPVCM-UHFFFAOYSA-N,3-ethyl-3-methyl-6-propan-2-ylnonane,,Patents,,IBM,Research and Development,,212.41,0.0,142,7.3,15,0,0,8,212.250397,212.250397,0,1,0,1,0,1,0,0,0,0,1,1,1,20170125
123954911,"6,7-Diethyl-2,7-dimethylnonane",,C15H32,"InChI=1S/C15H32/c1-7-14(12-10-11-13(4)5)15(6,8-2)9-3/h13-14H,7-12H2,1-6H3",CCC(CCCC(C)C)C(C)(CC)CC,BUCCJZXSNRZAHI-UHFFFAOYSA-N,"6,7-diethyl-2,7-dimethylnonane",,Patents,,IBM,Research and Development,,212.41,0.0,142,7.3,15,0,0,8,212.250397,212.250397,0,1,0,1,0,1,0,0,0,0,2,2,1,20170125
123955335,"4-Ethyl-3,5,6,7-tetramethylnonane",,C15H32,"InChI=1S/C15H32/c1-8-11(4)13(6)14(7)15(10-3)12(5)9-2/h11-15H,8-10H2,1-7H3",CCC(C)C(C)C(C)C(CC)C(C)CC,BLZJEKLPEIUFSY-UHFFFAOYSA-N,"4-ethyl-3,5,6,7-tetramethylnonane",,Patents,,IBM,Research and Development,,212.41,0.0,150,6.9,15,0,0,7,212.250397,212.250397,0,1,0,5,0,5,0,0,0,0,1,1,1,20170125
123955435,"5-Butyl-4,5-dimethylnonane",,C15H32,"InChI=1S/C15H32/c1-6-9-12-15(5,13-10-7-2)14(4)11-8-3/h14H,6-13H2,1-5H3",CCCCC(C)(CCCC)C(C)CCC,IFAWUDBLTZDZRM-UHFFFAOYSA-N,"5-butyl-4,5-dimethylnonane",,Patents,,IBM,Research and Development,,212.41,0.0,129,7.6,15,0,0,9,212.250397,212.250397,0,1,0,1,0,1,0,0,0,0,2,2,1,20170125
123955511,"5,6-Diethylundecane",,C15H32,"InChI=1S/C15H32/c1-5-9-11-13-15(8-4)14(7-3)12-10-6-2/h14-15H,5-13H2,1-4H3",CCCCCC(CC)C(CC)CCCC,LYXZZQKNFVUGIK-UHFFFAOYSA-N,"5,6-diethylundecane",,Patents,,IBM,Research and Development,,212.41,0.0,117,7.8,15,0,0,10,212.250397,212.250397,0,1,0,2,0,2,0,0,0,0,1,1,1,20170125
123958641,"2,4,6,9-Tetramethylundecane",,C15H32,"InChI=1S/C15H32/c1-7-13(4)8-9-14(5)11-15(6)10-12(2)3/h12-15H,7-11H2,1-6H3",CCC(C)CCC(C)CC(C)CC(C)C,QSYFDFMQNGFXDN-UHFFFAOYSA-N,"2,4,6,9-tetramethylundecane",,Patents,,IBM,Research and Development,,212.41,0.0,137,7.2,15,0,0,8,212.250397,212.250397,0,1,0,3,0,3,0,0,0,0,1,1,1,20170125
123959109,3-Ethyl-6-methyldodecane,,C15H32,"InChI=1S/C15H32/c1-5-8-9-10-11-14(4)12-13-15(6-2)7-3/h14-15H,5-13H2,1-4H3",CCCCCCC(C)CCC(CC)CC,JZIYLYXLAXJWTK-UHFFFAOYSA-N,3-ethyl-6-methyldodecane,,Patents,,IBM,Research and Development,,212.41,0.0,113,7.8,15,0,0,10,212.250397,212.250397,0,1,0,1,0,1,0,0,0,0,1,1,1,20170125
123964225,"2,8,10-Trimethyldodecane",,C15H32,"InChI=1S/C15H32/c1-6-14(4)12-15(5)11-9-7-8-10-13(2)3/h13-15H,6-12H2,1-5H3",CCC(C)CC(C)CCCCCC(C)C,GBXSLHQESGXTBC-UHFFFAOYSA-N,"2,8,10-trimethyldodecane",,Patents,,Google Patents|IBM,Research and Development,,212.41,0.0,126,7.5,15,0,0,9,212.250397,212.250397,0,1,0,2,0,2,0,0,0,0,5,4,1,20170125
123964568,"3-Ethyl-2,7-dimethyl-4-propan-2-yloctane",,C15H32,"InChI=1S/C15H32/c1-8-14(12(4)5)15(13(6)7)10-9-11(2)3/h11-15H,8-10H2,1-7H3",CCC(C(C)C)C(CCC(C)C)C(C)C,DIEPBZHZQDEXSH-UHFFFAOYSA-N,"3-ethyl-2,7-dimethyl-4-propan-2-yloctane",,Patents,,IBM,Research and Development,,212.41,0.0,144,6.9,15,0,0,7,212.250397,212.250397,0,1,0,2,0,2,0,0,0,0,2,2,1,20170125
123964680,8-Ethyl-3-methyldodecane,,C15H32,"InChI=1S/C15H32/c1-5-8-12-15(7-3)13-10-9-11-14(4)6-2/h14-15H,5-13H2,1-4H3",CCCCC(CC)CCCCC(C)CC,CKAFTLKMZFZAFR-UHFFFAOYSA-N,8-ethyl-3-methyldodecane,,Patents,,IBM,Research and Development,,212.41,0.0,117,7.8,15,0,0,10,212.250397,212.250397,0,1,0,2,0,2,0,0,0,0,4,4,1,20170125
123964930,4-Tert-butyl-3-ethyl-5-methyloctane,,C15H32,"InChI=1S/C15H32/c1-8-11-12(4)14(15(5,6)7)13(9-2)10-3/h12-14H,8-11H2,1-7H3",CCCC(C)C(C(CC)CC)C(C)(C)C,UNLUYYLBRZQNKF-UHFFFAOYSA-N,4-tert-butyl-3-ethyl-5-methyloctane,,Patents,,IBM,Research and Development,,212.41,0.0,148,7.0,15,0,0,7,212.250397,212.250397,0,1,0,2,0,2,0,0,0,0,1,1,1,20170125
123965878,"4-Ethyl-2,5-dimethylundecane",,C15H32,"InChI=1S/C15H32/c1-6-8-9-10-11-14(5)15(7-2)12-13(3)4/h13-15H,6-12H2,1-5H3",CCCCCCC(C)C(CC)CC(C)C,UEOHXPOVCUFLHD-UHFFFAOYSA-N,"4-ethyl-2,5-dimethylundecane",,Patents,,IBM,Research and Development,,212.41,0.0,126,7.5,15,0,0,9,212.250397,212.250397,0,1,0,2,0,2,0,0,0,0,1,1,1,20170125
123967181,"4,4-Diethyl-3,7-dimethylnonane",,C15H32,"InChI=1S/C15H32/c1-7-13(5)11-12-15(9-3,10-4)14(6)8-2/h13-14H,7-12H2,1-6H3",CCC(C)CCC(CC)(CC)C(C)CC,XYMJAQLAFIOXAW-UHFFFAOYSA-N,"4,4-diethyl-3,7-dimethylnonane",,Patents,,IBM,Research and Development,,212.41,0.0,144,7.3,15,0,0,8,212.250397,212.250397,0,1,0,2,0,2,0,0,0,0,1,1,1,20170125
123967382,"3,4,5,5-Tetramethylundecane",,C15H32,"InChI=1S/C15H32/c1-7-9-10-11-12-15(5,6)14(4)13(3)8-2/h13-14H,7-12H2,1-6H3",CCCCCCC(C)(C)C(C)C(C)CC,GKFCBXMJNKWVGX-UHFFFAOYSA-N,"3,4,5,5-tetramethylundecane",,Patents,,IBM,Research and Development,,212.41,0.0,146,7.3,15,0,0,8,212.250397,212.250397,0,1,0,2,0,2,0,0,0,0,1,1,1,20170125
123969029,"2,4,5-Trimethyldodecane",,C15H32,"InChI=1S/C15H32/c1-6-7-8-9-10-11-14(4)15(5)12-13(2)3/h13-15H,6-12H2,1-5H3",CCCCCCCC(C)C(C)CC(C)C,XDPYTLQXFSQPDS-UHFFFAOYSA-N,"2,4,5-trimethyldodecane",,Patents,,IBM,Research and Development,,212.41,0.0,126,7.5,15,0,0,9,212.250397,212.250397,0,1,0,2,0,2,0,0,0,0,1,1,1,20170125
123969924,"4,7,8-Trimethyldodecane",,C15H32,"InChI=1S/C15H32/c1-6-8-10-14(4)15(5)12-11-13(3)9-7-2/h13-15H,6-12H2,1-5H3",CCCCC(C)C(C)CCC(C)CCC,SIRJWAUJMQWJPW-UHFFFAOYSA-N,"4,7,8-trimethyldodecane",,Patents,,IBM|PATENTSCOPE (WIPO),Governmental Organizations|Research and Development,,212.41,0.0,128,7.5,15,0,0,9,212.250397,212.250397,0,1,0,3,0,3,0,0,0,0,1,1,1,20170125
123970261,6-Methyl-5-propan-2-ylundecane,,C15H32,"InChI=1S/C15H32/c1-6-8-10-11-14(5)15(13(3)4)12-9-7-2/h13-15H,6-12H2,1-5H3",CCCCCC(C)C(CCCC)C(C)C,KFTDZFBZHCIXIB-UHFFFAOYSA-N,6-methyl-5-propan-2-ylundecane,,Patents,,IBM,Research and Development,,212.41,0.0,126,7.5,15,0,0,9,212.250397,212.250397,0,1,0,2,0,2,0,0,0,0,1,1,1,20170125
123971023,"4,5-Diethyl-2-methyldecane",,C15H32,"InChI=1S/C15H32/c1-6-9-10-11-14(7-2)15(8-3)12-13(4)5/h13-15H,6-12H2,1-5H3",CCCCCC(CC)C(CC)CC(C)C,QBPNTUODRFIIFQ-UHFFFAOYSA-N,"4,5-diethyl-2-methyldecane",,Patents,,IBM,Research and Development,,212.41,0.0,126,7.5,15,0,0,9,212.250397,212.250397,0,1,0,2,0,2,0,0,0,0,1,1,1,20170125
123973769,"2,3-Dimethyl-4-propyldecane",,C15H32,"InChI=1S/C15H32/c1-6-8-9-10-12-15(11-7-2)14(5)13(3)4/h13-15H,6-12H2,1-5H3",CCCCCCC(CCC)C(C)C(C)C,KXIAYJHCTLDNTR-UHFFFAOYSA-N,"2,3-dimethyl-4-propyldecane",,Patents,,IBM,Research and Development,,212.41,0.0,126,7.5,15,0,0,9,212.250397,212.250397,0,1,0,2,0,2,0,0,0,0,1,1,1,20170125
123974961,"2,5,7-Trimethyl-5-propan-2-ylnonane",,C15H32,"InChI=1S/C15H32/c1-8-14(6)11-15(7,13(4)5)10-9-12(2)3/h12-14H,8-11H2,1-7H3",CCC(C)CC(C)(CCC(C)C)C(C)C,RHTDKTOZKZQAMV-UHFFFAOYSA-N,"2,5,7-trimethyl-5-propan-2-ylnonane",,Patents,,IBM,Research and Development,,212.41,0.0,157,7.0,15,0,0,7,212.250397,212.250397,0,1,0,2,0,2,0,0,0,0,1,1,1,20170125
123976541,"2,6,7,8-Tetramethylundecane",,C15H32,"InChI=1S/C15H32/c1-7-9-13(4)15(6)14(5)11-8-10-12(2)3/h12-15H,7-11H2,1-6H3",CCCC(C)C(C)C(C)CCCC(C)C,WVGIGDNCUPRKQW-UHFFFAOYSA-N,"2,6,7,8-tetramethylundecane",,Patents,,IBM,Research and Development,,212.41,0.0,137,7.2,15,0,0,8,212.250397,212.250397,0,1,0,3,0,3,0,0,0,0,1,1,1,20170125
123976659,5-Tert-butyl-5-methyldecane,,C15H32,"InChI=1S/C15H32/c1-7-9-11-13-15(6,12-10-8-2)14(3,4)5/h7-13H2,1-6H3",CCCCCC(C)(CCCC)C(C)(C)C,GMHUBZCZANLXJK-UHFFFAOYSA-N,5-tert-butyl-5-methyldecane,,Patents,,IBM,Research and Development,,212.41,0.0,152,7.5,15,0,0,8,212.250397,212.250397,0,1,0,1,0,1,0,0,0,0,1,1,1,20170125
123978241,"4-Ethyl-2,2,3,4,6-pentamethyloctane",,C15H32,"InChI=1S/C15H32/c1-9-12(3)11-15(8,10-2)13(4)14(5,6)7/h12-13H,9-11H2,1-8H3",CCC(C)CC(C)(CC)C(C)C(C)(C)C,BESJOGDVIDRDRT-UHFFFAOYSA-N,"4-ethyl-2,2,3,4,6-pentamethyloctane",,Patents,,IBM,Research and Development,,212.41,0.0,175,6.9,15,0,0,6,212.250397,212.250397,0,1,0,3,0,3,0,0,0,0,1,1,1,20170125
123978442,"3-Ethyl-2,3,4,6,7-pentamethyloctane",,C15H32,"InChI=1S/C15H32/c1-9-15(8,12(4)5)14(7)10-13(6)11(2)3/h11-14H,9-10H2,1-8H3",CCC(C)(C(C)C)C(C)CC(C)C(C)C,CWOLNYPMHOKJAP-UHFFFAOYSA-N,"3-ethyl-2,3,4,6,7-pentamethyloctane",,Patents,,IBM,Research and Development,,212.41,0.0,169,6.7,15,0,0,6,212.250397,212.250397,0,1,0,3,0,3,0,0,0,0,1,1,1,20170125
123978500,"3-Ethyl-4,7,8-trimethyldecane",,C15H32,"InChI=1S/C15H32/c1-7-12(4)13(5)10-11-14(6)15(8-2)9-3/h12-15H,7-11H2,1-6H3",CCC(C)C(C)CCC(C)C(CC)CC,VKIFDHIOGNVTEG-UHFFFAOYSA-N,"3-ethyl-4,7,8-trimethyldecane",,Patents,,IBM,Research and Development,,212.41,0.0,135,7.2,15,0,0,8,212.250397,212.250397,0,1,0,3,0,3,0,0,0,0,1,1,1,20170125
123978858,4-Tert-butyl-7-methyldecane,,C15H32,"InChI=1S/C15H32/c1-7-9-13(3)11-12-14(10-8-2)15(4,5)6/h13-14H,7-12H2,1-6H3",CCCC(C)CCC(CCC)C(C)(C)C,QCNUJJHWDZRZBP-UHFFFAOYSA-N,4-tert-butyl-7-methyldecane,,Patents,,IBM,Research and Development,,212.41,0.0,141,7.3,15,0,0,8,212.250397,212.250397,0,1,0,2,0,2,0,0,0,0,1,1,1,20170125
123979504,"4,5,9-Trimethyldodecane",,C15H32,"InChI=1S/C15H32/c1-6-9-13(3)11-8-12-15(5)14(4)10-7-2/h13-15H,6-12H2,1-5H3",CCCC(C)CCCC(C)C(C)CCC,SHBYZTLDDIDHPE-UHFFFAOYSA-N,"4,5,9-trimethyldodecane",,Patents,,IBM,Research and Development,,212.41,0.0,128,7.5,15,0,0,9,212.250397,212.250397,0,1,0,3,0,3,0,0,0,0,1,1,1,20170125
123979796,"3,8,9-Trimethyldodecane",,C15H32,"InChI=1S/C15H32/c1-6-10-14(4)15(5)12-9-8-11-13(3)7-2/h13-15H,6-12H2,1-5H3",CCCC(C)C(C)CCCCC(C)CC,XTCSHXVUXMHUEY-UHFFFAOYSA-N,"3,8,9-trimethyldodecane",,Patents,,Google Patents|IBM,Research and Development,,212.41,0.0,128,7.5,15,0,0,9,212.250397,212.250397,0,1,0,3,0,3,0,0,0,0,6,5,1,20170125
123981618,"5-Ethyl-2,3-dimethylundecane",,C15H32,"InChI=1S/C15H32/c1-6-8-9-10-11-15(7-2)12-14(5)13(3)4/h13-15H,6-12H2,1-5H3",CCCCCCC(CC)CC(C)C(C)C,HERKVKXLZSZOEV-UHFFFAOYSA-N,"5-ethyl-2,3-dimethylundecane",,Patents,,IBM,Research and Development,,212.41,0.0,126,7.5,15,0,0,9,212.250397,212.250397,0,1,0,2,0,2,0,0,0,0,1,1,1,20170125
123982267,"4,6-Diethyl-2,3-dimethylnonane",,C15H32,"InChI=1S/C15H32/c1-7-10-14(8-2)11-15(9-3)13(6)12(4)5/h12-15H,7-11H2,1-6H3",CCCC(CC)CC(CC)C(C)C(C)C,XYGLYTBNYXCJMO-UHFFFAOYSA-N,"4,6-diethyl-2,3-dimethylnonane",,Patents,,IBM,Research and Development,,212.41,0.0,137,7.2,15,0,0,8,212.250397,212.250397,0,1,0,3,0,3,0,0,0,0,1,1,1,20170125
123983696,"3-Ethyl-2,3,4,5,6-pentamethyloctane",,C15H32,"InChI=1S/C15H32/c1-9-12(5)13(6)14(7)15(8,10-2)11(3)4/h11-14H,9-10H2,1-8H3",CCC(C)C(C)C(C)C(C)(CC)C(C)C,YUQAZBJFEXILNN-UHFFFAOYSA-N,"3-ethyl-2,3,4,5,6-pentamethyloctane",,Patents,,IBM,Research and Development,,212.41,0.0,171,6.7,15,0,0,6,212.250397,212.250397,0,1,0,4,0,4,0,0,0,0,1,1,1,20170125
123984490,"2,3,5,6,7,7-Hexamethylnonane",,C15H32,"InChI=1S/C15H32/c1-9-15(7,8)14(6)13(5)10-12(4)11(2)3/h11-14H,9-10H2,1-8H3",CCC(C)(C)C(C)C(C)CC(C)C(C)C,QDQVYPGBICJHPK-UHFFFAOYSA-N,"2,3,5,6,7,7-hexamethylnonane",,Patents,,IBM,Research and Development,,212.41,0.0,167,6.7,15,0,0,6,212.250397,212.250397,0,1,0,3,0,3,0,0,0,0,1,1,1,20170125
123985161,"2,4,5,7,7-Pentamethyldecane",,C15H32,"InChI=1S/C15H32/c1-8-9-15(6,7)11-14(5)13(4)10-12(2)3/h12-14H,8-11H2,1-7H3",CCCC(C)(C)CC(C)C(C)CC(C)C,CWTFVLUBXLAKMM-UHFFFAOYSA-N,"2,4,5,7,7-pentamethyldecane",,Patents,,IBM,Research and Development,,212.41,0.0,155,7.0,15,0,0,7,212.250397,212.250397,0,1,0,2,0,2,0,0,0,0,1,1,1,20170125
123987416,"2,5,6,6-Tetramethylundecane",,C15H32,"InChI=1S/C15H32/c1-7-8-9-12-15(5,6)14(4)11-10-13(2)3/h13-14H,7-12H2,1-6H3",CCCCCC(C)(C)C(C)CCC(C)C,WNBDJIJKKVUHSO-UHFFFAOYSA-N,"2,5,6,6-tetramethylundecane",,Patents,,IBM,Research and Development,,212.41,0.0,144,7.3,15,0,0,8,212.250397,212.250397,0,1,0,1,0,1,0,0,0,0,1,1,1,20170125
123987868,"6-Ethyl-3,4,7-trimethyldecane",,C15H32,"InChI=1S/C15H32/c1-7-10-13(5)15(9-3)11-14(6)12(4)8-2/h12-15H,7-11H2,1-6H3",CCCC(C)C(CC)CC(C)C(C)CC,XAOXDDTWGUXKKX-UHFFFAOYSA-N,"6-ethyl-3,4,7-trimethyldecane",,Patents,,IBM,Research and Development,,212.41,0.0,139,7.2,15,0,0,8,212.250397,212.250397,0,1,0,4,0,4,0,0,0,0,1,1,1,20170125
123987928,"2,5,5,6,8-Pentamethyldecane",,C15H32,"InChI=1S/C15H32/c1-8-13(4)11-14(5)15(6,7)10-9-12(2)3/h12-14H,8-11H2,1-7H3",CCC(C)CC(C)C(C)(C)CCC(C)C,KQSFBROMFWOVJT-UHFFFAOYSA-N,"2,5,5,6,8-pentamethyldecane",,Patents,,IBM,Research and Development,,212.41,0.0,155,7.0,15,0,0,7,212.250397,212.250397,0,1,0,2,0,2,0,0,0,0,1,1,1,20170125
123988519,"5-Ethyl-2,3-dimethyl-4-propyloctane",,C15H32,"InChI=1S/C15H32/c1-7-10-14(9-3)15(11-8-2)13(6)12(4)5/h12-15H,7-11H2,1-6H3",CCCC(CC)C(CCC)C(C)C(C)C,SVAQTILDRKVNBT-UHFFFAOYSA-N,"5-ethyl-2,3-dimethyl-4-propyloctane",,Patents,,IBM,Research and Development,,212.41,0.0,137,7.2,15,0,0,8,212.250397,212.250397,0,1,0,3,0,3,0,0,0,0,2,2,1,20170125
123988889,"3,5,8,8-Tetramethylundecane",,C15H32,"InChI=1S/C15H32/c1-7-10-15(5,6)11-9-14(4)12-13(3)8-2/h13-14H,7-12H2,1-6H3",CCCC(C)(C)CCC(C)CC(C)CC,OBQMWQZKIJLZPX-UHFFFAOYSA-N,"3,5,8,8-tetramethylundecane",,Patents,,IBM,Research and Development,,212.41,0.0,146,7.3,15,0,0,8,212.250397,212.250397,0,1,0,2,0,2,0,0,0,0,1,1,1,20170125
123989083,"3,4,4,5,6-Pentamethyldecane",,C15H32,"InChI=1S/C15H32/c1-8-10-11-12(3)14(5)15(6,7)13(4)9-2/h12-14H,8-11H2,1-7H3",CCCCC(C)C(C)C(C)(C)C(C)CC,IWBNFSYTBZKXKO-UHFFFAOYSA-N,"3,4,4,5,6-pentamethyldecane",,Patents,,IBM,Research and Development,,212.41,0.0,157,7.0,15,0,0,7,212.250397,212.250397,0,1,0,3,0,3,0,0,0,0,1,1,1,20170125
123989492,"3,6-Dimethyl-4-propan-2-yldecane",,C15H32,"InChI=1S/C15H32/c1-7-9-10-13(5)11-15(12(3)4)14(6)8-2/h12-15H,7-11H2,1-6H3",CCCCC(C)CC(C(C)C)C(C)CC,JCVMZLZYPJUQLZ-UHFFFAOYSA-N,"3,6-dimethyl-4-propan-2-yldecane",,Patents,,IBM,Research and Development,,212.41,0.0,137,7.2,15,0,0,8,212.250397,212.250397,0,1,0,3,0,3,0,0,0,0,1,1,1,20170125
123990435,"2,3,4,8,9-Pentamethyldecane",,C15H32,"InChI=1S/C15H32/c1-11(2)13(5)9-8-10-14(6)15(7)12(3)4/h11-15H,8-10H2,1-7H3",CC(C)C(C)CCCC(C)C(C)C(C)C,LMDKNMZOCMXVOG-UHFFFAOYSA-N,"2,3,4,8,9-pentamethyldecane",,Patents,,IBM,Research and Development,,212.41,0.0,146,6.9,15,0,0,7,212.250397,212.250397,0,1,0,3,0,3,0,0,0,0,1,1,1,20170125
123990465,"2,3,5,6,8-Pentamethyldecane",,C15H32,"InChI=1S/C15H32/c1-8-12(4)9-14(6)15(7)10-13(5)11(2)3/h11-15H,8-10H2,1-7H3",CCC(C)CC(C)C(C)CC(C)C(C)C,WQXKKWKJSXKUAR-UHFFFAOYSA-N,"2,3,5,6,8-pentamethyldecane",,Patents,,IBM,Research and Development,,212.41,0.0,148,6.9,15,0,0,7,212.250397,212.250397,0,1,0,4,0,4,0,0,0,0,1,1,1,20170125
123990734,"2,3,4,4,5,5,7-Heptamethyloctane",,C15H32,"InChI=1S/C15H32/c1-11(2)10-14(6,7)15(8,9)13(5)12(3)4/h11-13H,10H2,1-9H3",CC(C)CC(C)(C)C(C)(C)C(C)C(C)C,RNMKJHGBQDBLEG-UHFFFAOYSA-N,"2,3,4,4,5,5,7-heptamethyloctane",,Patents,,IBM,Research and Development,,212.41,0.0,184,6.6,15,0,0,5,212.250397,212.250397,0,1,0,1,0,1,0,0,0,0,1,1,1,20170125
123993061,"5-Ethyl-3,4,8-trimethyldecane",,C15H32,"InChI=1S/C15H32/c1-7-12(4)10-11-15(9-3)14(6)13(5)8-2/h12-15H,7-11H2,1-6H3",CCC(C)CCC(CC)C(C)C(C)CC,WORDOZRHNIOPFZ-UHFFFAOYSA-N,"5-ethyl-3,4,8-trimethyldecane",,Patents,,IBM,Research and Development,,212.41,0.0,139,7.2,15,0,0,8,212.250397,212.250397,0,1,0,4,0,4,0,0,0,0,1,1,1,20170125
123997660,"2,4-Dimethyl-7-propan-2-yldecane",,C15H32,"InChI=1S/C15H32/c1-7-8-15(13(4)5)10-9-14(6)11-12(2)3/h12-15H,7-11H2,1-6H3",CCCC(CCC(C)CC(C)C)C(C)C,YJGKMBVROZFMSY-UHFFFAOYSA-N,"2,4-dimethyl-7-propan-2-yldecane",,Patents,,IBM,Research and Development,,212.41,0.0,135,7.2,15,0,0,8,212.250397,212.250397,0,1,0,2,0,2,0,0,0,0,2,2,1,20170125
123998513,"6-Butan-2-yl-2,7-dimethylnonane",,C15H32,"InChI=1S/C15H32/c1-7-13(5)15(14(6)8-2)11-9-10-12(3)4/h12-15H,7-11H2,1-6H3",CCC(C)C(CCCC(C)C)C(C)CC,VRWCKQFSWKDKSO-UHFFFAOYSA-N,"6-butan-2-yl-2,7-dimethylnonane",,Patents,,IBM,Research and Development,,212.41,0.0,127,7.2,15,0,0,8,212.250397,212.250397,0,1,0,2,0,2,0,0,0,0,1,1,1,20170125
123999494,"2,3,4,5,5,8-Hexamethylnonane",,C15H32,"InChI=1S/C15H32/c1-11(2)9-10-15(7,8)14(6)13(5)12(3)4/h11-14H,9-10H2,1-8H3",CC(C)CCC(C)(C)C(C)C(C)C(C)C,GGQCVHZWXUJLMK-UHFFFAOYSA-N,"2,3,4,5,5,8-hexamethylnonane",,Patents,,IBM,Research and Development,,212.41,0.0,165,6.7,15,0,0,6,212.250397,212.250397,0,1,0,2,0,2,0,0,0,0,1,1,1,20170126
123999963,"4-Ethyl-3,6-dimethyl-5-propyloctane",,C15H32,"InChI=1S/C15H32/c1-7-11-15(13(6)9-3)14(10-4)12(5)8-2/h12-15H,7-11H2,1-6H3",CCCC(C(C)CC)C(CC)C(C)CC,CNIHGMVKIPPXFD-UHFFFAOYSA-N,"4-ethyl-3,6-dimethyl-5-propyloctane",,Patents,,IBM,Research and Development,,212.41,0.0,139,7.2,15,0,0,8,212.250397,212.250397,0,1,0,4,0,4,0,0,0,0,2,2,1,20170126
124000412,"3,4,5-Triethyl-3-methyloctane",,C15H32,"InChI=1S/C15H32/c1-7-12-13(8-2)14(9-3)15(6,10-4)11-5/h13-14H,7-12H2,1-6H3",CCCC(CC)C(CC)C(C)(CC)CC,PKFQKEPWGOFDBE-UHFFFAOYSA-N,"3,4,5-triethyl-3-methyloctane",,Patents,,IBM,Research and Development,,212.41,0.0,144,7.3,15,0,0,8,212.250397,212.250397,0,1,0,2,0,2,0,0,0,0,1,1,1,20170126
124000838,"5-Ethyl-2,4,5-trimethyl-4-propan-2-ylheptane",,C15H32,"InChI=1S/C15H32/c1-9-14(7,10-2)15(8,13(5)6)11-12(3)4/h12-13H,9-11H2,1-8H3",CCC(C)(CC)C(C)(CC(C)C)C(C)C,FIPOPSWHAKFAAK-UHFFFAOYSA-N,"5-ethyl-2,4,5-trimethyl-4-propan-2-ylheptane",,Patents,,IBM,Research and Development,,212.41,0.0,174,6.9,15,0,0,6,212.250397,212.250397,0,1,0,1,0,1,0,0,0,0,2,2,1,20170126
124001620,"4,5-Dimethyl-6-propan-2-yldecane",,C15H32,"InChI=1S/C15H32/c1-7-9-11-15(12(3)4)14(6)13(5)10-8-2/h12-15H,7-11H2,1-6H3",CCCCC(C(C)C)C(C)C(C)CCC,XFFXGVJESWBPFG-UHFFFAOYSA-N,"4,5-dimethyl-6-propan-2-yldecane",,Patents,,IBM,Research and Development,,212.41,0.0,137,7.2,15,0,0,8,212.250397,212.250397,0,1,0,3,0,3,0,0,0,0,1,1,1,20170126
124005234,"4,7-Diethyl-3,5-dimethylnonane",,C15H32,"InChI=1S/C15H32/c1-7-12(5)15(10-4)13(6)11-14(8-2)9-3/h12-15H,7-11H2,1-6H3",CCC(C)C(CC)C(C)CC(CC)CC,UGENLTUMFBASMA-UHFFFAOYSA-N,"4,7-diethyl-3,5-dimethylnonane",,Patents,,IBM,Research and Development,,212.41,0.0,135,7.2,15,0,0,8,212.250397,212.250397,0,1,0,3,0,3,0,0,0,0,2,2,1,20170126
124006150,"2,4,5,6,9-Pentamethyldecane",,C15H32,"InChI=1S/C15H32/c1-11(2)8-9-13(5)15(7)14(6)10-12(3)4/h11-15H,8-10H2,1-7H3",CC(C)CCC(C)C(C)C(C)CC(C)C,AVIBNZKZRBVFFR-UHFFFAOYSA-N,"2,4,5,6,9-pentamethyldecane",,Patents,,IBM|PATENTSCOPE (WIPO),Governmental Organizations|Research and Development,,212.41,0.0,146,6.9,15,0,0,7,212.250397,212.250397,0,1,0,3,0,3,0,0,0,0,3,3,1,20170126
124007113,"3,6-Diethyl-2,3,6-trimethyloctane",,C15H32,"InChI=1S/C15H32/c1-8-14(6,9-2)11-12-15(7,10-3)13(4)5/h13H,8-12H2,1-7H3",CCC(C)(CC)CCC(C)(CC)C(C)C,NYEQFYCDIXNFIS-UHFFFAOYSA-N,"3,6-diethyl-2,3,6-trimethyloctane",,Patents,,IBM,Research and Development,,212.41,0.0,165,7.2,15,0,0,7,212.250397,212.250397,0,1,0,1,0,1,0,0,0,0,1,1,1,20170126
124007238,4-Ethyl-2-methyl-4-(2-methylpropyl)octane,,C15H32,"InChI=1S/C15H32/c1-7-9-10-15(8-2,11-13(3)4)12-14(5)6/h13-14H,7-12H2,1-6H3",CCCCC(CC)(CC(C)C)CC(C)C,BAWRZQGOMQGVQX-UHFFFAOYSA-N,4-ethyl-2-methyl-4-(2-methylpropyl)octane,,Patents,,IBM,Research and Development,,212.41,0.0,134,7.3,15,0,0,8,212.250397,212.250397,0,1,0,0,0,0,0,0,0,0,1,1,1,20170126
124008948,"2,3,3,4,6-Pentamethyl-4-propan-2-ylheptane",,C15H32,"InChI=1S/C15H32/c1-11(2)10-15(9,13(5)6)14(7,8)12(3)4/h11-13H,10H2,1-9H3",CC(C)CC(C)(C(C)C)C(C)(C)C(C)C,GOXXHSHZXFLSIA-UHFFFAOYSA-N,"2,3,3,4,6-pentamethyl-4-propan-2-ylheptane",,Patents,,IBM,Research and Development,,212.41,0.0,186,6.6,15,0,0,5,212.250397,212.250397,0,1,0,1,0,1,0,0,0,0,1,1,1,20170126
124009638,"4,5-Diethyl-2,2,6-trimethyloctane",,C15H32,"InChI=1S/C15H32/c1-8-12(4)14(10-3)13(9-2)11-15(5,6)7/h12-14H,8-11H2,1-7H3",CCC(C)C(CC)C(CC)CC(C)(C)C,QAMYKBRXIQAXDF-UHFFFAOYSA-N,"4,5-diethyl-2,2,6-trimethyloctane",,Patents,,IBM,Research and Development,,212.41,0.0,152,7.0,15,0,0,7,212.250397,212.250397,0,1,0,3,0,3,0,0,0,0,1,1,1,20170126
124011387,"4,7-Diethylundecane",,C15H32,"InChI=1S/C15H32/c1-5-9-11-15(8-4)13-12-14(7-3)10-6-2/h14-15H,5-13H2,1-4H3",CCCCC(CC)CCC(CC)CCC,SWTWQKJMMPXYBE-UHFFFAOYSA-N,"4,7-diethylundecane",,Patents,,IBM,Research and Development,,212.41,0.0,117,7.8,15,0,0,10,212.250397,212.250397,0,1,0,2,0,2,0,0,0,0,1,1,1,20170126
124011945,"5-Ethyl-2,3,3-trimethyl-4-propan-2-ylheptane",,C15H32,"InChI=1S/C15H32/c1-9-13(10-2)14(11(3)4)15(7,8)12(5)6/h11-14H,9-10H2,1-8H3",CCC(CC)C(C(C)C)C(C)(C)C(C)C,LATHXWQQFZESAH-UHFFFAOYSA-N,"5-ethyl-2,3,3-trimethyl-4-propan-2-ylheptane",,Patents,,IBM,Research and Development,,212.41,0.0,161,6.7,15,0,0,6,212.250397,212.250397,0,1,0,1,0,1,0,0,0,0,1,1,1,20170126
124012864,"6-Ethyl-3,3,7-trimethyldecane",,C15H32,"InChI=1S/C15H32/c1-7-10-13(4)14(8-2)11-12-15(5,6)9-3/h13-14H,7-12H2,1-6H3",CCCC(C)C(CC)CCC(C)(C)CC,GTXZGGSCZSNAFN-UHFFFAOYSA-N,"6-ethyl-3,3,7-trimethyldecane",,Patents,,IBM,Research and Development,,212.41,0.0,146,7.3,15,0,0,8,212.250397,212.250397,0,1,0,2,0,2,0,0,0,0,1,1,1,20170126
124014506,"4,4,5-Triethyl-5-methyloctane",,C15H32,"InChI=1S/C15H32/c1-7-12-14(6,9-3)15(10-4,11-5)13-8-2/h7-13H2,1-6H3",CCCC(C)(CC)C(CC)(CC)CCC,KGIXSGVVNQVCHK-UHFFFAOYSA-N,"4,4,5-triethyl-5-methyloctane",,Patents,,IBM,Research and Development,,212.41,0.0,155,7.5,15,0,0,8,212.250397,212.250397,0,1,0,1,0,1,0,0,0,0,1,1,1,20170126
124014741,"4-Ethyl-2,3,4,5,7-pentamethyloctane",,C15H32,"InChI=1S/C15H32/c1-9-15(8,14(7)12(4)5)13(6)10-11(2)3/h11-14H,9-10H2,1-8H3",CCC(C)(C(C)CC(C)C)C(C)C(C)C,IVWDZDKNGKPNKF-UHFFFAOYSA-N,"4-ethyl-2,3,4,5,7-pentamethyloctane",,Patents,,IBM,Research and Development,,212.41,0.0,169,6.7,15,0,0,6,212.250397,212.250397,0,1,0,3,0,3,0,0,0,0,1,1,1,20170126
124015297,"5,6-Diethyl-2,4-dimethylnonane",,C15H32,"InChI=1S/C15H32/c1-7-10-14(8-2)15(9-3)13(6)11-12(4)5/h12-15H,7-11H2,1-6H3",CCCC(CC)C(CC)C(C)CC(C)C,AWKXCOSZIVATQU-UHFFFAOYSA-N,"5,6-diethyl-2,4-dimethylnonane",,Patents,,IBM,Research and Development,,212.41,0.0,137,7.2,15,0,0,8,212.250397,212.250397,0,1,0,3,0,3,0,0,0,0,1,1,1,20170126
124015353,"2,8,8-Trimethyldodecane",,C15H32,"InChI=1S/C15H32/c1-6-7-12-15(4,5)13-10-8-9-11-14(2)3/h14H,6-13H2,1-5H3",CCCCC(C)(C)CCCCCC(C)C,VRVGMYCUIYSGQF-UHFFFAOYSA-N,"2,8,8-trimethyldodecane",,Patents,,IBM,Research and Development,,212.41,0.0,133,7.6,15,0,0,9,212.250397,212.250397,0,1,0,0,0,0,0,0,0,0,1,1,1,20170126
124015598,"3,4-Diethyl-2,3,4,5-tetramethylheptane",,C15H32,"InChI=1S/C15H32/c1-9-13(6)15(8,11-3)14(7,10-2)12(4)5/h12-13H,9-11H2,1-8H3",CCC(C)C(C)(CC)C(C)(CC)C(C)C,UGPQDABTIYDIJB-UHFFFAOYSA-N,"3,4-diethyl-2,3,4,5-tetramethylheptane",,Patents,,IBM,Research and Development,,212.41,0.0,182,6.9,15,0,0,6,212.250397,212.250397,0,1,0,3,0,3,0,0,0,0,1,1,1,20170126
124021192,4-Methyl-6-propan-2-ylundecane,,C15H32,"InChI=1S/C15H32/c1-6-8-9-11-15(13(3)4)12-14(5)10-7-2/h13-15H,6-12H2,1-5H3",CCCCCC(CC(C)CCC)C(C)C,OINFAFDAUQVGPM-UHFFFAOYSA-N,4-methyl-6-propan-2-ylundecane,,Patents,,Google Patents|IBM,Research and Development,,212.41,0.0,126,7.5,15,0,0,9,212.250397,212.250397,0,1,0,2,0,2,0,0,0,0,2,2,1,20170126
124021826,"2,2,3,4,4,5-Hexamethyl-3-propan-2-ylhexane",,C15H32,"InChI=1S/C15H32/c1-11(2)14(8,9)15(10,12(3)4)13(5,6)7/h11-12H,1-10H3",CC(C)C(C)(C)C(C)(C(C)C)C(C)(C)C,JJHRJJMMGIPEEI-UHFFFAOYSA-N,"2,2,3,4,4,5-hexamethyl-3-propan-2-ylhexane",,Patents,,IBM,Research and Development,,212.41,0.0,203,6.5,15,0,0,4,212.250397,212.250397,0,1,0,1,0,1,0,0,0,0,3,3,1,20170126
124022861,"3,3,7-Triethylnonane",,C15H32,"InChI=1S/C15H32/c1-6-14(7-2)12-11-13-15(8-3,9-4)10-5/h14H,6-13H2,1-5H3",CCC(CC)CCCC(CC)(CC)CC,YBKPTWCAPYGRHQ-UHFFFAOYSA-N,"3,3,7-triethylnonane",,Patents,,IBM,Research and Development,,212.41,0.0,121,7.6,15,0,0,9,212.250397,212.250397,0,1,0,0,0,0,0,0,0,0,1,1,1,20170126
124023292,"5,8-Diethyl-2-methyldecane",,C15H32,"InChI=1S/C15H32/c1-6-14(7-2)11-12-15(8-3)10-9-13(4)5/h13-15H,6-12H2,1-5H3",CCC(CC)CCC(CC)CCC(C)C,ANCPHEISJVJRPR-UHFFFAOYSA-N,"5,8-diethyl-2-methyldecane",,Patents,,IBM,Research and Development,,212.41,0.0,122,7.5,15,0,0,9,212.250397,212.250397,0,1,0,1,0,1,0,0,0,0,1,1,1,20170126
124025735,5-Tert-butylundecane,,C15H32,"InChI=1S/C15H32/c1-6-8-10-11-13-14(12-9-7-2)15(3,4)5/h14H,6-13H2,1-5H3",CCCCCCC(CCCC)C(C)(C)C,NVBGGDYZXURVST-UHFFFAOYSA-N,5-tert-butylundecane,,Patents,,Google Patents|IBM|PATENTSCOPE (WIPO),Governmental Organizations|Research and Development,,212.41,0.0,129,7.6,15,0,0,9,212.250397,212.250397,0,1,0,1,0,1,0,0,0,0,1,1,1,20170126
124032746,"2,3,4,5-Tetramethyl-4-propyloctane",,C15H32,"InChI=1S/C15H32/c1-8-10-13(5)15(7,11-9-2)14(6)12(3)4/h12-14H,8-11H2,1-7H3",CCCC(C)C(C)(CCC)C(C)C(C)C,NQOSCCNNJDYYQS-UHFFFAOYSA-N,"2,3,4,5-tetramethyl-4-propyloctane",,Patents,,IBM,Research and Development,,212.41,0.0,159,7.0,15,0,0,7,212.250397,212.250397,0,1,0,3,0,3,0,0,0,0,1,1,1,20170126
124032865,"2,3,8,9-Tetramethylundecane",,C15H32,"InChI=1S/C15H32/c1-7-13(4)15(6)11-9-8-10-14(5)12(2)3/h12-15H,7-11H2,1-6H3",CCC(C)C(C)CCCCC(C)C(C)C,WHMIUKLIWJZWCR-UHFFFAOYSA-N,"2,3,8,9-tetramethylundecane",,Patents,,IBM,Research and Development,,212.41,0.0,137,7.2,15,0,0,8,212.250397,212.250397,0,1,0,3,0,3,0,0,0,0,3,3,1,20170126
140343372,3-Ethyl-2-methyl-4-propylnonane,,C15H32,"InChI=1S/C15H32/c1-6-9-10-12-14(11-7-2)15(8-3)13(4)5/h13-15H,6-12H2,1-5H3",CCCCCC(CCC)C(CC)C(C)C,HWJGEYATSZVJDR-UHFFFAOYSA-N,3-ethyl-2-methyl-4-propylnonane,,Patents,,PATENTSCOPE (WIPO),Governmental Organizations,,212.41,0.0,126,7.5,15,0,0,9,212.250397,212.250397,0,1,0,2,0,2,0,0,0,0,0,0,1,20191206
140612994,"2,9-Dimethyl-5-propan-2-yldecane",,C15H32,"InChI=1S/C15H32/c1-12(2)8-7-9-15(14(5)6)11-10-13(3)4/h12-15H,7-11H2,1-6H3",CC(C)CCCC(CCC(C)C)C(C)C,FXAFEDHIZBOXLX-UHFFFAOYSA-N,"2,9-dimethyl-5-propan-2-yldecane",,Patents,,Google Patents|PATENTSCOPE (WIPO),Governmental Organizations|Research and Development,,212.41,0.0,133,7.2,15,0,0,8,212.250397,212.250397,0,1,0,1,0,1,0,0,0,0,0,0,1,20191206
140632593,"5-Ethyl-2,2,8,8-tetramethylnonane",,C15H32,"InChI=1S/C15H32/c1-8-13(9-11-14(2,3)4)10-12-15(5,6)7/h13H,8-12H2,1-7H3",CCC(CCC(C)(C)C)CCC(C)(C)C,UWPJLUXLIQKGLM-UHFFFAOYSA-N,"5-ethyl-2,2,8,8-tetramethylnonane",,Patents,,Google Patents|PATENTSCOPE (WIPO),Governmental Organizations|Research and Development,,212.41,0.0,136,7.2,15,0,0,7,212.250397,212.250397,0,1,0,0,0,0,0,0,0,0,1,1,1,20191206
140672046,"2,4,6,6,9-Pentamethyldecane",SCHEMBL24686791,C15H32,"InChI=1S/C15H32/c1-12(2)8-9-15(6,7)11-14(5)10-13(3)4/h12-14H,8-11H2,1-7H3",CC(C)CCC(C)(C)CC(C)CC(C)C,RIRIADYLAAWQRG-UHFFFAOYSA-N,"2,4,6,6,9-pentamethyldecane",,Patents,,Google Patents|PATENTSCOPE (WIPO)|SureChEMBL,Curation Efforts|Governmental Organizations|Research and Development,,212.41,0.0,153,7.0,15,0,0,7,212.250397,212.250397,0,1,0,1,0,1,0,0,0,0,1,1,1,20191206
140692035,"2,2,8-Trimethyl-5-propan-2-ylnonane",,C15H32,"InChI=1S/C15H32/c1-12(2)8-9-14(13(3)4)10-11-15(5,6)7/h12-14H,8-11H2,1-7H3",CC(C)CCC(CCC(C)(C)C)C(C)C,VSXDZGALEMGHSK-UHFFFAOYSA-N,"2,2,8-trimethyl-5-propan-2-ylnonane",,Patents,,Google Patents|PATENTSCOPE (WIPO),Governmental Organizations|Research and Development,,212.41,0.0,148,7.0,15,0,0,7,212.250397,212.250397,0,1,0,1,0,1,0,0,0,0,19,3,1,20191206
140716251,"5,5-Di(propan-2-yl)nonane",,C15H32,"InChI=1S/C15H32/c1-7-9-11-15(13(3)4,14(5)6)12-10-8-2/h13-14H,7-12H2,1-6H3",CCCCC(CCCC)(C(C)C)C(C)C,ZQJUGVJROGZFPA-UHFFFAOYSA-N,"5,5-di(propan-2-yl)nonane",,Patents,,Google Patents|PATENTSCOPE (WIPO),Governmental Organizations|Research and Development,,212.41,0.0,126,7.3,15,0,0,8,212.250397,212.250397,0,1,0,0,0,0,0,0,0,0,2,2,1,20191206
140717016,"2,6-Dimethyl-4,4-di(propan-2-yl)heptane",,C15H32,"InChI=1S/C15H32/c1-11(2)9-15(13(5)6,14(7)8)10-12(3)4/h11-14H,9-10H2,1-8H3",CC(C)CC(CC(C)C)(C(C)C)C(C)C,CCJMRQXNJPBSHF-UHFFFAOYSA-N,"2,6-dimethyl-4,4-di(propan-2-yl)heptane",,Patents,,PATENTSCOPE (WIPO),Governmental Organizations,,212.41,0.0,143,6.7,15,0,0,6,212.250397,212.250397,0,1,0,0,0,0,0,0,0,0,0,0,1,20191206
140717049,"3,5-Dimethyl-4,4-di(propan-2-yl)heptane",,C15H32,"InChI=1S/C15H32/c1-9-13(7)15(11(3)4,12(5)6)14(8)10-2/h11-14H,9-10H2,1-8H3",CCC(C)C(C(C)C)(C(C)C)C(C)CC,KSLKKRFAUJQIJA-UHFFFAOYSA-N,"3,5-dimethyl-4,4-di(propan-2-yl)heptane",,Patents,,PATENTSCOPE (WIPO),Governmental Organizations,,212.41,0.0,147,6.7,15,0,0,6,212.250397,212.250397,0,1,0,2,0,2,0,0,0,0,0,0,1,20191206
140784337,"(4S,6S,8R)-2,4,6,8-tetramethylundecane",,C15H32,"InChI=1S/C15H32/c1-7-8-13(4)10-15(6)11-14(5)9-12(2)3/h12-15H,7-11H2,1-6H3/t13-,14+,15+/m1/s1",CCC[C@@H](C)C[C@H](C)C[C@@H](C)CC(C)C,WIRCLRWVKNJKHO-ILXRZTDVSA-N,"(4S,6S,8R)-2,4,6,8-tetramethylundecane",,Patents,,Google Patents|PATENTSCOPE (WIPO),Governmental Organizations|Research and Development,,212.41,0.0,137,7.2,15,0,0,8,212.250397,212.250397,0,1,0,3,3,0,0,0,0,0,2,1,1,20191206
140813276,"4,4-Ditert-butylheptane",,C15H32,"InChI=1S/C15H32/c1-9-11-15(12-10-2,13(3,4)5)14(6,7)8/h9-12H2,1-8H3",CCCC(CCC)(C(C)(C)C)C(C)(C)C,LQZBCOFTUXJQPE-UHFFFAOYSA-N,"4,4-ditert-butylheptane",,Patents,,Google Patents|PATENTSCOPE (WIPO),Governmental Organizations|Research and Development,,212.41,0.0,153,7.0,15,0,0,6,212.250397,212.250397,0,1,0,0,0,0,0,0,0,0,6,2,1,20191206
140816619,"2,5,8-Trimethyl-5-propan-2-ylnonane",,C15H32,"InChI=1S/C15H32/c1-12(2)8-10-15(7,14(5)6)11-9-13(3)4/h12-14H,8-11H2,1-7H3",CC(C)CCC(C)(CCC(C)C)C(C)C,RTIAZEJSISJIES-UHFFFAOYSA-N,"2,5,8-trimethyl-5-propan-2-ylnonane",,Patents,,Google Patents|PATENTSCOPE (WIPO),Governmental Organizations|Research and Development,,212.41,0.0,141,7.0,15,0,0,7,212.250397,212.250397,0,1,0,0,0,0,0,0,0,0,0,0,1,20191206
140816668,"4-Tert-butyl-2,2,4,6-tetramethylheptane",,C15H32,"InChI=1S/C15H32/c1-12(2)10-15(9,14(6,7)8)11-13(3,4)5/h12H,10-11H2,1-9H3",CC(C)CC(C)(CC(C)(C)C)C(C)(C)C,YTBXEIZLUGKPPF-UHFFFAOYSA-N,"4-tert-butyl-2,2,4,6-tetramethylheptane",,Patents,,PATENTSCOPE (WIPO),Governmental Organizations,,212.41,0.0,187,6.7,15,0,0,5,212.250397,212.250397,0,1,0,1,0,1,0,0,0,0,0,0,1,20191206
140883519,"(3S)-2,2,3,9,9-pentamethyldecane",,C15H32,"InChI=1S/C15H32/c1-13(15(5,6)7)11-9-8-10-12-14(2,3)4/h13H,8-12H2,1-7H3/t13-/m0/s1",C[C@@H](CCCCCC(C)(C)C)C(C)(C)C,VMQWBNFXVYCRAI-ZDUSSCGKSA-N,"(3S)-2,2,3,9,9-pentamethyldecane",,Patents,,Google Patents|PATENTSCOPE (WIPO),Governmental Organizations|Research and Development,,212.41,0.0,154,7.2,15,0,0,7,212.250397,212.250397,0,1,0,1,1,0,0,0,0,0,0,0,1,20191206
140930160,"5-Tert-butyl-2,2-dimethylnonane",,C15H32,"InChI=1S/C15H32/c1-8-9-10-13(15(5,6)7)11-12-14(2,3)4/h13H,8-12H2,1-7H3",CCCCC(CCC(C)(C)C)C(C)(C)C,XHZOQFRRKWCXKF-UHFFFAOYSA-N,"5-tert-butyl-2,2-dimethylnonane",,Patents,,Google Patents|PATENTSCOPE (WIPO),Governmental Organizations|Research and Development,,212.41,0.0,154,7.2,15,0,0,7,212.250397,212.250397,0,1,0,1,0,1,0,0,0,0,0,0,1,20191206
141451495,"2,2,3,3,4,4-Hexamethylnonane",SCHEMBL28091926,C15H32,"InChI=1S/C15H32/c1-9-10-11-12-14(5,6)15(7,8)13(2,3)4/h9-12H2,1-8H3",CCCCCC(C)(C)C(C)(C)C(C)(C)C,BDWABBKCPKPLSU-UHFFFAOYSA-N,"2,2,3,3,4,4-hexamethylnonane",,Patents,,Google Patents|PATENTSCOPE (WIPO)|SureChEMBL,Curation Efforts|Governmental Organizations|Research and Development,,212.41,0.0,179,7.0,15,0,0,6,212.250397,212.250397,0,1,0,0,0,0,0,0,0,0,5,3,1,20191206
141451502,"2,2,3,3,4,4,5-Heptamethyloctane",,C15H32,"InChI=1S/C15H32/c1-10-11-12(2)14(6,7)15(8,9)13(3,4)5/h12H,10-11H2,1-9H3",CCCC(C)C(C)(C)C(C)(C)C(C)(C)C,SSBACPJIDJBVDU-UHFFFAOYSA-N,"2,2,3,3,4,4,5-heptamethyloctane",,Patents,,PATENTSCOPE (WIPO),Governmental Organizations,,212.41,0.0,191,6.7,15,0,0,5,212.250397,212.250397,0,1,0,1,0,1,0,0,0,0,0,0,1,20191206
141508163,"2,2,3,3,6,7,7-Heptamethyloctane",SCHEMBL28856607,C15H32,"InChI=1S/C15H32/c1-12(13(2,3)4)10-11-15(8,9)14(5,6)7/h12H,10-11H2,1-9H3",CC(CCC(C)(C)C(C)(C)C)C(C)(C)C,DNWQRZXSRFFOSJ-UHFFFAOYSA-N,"2,2,3,3,6,7,7-heptamethyloctane",,Patents,,PATENTSCOPE (WIPO)|SureChEMBL,Curation Efforts|Governmental Organizations|Research and Development,,212.41,0.0,185,6.7,15,0,0,5,212.250397,212.250397,0,1,0,1,0,1,0,0,0,0,3,2,1,20191206
141656999,"4-Tert-butyl-3,5-diethylheptane",SCHEMBL25446185,C15H32,"InChI=1S/C15H32/c1-8-12(9-2)14(15(5,6)7)13(10-3)11-4/h12-14H,8-11H2,1-7H3",CCC(CC)C(C(CC)CC)C(C)(C)C,ASRSMPOMDNOTFW-UHFFFAOYSA-N,"4-tert-butyl-3,5-diethylheptane",,Patents,,Google Patents|PATENTSCOPE (WIPO)|SureChEMBL,Curation Efforts|Governmental Organizations|Research and Development,,212.41,0.0,132,7.0,15,0,0,7,212.250397,212.250397,0,1,0,0,0,0,0,0,0,0,7,7,1,20191206
141663944,5-Butyl-4-ethylnonane,SCHEMBL20970822|SCHEMBL20970829,C15H32,"InChI=1S/C15H32/c1-5-9-12-15(13-10-6-2)14(8-4)11-7-3/h14-15H,5-13H2,1-4H3",CCCCC(CCCC)C(CC)CCC,QASKDORBLDKIML-UHFFFAOYSA-N,5-butyl-4-ethylnonane,,Patents,,Google Patents|PATENTSCOPE (WIPO)|SureChEMBL,Curation Efforts|Governmental Organizations|Research and Development,,212.41,0.0,109,7.8,15,0,0,10,212.250397,212.250397,0,1,0,1,0,1,0,0,0,0,16,2,1,20191206
141697479,"2,4,4,6,9-Pentamethyldecane",,C15H32,"InChI=1S/C15H32/c1-12(2)8-9-14(5)11-15(6,7)10-13(3)4/h12-14H,8-11H2,1-7H3",CC(C)CCC(C)CC(C)(C)CC(C)C,WJPBMCDZDKSOJR-UHFFFAOYSA-N,"2,4,4,6,9-pentamethyldecane",,Patents,,Google Patents|PATENTSCOPE (WIPO),Governmental Organizations|Research and Development,,212.41,0.0,153,7.0,15,0,0,7,212.250397,212.250397,0,1,0,1,0,1,0,0,0,0,2,2,1,20191206
141766352,"Cyclohexa-1,3-diene;ethane;methane;3-methylpentane",,C15H32,"InChI=1S/C6H8.C6H14.C2H6.CH4/c1-2-4-6-5-3-1;1-4-6(3)5-2;1-2;/h1-4H,5-6H2;6H,4-5H2,1-3H3;1-2H3;1H4",C.CC.CCC(C)CC.C1CC=CC=C1,GBUKZWFISRMACO-UHFFFAOYSA-N,"cyclohexa-1,3-diene;ethane;methane;3-methylpentane",,Patents,,PATENTSCOPE (WIPO),Governmental Organizations,,212.41,0.0,85,,15,0,0,2,212.250397,212.250397,0,4,0,0,0,0,0,0,0,0,0,0,1,20191206
141768698,Butane;ethane;4-propylcyclohexene,,C15H32,"InChI=1S/C9H16.C4H10.C2H6/c1-2-6-9-7-4-3-5-8-9;1-3-4-2;1-2/h3-4,9H,2,5-8H2,1H3;3-4H2,1-2H3;1-2H3",CC.CCCC.CCCC1CCC=CC1,YNMUVZYBYADKOA-UHFFFAOYSA-N,butane;ethane;4-propylcyclohexene,,Patents,,PATENTSCOPE (WIPO),Governmental Organizations,,212.41,0.0,94,,15,0,0,3,212.250397,212.250397,0,3,0,1,0,1,0,0,0,0,0,0,1,20191206
141772499,"1-Butyl-1,3,4-trimethylcyclohexane;ethane",,C15H32,"InChI=1S/C13H26.C2H6/c1-5-6-8-13(4)9-7-11(2)12(3)10-13;1-2/h11-12H,5-10H2,1-4H3;1-2H3",CC.CCCCC1(CCC(C(C1)C)C)C,VYCCQQBRQXZAFT-UHFFFAOYSA-N,"1-butyl-1,3,4-trimethylcyclohexane;ethane",,Patents,,PATENTSCOPE (WIPO),Governmental Organizations,,212.41,0.0,150,,15,0,0,3,212.250397,212.250397,0,2,0,3,0,3,0,0,0,0,0,0,1,20191206
141773784,"1,3-Dibutylcyclopentane;ethane",,C15H32,"InChI=1S/C13H26.C2H6/c1-3-5-7-12-9-10-13(11-12)8-6-4-2;1-2/h12-13H,3-11H2,1-2H3;1-2H3",CC.CCCCC1CCC(C1)CCCC,ZUKYJSBIGRDQLJ-UHFFFAOYSA-N,"1,3-dibutylcyclopentane;ethane",,Patents,,PATENTSCOPE (WIPO),Governmental Organizations,,212.41,0.0,103,,15,0,0,6,212.250397,212.250397,0,2,0,2,0,2,0,0,0,0,0,0,1,20191206
141774813,Cyclohexane;ethane;methylcyclohexane,,C15H32,"InChI=1S/C7H14.C6H12.C2H6/c1-7-5-3-2-4-6-7;1-2-4-6-5-3-1;1-2/h7H,2-6H2,1H3;1-6H2;1-2H3",CC.CC1CCCCC1.C1CCCCC1,AXGKULCYIWMDML-UHFFFAOYSA-N,cyclohexane;ethane;methylcyclohexane,,Patents,,Google Patents|PATENTSCOPE (WIPO),Governmental Organizations|Research and Development,,212.41,0.0,57,,15,0,0,0,212.250397,212.250397,0,3,0,0,0,0,0,0,0,0,2,2,1,20191206
141776840,Cycloheptane;cyclohexane;ethane,,C15H32,InChI=1S/C7H14.C6H12.C2H6/c1-2-4-6-7-5-3-1;1-2-4-6-5-3-1;1-2/h1-7H2;1-6H2;1-2H3,CC.C1CCCCC1.C1CCCCCC1,RKTDKMXLAREZRY-UHFFFAOYSA-N,cycloheptane;cyclohexane;ethane,,Patents,,PATENTSCOPE (WIPO),Governmental Organizations,,212.41,0.0,35,,15,0,0,0,212.250397,212.250397,0,3,0,0,0,0,0,0,0,0,0,0,1,20191206
141778147,Butane;pentan-3-ylcyclohexane,,C15H32,"InChI=1S/C11H22.C4H10/c1-3-10(4-2)11-8-6-5-7-9-11;1-3-4-2/h10-11H,3-9H2,1-2H3;3-4H2,1-2H3",CCCC.CCC(CC)C1CCCCC1,GEAQSGCVQBRXOC-UHFFFAOYSA-N,butane;pentan-3-ylcyclohexane,,Patents,,PATENTSCOPE (WIPO),Governmental Organizations,,212.41,0.0,88,,15,0,0,4,212.250397,212.250397,0,2,0,0,0,0,0,0,0,0,0,0,1,20191206
141779263,ethane;hex-1-ene;(Z)-4-methylhex-2-ene,,C15H32,"InChI=1S/C7H14.C6H12.C2H6/c1-4-6-7(3)5-2;1-3-5-6-4-2;1-2/h4,6-7H,5H2,1-3H3;3H,1,4-6H2,2H3;1-2H3/b6-4-;;",CC.CCCCC=C.CCC(C)/C=C\C,QHGGDGKNRYIMMQ-XFUGJFOESA-N,ethane;hex-1-ene;(Z)-4-methylhex-2-ene,,Patents,,PATENTSCOPE (WIPO),Governmental Organizations,,212.41,0.0,82,,15,0,0,5,212.250397,212.250397,0,3,0,1,0,1,1,1,0,0,0,0,1,20191206
141780049,Methane;bis(methylcyclohexane),,C15H32,"InChI=1S/2C7H14.CH4/c2*1-7-5-3-2-4-6-7;/h2*7H,2-6H2,1H3;1H4",C.CC1CCCCC1.CC1CCCCC1,SEZPSGNPLUNDOS-UHFFFAOYSA-N,methane;bis(methylcyclohexane),,Patents,,Google Patents|PATENTSCOPE (WIPO),Governmental Organizations|Research and Development,,212.41,0.0,42,,15,0,0,0,212.250397,212.250397,0,3,0,0,0,0,0,0,0,0,3,2,1,20191206
141781233,Ethane;3-methylhexan-2-ylcyclohexane,,C15H32,"InChI=1S/C13H26.C2H6/c1-4-8-11(2)12(3)13-9-6-5-7-10-13;1-2/h11-13H,4-10H2,1-3H3;1-2H3",CC.CCCC(C)C(C)C1CCCCC1,SJEZPGGRLBJMCR-UHFFFAOYSA-N,ethane;3-methylhexan-2-ylcyclohexane,,Patents,,PATENTSCOPE (WIPO),Governmental Organizations,,212.41,0.0,122,,15,0,0,4,212.250397,212.250397,0,2,0,2,0,2,0,0,0,0,0,0,1,20191206
141781585,"Ethane;2-methylprop-1-ene;2,4,5-trimethylhex-1-ene",,C15H32,"InChI=1S/C9H18.C4H8.C2H6/c1-7(2)6-9(5)8(3)4;1-4(2)3;1-2/h8-9H,1,6H2,2-5H3;1H2,2-3H3;1-2H3",CC.CC(C)C(C)CC(=C)C.CC(=C)C,NUHZFAJSXGPFPE-UHFFFAOYSA-N,"ethane;2-methylprop-1-ene;2,4,5-trimethylhex-1-ene",,Patents,,PATENTSCOPE (WIPO),Governmental Organizations,,212.41,0.0,113,,15,0,0,3,212.250397,212.250397,0,3,0,1,0,1,0,0,0,0,0,0,1,20191206
141781626,"Methane;1,1,3-trimethyl-2-(3-methylbutyl)cyclohexane",,C15H32,"InChI=1S/C14H28.CH4/c1-11(2)8-9-13-12(3)7-6-10-14(13,4)5;/h11-13H,6-10H2,1-5H3;1H4",C.CC1CCCC(C1CCC(C)C)(C)C,XCSLGDPVDKXSAR-UHFFFAOYSA-N,"methane;1,1,3-trimethyl-2-(3-methylbutyl)cyclohexane",,Patents,,PATENTSCOPE (WIPO),Governmental Organizations,,212.41,0.0,167,,15,0,0,3,212.250397,212.250397,0,2,0,2,0,2,0,0,0,0,0,0,1,20191206
141781678,"Cyclohexane;2,5-dimethylheptane",,C15H32,"InChI=1S/C9H20.C6H12/c1-5-9(4)7-6-8(2)3;1-2-4-6-5-3-1/h8-9H,5-7H2,1-4H3;1-6H2",CCC(C)CCC(C)C.C1CCCCC1,KFSWDQWOCSXCAS-UHFFFAOYSA-N,"cyclohexane;2,5-dimethylheptane",,Patents,,PATENTSCOPE (WIPO),Governmental Organizations,,212.41,0.0,70,,15,0,0,4,212.250397,212.250397,0,2,0,1,0,1,0,0,0,0,0,0,1,20191206
141782852,Ethane;2-ethyl-3-methyl-1-propylcyclopentene,,C15H32,"InChI=1S/C11H20.2C2H6/c1-4-6-10-8-7-9(3)11(10)5-2;2*1-2/h9H,4-8H2,1-3H3;2*1-2H3",CC.CC.CCCC1=C(C(CC1)C)CC,ZUNUKZFNKPFKHU-UHFFFAOYSA-N,ethane;2-ethyl-3-methyl-1-propylcyclopentene,,Patents,,PATENTSCOPE (WIPO),Governmental Organizations,,212.41,0.0,153,,15,0,0,3,212.250397,212.250397,0,3,0,1,0,1,0,0,0,0,0,0,1,20191206
141783347,"Cyclobutane;ethane;1,3,5-trimethylcyclohexane",,C15H32,"InChI=1S/C9H18.C4H8.C2H6/c1-7-4-8(2)6-9(3)5-7;1-2-4-3-1;1-2/h7-9H,4-6H2,1-3H3;1-4H2;1-2H3",CC.CC1CC(CC(C1)C)C.C1CCC1,KOQFWRUHRNXJCZ-UHFFFAOYSA-N,"cyclobutane;ethane;1,3,5-trimethylcyclohexane",,Patents,,PATENTSCOPE (WIPO),Governmental Organizations,,212.41,0.0,63,,15,0,0,0,212.250397,212.250397,0,3,0,0,0,0,0,0,0,0,0,0,1,20191206
141785336,Ethane;1-ethyl-3-methyl-2-(3-methylpentan-2-yl)cyclobutane,,C15H32,"InChI=1S/C13H26.C2H6/c1-6-9(3)11(5)13-10(4)8-12(13)7-2;1-2/h9-13H,6-8H2,1-5H3;1-2H3",CC.CCC1CC(C1C(C)C(C)CC)C,QEIAJINDCQCCIG-UHFFFAOYSA-N,ethane;1-ethyl-3-methyl-2-(3-methylpentan-2-yl)cyclobutane,,Patents,,PATENTSCOPE (WIPO),Governmental Organizations,,212.41,0.0,150,,15,0,0,4,212.250397,212.250397,0,2,0,5,0,5,0,0,0,0,0,0,1,20191206
141786399,"ethane;methane;bis((3Z)-penta-1,3-diene)",,C15H32,"InChI=1S/2C5H8.2C2H6.CH4/c2*1-3-5-4-2;2*1-2;/h2*3-5H,1H2,2H3;2*1-2H3;1H4/b2*5-4-;;;",C.CC.CC.C/C=C\C=C.C/C=C\C=C,CLPZXZGGQKWBBO-NRFIWDAESA-N,"ethane;methane;bis((3Z)-penta-1,3-diene)",,Patents,,PATENTSCOPE (WIPO),Governmental Organizations,,212.41,0.0,42,,15,0,0,2,212.250397,212.250397,0,5,0,0,0,0,2,2,0,0,0,0,1,20191206
141788445,1-Methyl-4-(4-methylcyclohexyl)cycloheptane;molecular hydrogen,,C15H32,"InChI=1S/C15H28.2H2/c1-12-4-3-5-14(9-6-12)15-10-7-13(2)8-11-15;;/h12-15H,3-11H2,1-2H3;2*1H",[HH].[HH].CC1CCCC(CC1)C2CCC(CC2)C,KWXGPHVJGIHOII-UHFFFAOYSA-N,1-methyl-4-(4-methylcyclohexyl)cycloheptane;molecular hydrogen,,Patents,,PATENTSCOPE (WIPO),Governmental Organizations,,212.41,0.0,176,,15,0,0,1,212.250397,212.250397,0,3,0,2,0,2,0,0,0,0,0,0,1,20191206
141788457,3-Methylpentane;propan-2-ylcyclohexane,,C15H32,"InChI=1S/C9H18.C6H14/c1-8(2)9-6-4-3-5-7-9;1-4-6(3)5-2/h8-9H,3-7H2,1-2H3;6H,4-5H2,1-3H3",CCC(C)CC.CC(C)C1CCCCC1,ZCIAHINXDKJJTE-UHFFFAOYSA-N,3-methylpentane;propan-2-ylcyclohexane,,Patents,,PATENTSCOPE (WIPO),Governmental Organizations,,212.41,0.0,87,,15,0,0,3,212.250397,212.250397,0,2,0,0,0,0,0,0,0,0,0,0,1,20191206
141788554,Ethylcyclohexane;2-methylhexane,,C15H32,"InChI=1S/C8H16.C7H16/c1-2-8-6-4-3-5-7-8;1-4-5-6-7(2)3/h8H,2-7H2,1H3;7H,4-6H2,1-3H3",CCCCC(C)C.CCC1CCCCC1,QZQJGGADNXJGIB-UHFFFAOYSA-N,ethylcyclohexane;2-methylhexane,,Patents,,PATENTSCOPE (WIPO),Governmental Organizations,,212.41,0.0,80,,15,0,0,4,212.250397,212.250397,0,2,0,0,0,0,0,0,0,0,0,0,1,20191206
141790794,"7-Ethyl-3,5,5-trimethyldecane",,C15H32,"InChI=1S/C15H32/c1-7-10-14(9-3)12-15(5,6)11-13(4)8-2/h13-14H,7-12H2,1-6H3",CCCC(CC)CC(C)(C)CC(C)CC,XMMDLLWSMBXYKL-UHFFFAOYSA-N,"7-ethyl-3,5,5-trimethyldecane",,Patents,,PATENTSCOPE (WIPO),Governmental Organizations,,212.41,0.0,146,7.3,15,0,0,8,212.250397,212.250397,0,1,0,2,0,2,0,0,0,0,0,0,1,20191206
141791230,"3-methylidenepentane;(3R)-2,2,3-trimethylhexane",,C15H32,"InChI=1S/C9H20.C6H12/c1-6-7-8(2)9(3,4)5;1-4-6(3)5-2/h8H,6-7H2,1-5H3;3-5H2,1-2H3/t8-;/m1./s1",CCC[C@@H](C)C(C)(C)C.CCC(=C)CC,KPIMUOKHRIZDBB-DDWIOCJRSA-N,"3-methylidenepentane;(3R)-2,2,3-trimethylhexane",,Patents,,PATENTSCOPE (WIPO),Governmental Organizations,,212.41,0.0,105,,15,0,0,5,212.250397,212.250397,0,2,0,1,1,0,0,0,0,0,0,0,1,20191206
141791865,"(Z)-3,4-dimethyloct-2-ene;pentane",,C15H32,"InChI=1S/C10H20.C5H12/c1-5-7-8-10(4)9(3)6-2;1-3-5-4-2/h6,10H,5,7-8H2,1-4H3;3-5H2,1-2H3/b9-6-;",CCCCC.CCCCC(C)/C(=C\C)/C,SMYNCWOJKOICGW-BORNJIKYSA-N,"(Z)-3,4-dimethyloct-2-ene;pentane",,Patents,,PATENTSCOPE (WIPO),Governmental Organizations,,212.41,0.0,108,,15,0,0,6,212.250397,212.250397,0,2,0,1,0,1,1,1,0,0,0,0,1,20191206
141801884,"1,4-Dimethyl-2,3-dipropylcyclopentane;ethane",,C15H32,"InChI=1S/C13H26.C2H6/c1-5-7-12-10(3)9-11(4)13(12)8-6-2;1-2/h10-13H,5-9H2,1-4H3;1-2H3",CC.CCCC1C(CC(C1CCC)C)C,KTVUARYYNAEKAK-UHFFFAOYSA-N,"1,4-dimethyl-2,3-dipropylcyclopentane;ethane",,Patents,,PATENTSCOPE (WIPO),Governmental Organizations,,212.41,0.0,123,,15,0,0,4,212.250397,212.250397,0,2,0,4,0,4,0,0,0,0,0,0,1,20191206
141814786,"2,5,6,9-Tetramethylundecane",,C15H32,"InChI=1S/C15H32/c1-7-13(4)9-11-15(6)14(5)10-8-12(2)3/h12-15H,7-11H2,1-6H3",CCC(C)CCC(C)C(C)CCC(C)C,MAZOJQJYCLJCQD-UHFFFAOYSA-N,"2,5,6,9-tetramethylundecane",,Patents,,PATENTSCOPE (WIPO),Governmental Organizations,,212.41,0.0,137,7.2,15,0,0,8,212.250397,212.250397,0,1,0,3,0,3,0,0,0,0,0,0,1,20191206
141826501,Methylcyclohexane;4-methylheptane,,C15H32,"InChI=1S/C8H18.C7H14/c1-4-6-8(3)7-5-2;1-7-5-3-2-4-6-7/h8H,4-7H2,1-3H3;7H,2-6H2,1H3",CCCC(C)CCC.CC1CCCCC1,DIMKTGGPBQZFDC-UHFFFAOYSA-N,methylcyclohexane;4-methylheptane,,Patents,,PATENTSCOPE (WIPO),Governmental Organizations,,212.41,0.0,75,,15,0,0,4,212.250397,212.250397,0,2,0,0,0,0,0,0,0,0,0,0,1,20191206
141827378,1-Methylcyclobutene;bis(pentane),,C15H32,"InChI=1S/C5H8.2C5H12/c1-5-3-2-4-5;2*1-3-5-4-2/h3H,2,4H2,1H3;2*3-5H2,1-2H3",CCCCC.CCCCC.CC1=CCC1,GSTZDERGWNZIKP-UHFFFAOYSA-N,1-methylcyclobutene;bis(pentane),,Patents,,PATENTSCOPE (WIPO),Governmental Organizations,,212.41,0.0,67,,15,0,0,4,212.250397,212.250397,0,3,0,0,0,0,0,0,0,0,0,0,1,20191206
141827432,"Ethane;2-methyl-1,3-di(propan-2-yl)cyclohexane",,C15H32,"InChI=1S/C13H26.C2H6/c1-9(2)12-7-6-8-13(10(3)4)11(12)5;1-2/h9-13H,6-8H2,1-5H3;1-2H3",CC.CC1C(CCCC1C(C)C)C(C)C,DGRGLGUNCSDXLO-UHFFFAOYSA-N,"ethane;2-methyl-1,3-di(propan-2-yl)cyclohexane",,Patents,,PATENTSCOPE (WIPO),Governmental Organizations,,212.41,0.0,130,,15,0,0,2,212.250397,212.250397,0,2,0,2,0,2,0,0,0,0,0,0,1,20191206
141831450,Heptane;methylcycloheptane,SCHEMBL8847330,C15H32,"InChI=1S/C8H16.C7H16/c1-8-6-4-2-3-5-7-8;1-3-5-7-6-4-2/h8H,2-7H2,1H3;3-7H2,1-2H3",CCCCCCC.CC1CCCCCC1,KAHDNNNRWGKPQG-UHFFFAOYSA-N,heptane;methylcycloheptane,,Patents,,PATENTSCOPE (WIPO)|SureChEMBL,Curation Efforts|Governmental Organizations|Research and Development,,212.41,0.0,68,,15,0,0,4,212.250397,212.250397,0,2,0,0,0,0,0,0,0,0,3,1,1,20191206
141835361,"1,4-Dimethylcyclohexane;3-methylhexane",,C15H32,"InChI=1S/C8H16.C7H16/c1-7-3-5-8(2)6-4-7;1-4-6-7(3)5-2/h7-8H,3-6H2,1-2H3;7H,4-6H2,1-3H3",CCCC(C)CC.CC1CCC(CC1)C,WLVWDVSZAQCHSM-UHFFFAOYSA-N,"1,4-dimethylcyclohexane;3-methylhexane",,Patents,,PATENTSCOPE (WIPO),Governmental Organizations,,212.41,0.0,79,,15,0,0,3,212.250397,212.250397,0,2,0,1,0,1,0,0,0,0,0,0,1,20191206
141842933,"1,1-Dimethyl-2-(3-methylpentyl)cyclopentane;ethane",,C15H32,"InChI=1S/C13H26.C2H6/c1-5-11(2)8-9-12-7-6-10-13(12,3)4;1-2/h11-12H,5-10H2,1-4H3;1-2H3",CC.CCC(C)CCC1CCCC1(C)C,SWRPWRMFOCIIQA-UHFFFAOYSA-N,"1,1-dimethyl-2-(3-methylpentyl)cyclopentane;ethane",,Patents,,PATENTSCOPE (WIPO),Governmental Organizations,,212.41,0.0,146,,15,0,0,4,212.250397,212.250397,0,2,0,2,0,2,0,0,0,0,0,0,1,20191206
141866577,1-Methyl-4-pentan-3-ylcyclohexane;propane,,C15H32,"InChI=1S/C12H24.C3H8/c1-4-11(5-2)12-8-6-10(3)7-9-12;1-3-2/h10-12H,4-9H2,1-3H3;3H2,1-2H3",CCC.CCC(CC)C1CCC(CC1)C,MTTVKGBKDAJCIQ-UHFFFAOYSA-N,1-methyl-4-pentan-3-ylcyclohexane;propane,,Patents,,PATENTSCOPE (WIPO),Governmental Organizations,,212.41,0.0,105,,15,0,0,3,212.250397,212.250397,0,2,0,0,0,0,0,0,0,0,0,0,1,20191206
141866599,Ethane;1-hexan-3-yl-4-methylcyclohexane,,C15H32,"InChI=1S/C13H26.C2H6/c1-4-6-12(5-2)13-9-7-11(3)8-10-13;1-2/h11-13H,4-10H2,1-3H3;1-2H3",CC.CCCC(CC)C1CCC(CC1)C,VVZTUUAJIINZPY-UHFFFAOYSA-N,ethane;1-hexan-3-yl-4-methylcyclohexane,,Patents,,PATENTSCOPE (WIPO),Governmental Organizations,,212.41,0.0,120,,15,0,0,4,212.250397,212.250397,0,2,0,1,0,1,0,0,0,0,0,0,1,20191206
141875910,"Ethane;2-methyl-1,4-di(propan-2-yl)cyclohexane",,C15H32,"InChI=1S/C13H26.C2H6/c1-9(2)12-6-7-13(10(3)4)11(5)8-12;1-2/h9-13H,6-8H2,1-5H3;1-2H3",CC.CC1CC(CCC1C(C)C)C(C)C,GMRBISCPXUAPRP-UHFFFAOYSA-N,"ethane;2-methyl-1,4-di(propan-2-yl)cyclohexane",,Patents,,PATENTSCOPE (WIPO),Governmental Organizations,,212.41,0.0,146,,15,0,0,2,212.250397,212.250397,0,2,0,3,0,3,0,0,0,0,0,0,1,20191206
141875923,"2,5,5,6,9-Pentamethyldecane",,C15H32,"InChI=1S/C15H32/c1-12(2)8-9-14(5)15(6,7)11-10-13(3)4/h12-14H,8-11H2,1-7H3",CC(C)CCC(C)C(C)(C)CCC(C)C,YJAXFVWYZMUJCW-UHFFFAOYSA-N,"2,5,5,6,9-pentamethyldecane",,Patents,,PATENTSCOPE (WIPO),Governmental Organizations,,212.41,0.0,153,7.0,15,0,0,7,212.250397,212.250397,0,1,0,1,0,1,0,0,0,0,0,0,1,20191206
141894671,"1,4-Dimethyl-2-prop-1-en-2-ylcyclohexane;ethane",,C15H32,"InChI=1S/C11H20.2C2H6/c1-8(2)11-7-9(3)5-6-10(11)4;2*1-2/h9-11H,1,5-7H2,2-4H3;2*1-2H3",CC.CC.CC1CCC(C(C1)C(=C)C)C,UQTFILSAFAMLKJ-UHFFFAOYSA-N,"1,4-dimethyl-2-prop-1-en-2-ylcyclohexane;ethane",,Patents,,PATENTSCOPE (WIPO),Governmental Organizations,,212.41,0.0,146,,15,0,0,1,212.250397,212.250397,0,3,0,3,0,3,0,0,0,0,0,0,1,20191206
141895671,Ethylcyclohexane;heptane,,C15H32,"InChI=1S/C8H16.C7H16/c1-2-8-6-4-3-5-7-8;1-3-5-7-6-4-2/h8H,2-7H2,1H3;3-7H2,1-2H3",CCCCCCC.CCC1CCCCC1,WQHJZHVGZSNOAC-UHFFFAOYSA-N,ethylcyclohexane;heptane,,Patents,,Google Patents|PATENTSCOPE (WIPO),Governmental Organizations|Research and Development,,212.41,0.0,70,,15,0,0,5,212.250397,212.250397,0,2,0,0,0,0,0,0,0,0,1,1,1,20191206
141928165,"2,2,4,4,5,5,7-Heptamethyloctane",,C15H32,"InChI=1S/C15H32/c1-12(2)10-14(6,7)15(8,9)11-13(3,4)5/h12H,10-11H2,1-9H3",CC(C)CC(C)(C)C(C)(C)CC(C)(C)C,FVSCXIGSBWNAIO-UHFFFAOYSA-N,"2,2,4,4,5,5,7-heptamethyloctane",,Patents,,PATENTSCOPE (WIPO),Governmental Organizations,,212.41,0.0,189,6.7,15,0,0,5,212.250397,212.250397,0,1,0,0,0,0,0,0,0,0,0,0,1,20191206
141943379,Ethane;1-heptyl-1-methylcyclopentane,,C15H32,"InChI=1S/C13H26.C2H6/c1-3-4-5-6-7-10-13(2)11-8-9-12-13;1-2/h3-12H2,1-2H3;1-2H3",CC.CCCCCCCC1(CCCC1)C,LPIRLUCMBKWQFA-UHFFFAOYSA-N,ethane;1-heptyl-1-methylcyclopentane,,Patents,,PATENTSCOPE (WIPO),Governmental Organizations,,212.41,0.0,120,,15,0,0,6,212.250397,212.250397,0,2,0,0,0,0,0,0,0,0,0,0,1,20191206
141943523,Ethane;1-methyl-1-(5-methylhexyl)cyclopentane,,C15H32,"InChI=1S/C13H26.C2H6/c1-12(2)8-4-5-9-13(3)10-6-7-11-13;1-2/h12H,4-11H2,1-3H3;1-2H3",CC.CC(C)CCCCC1(CCCC1)C,MHACYMLORVMZQD-UHFFFAOYSA-N,ethane;1-methyl-1-(5-methylhexyl)cyclopentane,,Patents,,PATENTSCOPE (WIPO),Governmental Organizations,,212.41,0.0,129,,15,0,0,5,212.250397,212.250397,0,2,0,0,0,0,0,0,0,0,0,0,1,20191206
141953669,"Pentane;1,1,3,5-tetramethylcyclohexane",,C15H32,"InChI=1S/C10H20.C5H12/c1-8-5-9(2)7-10(3,4)6-8;1-3-5-4-2/h8-9H,5-7H2,1-4H3;3-5H2,1-2H3",CCCCC.CC1CC(CC(C1)(C)C)C,DQRNMUHBPDLKSN-UHFFFAOYSA-N,"pentane;1,1,3,5-tetramethylcyclohexane",,Patents,,PATENTSCOPE (WIPO),Governmental Organizations,,212.41,0.0,109,,15,0,0,2,212.250397,212.250397,0,2,0,2,0,2,0,0,0,0,0,0,1,20191206
141953683,"ethane;(3S)-1,1,3-trimethyl-3-propan-2-ylcycloheptane",,C15H32,"InChI=1S/C13H26.C2H6/c1-11(2)13(5)9-7-6-8-12(3,4)10-13;1-2/h11H,6-10H2,1-5H3;1-2H3/t13-;/m0./s1",CC.CC(C)[C@]1(CCCCC(C1)(C)C)C,IBDORRTXXQSIDV-ZOWNYOTGSA-N,"ethane;(3S)-1,1,3-trimethyl-3-propan-2-ylcycloheptane",,Patents,,PATENTSCOPE (WIPO),Governmental Organizations,,212.41,0.0,167,,15,0,0,1,212.250397,212.250397,0,2,0,1,1,0,0,0,0,0,0,0,1,20191206
141953724,"Ethane;1,1,2,2,3,3,5-heptamethylcyclohexane",,C15H32,"InChI=1S/C13H26.C2H6/c1-10-8-11(2,3)13(6,7)12(4,5)9-10;1-2/h10H,8-9H2,1-7H3;1-2H3",CC.CC1CC(C(C(C1)(C)C)(C)C)(C)C,HLXYQKWNBQAKMY-UHFFFAOYSA-N,"ethane;1,1,2,2,3,3,5-heptamethylcyclohexane",,Patents,,PATENTSCOPE (WIPO),Governmental Organizations,,212.41,0.0,176,,15,0,0,0,212.250397,212.250397,0,2,0,0,0,0,0,0,0,0,0,0,1,20191206
141962032,"2,3-Diethylbicyclo[2.2.1]heptane;ethane",,C15H32,"InChI=1S/C11H20.2C2H6/c1-3-10-8-5-6-9(7-8)11(10)4-2;2*1-2/h8-11H,3-7H2,1-2H3;2*1-2H3",CC.CC.CCC1C2CCC(C2)C1CC,GHTZXDBYHICNAF-UHFFFAOYSA-N,"2,3-diethylbicyclo[2.2.1]heptane;ethane",,Patents,,PATENTSCOPE (WIPO),Governmental Organizations,,212.41,0.0,123,,15,0,0,2,212.250397,212.250397,0,3,0,4,0,4,0,0,0,0,0,0,1,20191206
141962441,"ethane;2-methylbut-2-ene;(3Z)-3-methylpenta-1,3-diene",,C15H32,"InChI=1S/C6H10.C5H10.2C2H6/c1-4-6(3)5-2;1-4-5(2)3;2*1-2/h4-5H,1H2,2-3H3;4H,1-3H3;2*1-2H3/b6-5-;;;",CC.CC.CC=C(C)C.C/C=C(/C)\C=C,LUZAUOWRJPUWLL-WTUPQPTJSA-N,"ethane;2-methylbut-2-ene;(3Z)-3-methylpenta-1,3-diene",,Patents,,PATENTSCOPE (WIPO),Governmental Organizations,,212.41,0.0,106,,15,0,0,1,212.250397,212.250397,0,4,0,0,0,0,1,1,0,0,0,0,1,20191206
141972065,Ethane;heptan-3-ylcyclohexane,,C15H32,"InChI=1S/C13H26.C2H6/c1-3-5-9-12(4-2)13-10-7-6-8-11-13;1-2/h12-13H,3-11H2,1-2H3;1-2H3",CC.CCCCC(CC)C1CCCCC1,LMIJOQXZLOILEN-UHFFFAOYSA-N,ethane;heptan-3-ylcyclohexane,,Patents,,PATENTSCOPE (WIPO),Governmental Organizations,,212.41,0.0,111,,15,0,0,5,212.250397,212.250397,0,2,0,1,0,1,0,0,0,0,0,0,1,20191206
141972153,"6,6-Dimethyl-1-propylcyclohexene;ethane",,C15H32,"InChI=1S/C11H20.2C2H6/c1-4-7-10-8-5-6-9-11(10,2)3;2*1-2/h8H,4-7,9H2,1-3H3;2*1-2H3",CC.CC.CCCC1=CCCCC1(C)C,YFGVUIVZDPDZNR-UHFFFAOYSA-N,"6,6-dimethyl-1-propylcyclohexene;ethane",,Patents,,PATENTSCOPE (WIPO),Governmental Organizations,,212.41,0.0,151,,15,0,0,2,212.250397,212.250397,0,3,0,0,0,0,0,0,0,0,0,0,1,20191206
141975718,Ethane;1-ethyl-5-methyl-6-propylcyclohexene;methane,,C15H32,"InChI=1S/C12H22.C2H6.CH4/c1-4-7-12-10(3)8-6-9-11(12)5-2;1-2;/h9-10,12H,4-8H2,1-3H3;1-2H3;1H4",C.CC.CCCC1C(CCC=C1CC)C,IACRPFMOSSWFOZ-UHFFFAOYSA-N,ethane;1-ethyl-5-methyl-6-propylcyclohexene;methane,,Patents,,PATENTSCOPE (WIPO),Governmental Organizations,,212.41,0.0,155,,15,0,0,3,212.250397,212.250397,0,3,0,2,0,2,0,0,0,0,0,0,1,20191206
141982539,"Ethane;methane;1,2,3,5-tetramethylbenzene",,C15H32,"InChI=1S/C10H14.C2H6.3CH4/c1-7-5-8(2)10(4)9(3)6-7;1-2;;;/h5-6H,1-4H3;1-2H3;3*1H4",C.C.C.CC.CC1=CC(=C(C(=C1)C)C)C,QBOOYQNNLILQCQ-UHFFFAOYSA-N,"ethane;methane;1,2,3,5-tetramethylbenzene",,Patents,,PATENTSCOPE (WIPO),Governmental Organizations,,212.41,0.0,94,,15,0,0,0,212.250397,212.250397,0,5,0,0,0,0,0,0,0,0,0,0,1,20191206
141983828,ethane;(3Z)-3-ethylideneoct-1-ene;propane,,C15H32,"InChI=1S/C10H18.C3H8.C2H6/c1-4-7-8-9-10(5-2)6-3;1-3-2;1-2/h5-6H,2,4,7-9H2,1,3H3;3H2,1-2H3;1-2H3/b10-6+;;",CC.CCC.CCCCC/C(=C/C)/C=C,DBASTMMMTZJOMB-DOLBFOAYSA-N,ethane;(3Z)-3-ethylideneoct-1-ene;propane,,Patents,,PATENTSCOPE (WIPO),Governmental Organizations,,212.41,0.0,109,,15,0,0,5,212.250397,212.250397,0,3,0,0,0,0,1,1,0,0,0,0,1,20191206
141989231,"1,2-Dimethylcyclohexane;ethane;pent-1-ene",,C15H32,"InChI=1S/C8H16.C5H10.C2H6/c1-7-5-3-4-6-8(7)2;1-3-5-4-2;1-2/h7-8H,3-6H2,1-2H3;3H,1,4-5H2,2H3;1-2H3",CC.CCCC=C.CC1CCCCC1C,RWQGOZLAVPBLRP-UHFFFAOYSA-N,"1,2-dimethylcyclohexane;ethane;pent-1-ene",,Patents,,PATENTSCOPE (WIPO),Governmental Organizations,,212.41,0.0,77,,15,0,0,2,212.250397,212.250397,0,3,0,2,0,2,0,0,0,0,0,0,1,20191206
141996225,Ethane;ethylbenzene;methane,,C15H32,"InChI=1S/C8H10.3C2H6.CH4/c1-2-8-6-4-3-5-7-8;3*1-2;/h3-7H,2H2,1H3;3*1-2H3;1H4",C.CC.CC.CC.CCC1=CC=CC=C1,FYJHEOUWTFKCMY-UHFFFAOYSA-N,ethane;ethylbenzene;methane,,Patents,,Google Patents|PATENTSCOPE (WIPO),Governmental Organizations|Research and Development,,212.41,0.0,51,,15,0,0,1,212.250397,212.250397,0,5,0,0,0,0,0,0,0,0,2,2,1,20191206
141999214,"ethane;(4R)-3,4,7,7-tetramethylbicyclo[4.1.0]heptane",,C15H32,"InChI=1S/C11H20.2C2H6/c1-7-5-9-10(6-8(7)2)11(9,3)4;2*1-2/h7-10H,5-6H2,1-4H3;2*1-2H3/t7-,8?,9?,10?;;/m1../s1",CC.CC.C[C@@H]1CC2C(C2(C)C)CC1C,WNVCKYXAKJUCBN-GTIQDVGSSA-N,"ethane;(4R)-3,4,7,7-tetramethylbicyclo[4.1.0]heptane",,Patents,,PATENTSCOPE (WIPO),Governmental Organizations,,212.41,0.0,151,,15,0,0,0,212.250397,212.250397,0,3,0,4,1,3,0,0,0,0,0,0,1,20191206
142039406,"2,3-Diethyl-1-methyl-4-propylcyclopentane;ethane",,C15H32,"InChI=1S/C13H26.C2H6/c1-5-8-11-9-10(4)12(6-2)13(11)7-3;1-2/h10-13H,5-9H2,1-4H3;1-2H3",CC.CCCC1CC(C(C1CC)CC)C,PKPVVZCCNSOILB-UHFFFAOYSA-N,"2,3-diethyl-1-methyl-4-propylcyclopentane;ethane",,Patents,,PATENTSCOPE (WIPO),Governmental Organizations,,212.41,0.0,139,,15,0,0,4,212.250397,212.250397,0,2,0,4,0,4,0,0,0,0,0,0,1,20191206
142040798,Ethane;2-ethylpentylcyclohexane,,C15H32,"InChI=1S/C13H26.C2H6/c1-3-8-12(4-2)11-13-9-6-5-7-10-13;1-2/h12-13H,3-11H2,1-2H3;1-2H3",CC.CCCC(CC)CC1CCCCC1,XGSZXVPWASRVAV-UHFFFAOYSA-N,ethane;2-ethylpentylcyclohexane,,Patents,,PATENTSCOPE (WIPO),Governmental Organizations,,212.41,0.0,111,,15,0,0,5,212.250397,212.250397,0,2,0,1,0,1,0,0,0,0,0,0,1,20191206
142046570,"Ethane;3-ethyl-1,5-dimethyl-1-propylcyclohexane",,C15H32,"InChI=1S/C13H26.C2H6/c1-5-7-13(4)9-11(3)8-12(6-2)10-13;1-2/h11-12H,5-10H2,1-4H3;1-2H3",CC.CCCC1(CC(CC(C1)CC)C)C,QRMKTKXPVFQLSR-UHFFFAOYSA-N,"ethane;3-ethyl-1,5-dimethyl-1-propylcyclohexane",,Patents,,PATENTSCOPE (WIPO),Governmental Organizations,,212.41,0.0,150,,15,0,0,3,212.250397,212.250397,0,2,0,3,0,3,0,0,0,0,0,0,1,20191206
142054500,Ethane;1-(2-ethylpentyl)-3-methylcyclopentane,,C15H32,"InChI=1S/C13H26.C2H6/c1-4-6-12(5-2)10-13-8-7-11(3)9-13;1-2/h11-13H,4-10H2,1-3H3;1-2H3",CC.CCCC(CC)CC1CCC(C1)C,ZTSTYOXYWVXEMT-UHFFFAOYSA-N,ethane;1-(2-ethylpentyl)-3-methylcyclopentane,,Patents,,PATENTSCOPE (WIPO),Governmental Organizations,,212.41,0.0,128,,15,0,0,5,212.250397,212.250397,0,2,0,3,0,3,0,0,0,0,0,0,1,20191206
142056088,"ethane;(3Z)-penta-1,3-diene;bis(prop-1-ene)",,C15H32,"InChI=1S/C5H8.2C3H6.2C2H6/c1-3-5-4-2;2*1-3-2;2*1-2/h3-5H,1H2,2H3;2*3H,1H2,2H3;2*1-2H3/b5-4-;;;;",CC.CC.CC=C.CC=C.C/C=C\C=C,YSVACSSYNAEUBF-HCLDKOLZSA-N,"ethane;(3Z)-penta-1,3-diene;bis(prop-1-ene)",,Patents,,PATENTSCOPE (WIPO),Governmental Organizations,,212.41,0.0,49,,15,0,0,1,212.250397,212.250397,0,5,0,0,0,0,1,1,0,0,0,0,1,20191206
142059251,"2,2-Dimethylpropane;5-ethyl-1-methylcyclohexene;methane",,C15H32,"InChI=1S/C9H16.C5H12.CH4/c1-3-9-6-4-5-8(2)7-9;1-5(2,3)4;/h5,9H,3-4,6-7H2,1-2H3;1-4H3;1H4",C.CCC1CCC=C(C1)C.CC(C)(C)C,URBFMFMNZUTBEO-UHFFFAOYSA-N,"2,2-dimethylpropane;5-ethyl-1-methylcyclohexene;methane",,Patents,,PATENTSCOPE (WIPO),Governmental Organizations,,212.41,0.0,127,,15,0,0,1,212.250397,212.250397,0,3,0,1,0,1,0,0,0,0,0,0,1,20191206
142059390,1-[(E)-but-2-enyl]-2-methylcyclopropane;ethane;ethene;propane,,C15H32,"InChI=1S/C8H14.C3H8.C2H6.C2H4/c1-3-4-5-8-6-7(8)2;1-3-2;2*1-2/h3-4,7-8H,5-6H2,1-2H3;3H2,1-2H3;1-2H3;1-2H2/b4-3+;;;",CC.CCC.C/C=C/CC1CC1C.C=C,MTVPGXUNMYOOFH-FHJHGPAASA-N,1-[(E)-but-2-enyl]-2-methylcyclopropane;ethane;ethene;propane,,Patents,,PATENTSCOPE (WIPO),Governmental Organizations,,212.41,0.0,92,,15,0,0,2,212.250397,212.250397,0,4,0,2,0,2,1,1,0,0,0,0,1,20191206
142062115,"buta-1,3-diene;ethane;(3Z)-penta-1,3-diene",,C15H32,"InChI=1S/C5H8.C4H6.3C2H6/c1-3-5-4-2;1-3-4-2;3*1-2/h3-5H,1H2,2H3;3-4H,1-2H2;3*1-2H3/b5-4-;;;;",CC.CC.CC.C/C=C\C=C.C=CC=C,IROICTONDYLFSK-HCLDKOLZSA-N,"buta-1,3-diene;ethane;(3Z)-penta-1,3-diene",,Patents,,PATENTSCOPE (WIPO),Governmental Organizations,,212.41,0.0,63,,15,0,0,2,212.250397,212.250397,0,5,0,0,0,0,1,1,0,0,0,0,1,20191206
142062130,"butane;(Z)-but-2-ene;ethane;(3Z)-penta-1,3-diene",,C15H32,"InChI=1S/C5H8.C4H10.C4H8.C2H6/c1-3-5-4-2;2*1-3-4-2;1-2/h3-5H,1H2,2H3;3-4H2,1-2H3;3-4H,1-2H3;1-2H3/b5-4-;;4-3-;",CC.CCCC.C/C=C\C.C/C=C\C=C,JNRODCIZOXQDNP-KSGWIWCDSA-N,"butane;(Z)-but-2-ene;ethane;(3Z)-penta-1,3-diene",,Patents,,PATENTSCOPE (WIPO),Governmental Organizations,,212.41,0.0,59,,15,0,0,2,212.250397,212.250397,0,4,0,0,0,0,2,2,0,0,0,0,1,20191206
142062179,ethane;[(2R)-2-methylhexyl]cyclohexane,,C15H32,"InChI=1S/C13H26.C2H6/c1-3-4-8-12(2)11-13-9-6-5-7-10-13;1-2/h12-13H,3-11H2,1-2H3;1-2H3/t12-;/m1./s1",CC.CCCC[C@@H](C)CC1CCCCC1,UDHIJSTUDDAFHQ-UTONKHPSSA-N,ethane;[(2R)-2-methylhexyl]cyclohexane,,Patents,,PATENTSCOPE (WIPO),Governmental Organizations,,212.41,0.0,111,,15,0,0,5,212.250397,212.250397,0,2,0,1,1,0,0,0,0,0,0,0,1,20191206
142139271,"Ethane;2,3,6,6-tetramethylbicyclo[3.1.1]heptane",,C15H32,"InChI=1S/C11H20.2C2H6/c1-7-5-9-6-10(8(7)2)11(9,3)4;2*1-2/h7-10H,5-6H2,1-4H3;2*1-2H3",CC.CC.CC1CC2CC(C1C)C2(C)C,IQBKRHHMVJQEJY-UHFFFAOYSA-N,"ethane;2,3,6,6-tetramethylbicyclo[3.1.1]heptane",,Patents,,Google Patents|PATENTSCOPE (WIPO),Governmental Organizations|Research and Development,,212.41,0.0,169,,15,0,0,0,212.250397,212.250397,0,3,0,4,0,4,0,0,0,0,2,1,1,20191206
142143140,Ethane;methylcyclohexane;methylcyclopentane,,C15H32,"InChI=1S/C7H14.C6H12.C2H6/c1-7-5-3-2-4-6-7;1-6-4-2-3-5-6;1-2/h7H,2-6H2,1H3;6H,2-5H2,1H3;1-2H3",CC.CC1CCCCC1.CC1CCCC1,UZDHTZKVOTVIKE-UHFFFAOYSA-N,ethane;methylcyclohexane;methylcyclopentane,,Patents,,PATENTSCOPE (WIPO),Governmental Organizations,,212.41,0.0,75,,15,0,0,0,212.250397,212.250397,0,3,0,0,0,0,0,0,0,0,0,0,1,20191206
142167701,Methylcyclohexane;octane,SCHEMBL1401728,C15H32,"InChI=1S/C8H18.C7H14/c1-3-5-7-8-6-4-2;1-7-5-3-2-4-6-7/h3-8H2,1-2H3;7H,2-6H2,1H3",CCCCCCCC.CC1CCCCC1,VYZRKFDGCVKHIF-UHFFFAOYSA-N,methylcyclohexane;octane,,Patents,,PATENTSCOPE (WIPO)|SureChEMBL,Curation Efforts|Governmental Organizations|Research and Development,,212.41,0.0,67,,15,0,0,5,212.250397,212.250397,0,2,0,0,0,0,0,0,0,0,2,1,1,20191206
142205343,1-[(E)-but-2-en-2-yl]-2-methylcyclohexane;ethane,,C15H32,"InChI=1S/C11H20.2C2H6/c1-4-9(2)11-8-6-5-7-10(11)3;2*1-2/h4,10-11H,5-8H2,1-3H3;2*1-2H3/b9-4+;;",CC.CC.C/C=C(\C)/C1CCCCC1C,NTHTZHNGKOHZKW-HPJBNNNXSA-N,1-[(E)-but-2-en-2-yl]-2-methylcyclohexane;ethane,,Patents,,PATENTSCOPE (WIPO),Governmental Organizations,,212.41,0.0,144,,15,0,0,1,212.250397,212.250397,0,3,0,2,0,2,1,1,0,0,0,0,1,20191206
142214392,"Acetylene;3,3-diethyl-2,4-dimethylpentane;ethane",,C15H32,"InChI=1S/C11H24.C2H6.C2H2/c1-7-11(8-2,9(3)4)10(5)6;2*1-2/h9-10H,7-8H2,1-6H3;1-2H3;1-2H",CC.CCC(CC)(C(C)C)C(C)C.C#C,VPOIWNTXHWMTNG-UHFFFAOYSA-N,"acetylene;3,3-diethyl-2,4-dimethylpentane;ethane",,Patents,,PATENTSCOPE (WIPO),Governmental Organizations,,212.41,0.0,94,,15,0,0,4,212.250397,212.250397,0,3,0,0,0,0,0,0,0,0,0,0,1,20191206
142214426,"Ethene;2,2,4-trimethyl-3-propan-2-ylpentane",,C15H32,"InChI=1S/C11H24.2C2H4/c1-8(2)10(9(3)4)11(5,6)7;2*1-2/h8-10H,1-7H3;2*1-2H2",CC(C)C(C(C)C)C(C)(C)C.C=C.C=C,MXSTUSCFPGKUSG-UHFFFAOYSA-N,"ethene;2,2,4-trimethyl-3-propan-2-ylpentane",,Patents,,PATENTSCOPE (WIPO),Governmental Organizations,,212.41,0.0,95,,15,0,0,3,212.250397,212.250397,0,3,0,0,0,0,0,0,0,0,0,0,1,20191206
142290239,"3-Butan-2-yl-1,5,6-trimethylcyclohexene;methane",,C15H32,"InChI=1S/C13H24.2CH4/c1-6-9(2)13-7-10(3)12(5)11(4)8-13;;/h7,9,11-13H,6,8H2,1-5H3;2*1H4",C.C.CCC(C)C1CC(C(C(=C1)C)C)C,VUCRCAGYFPIBGN-UHFFFAOYSA-N,"3-butan-2-yl-1,5,6-trimethylcyclohexene;methane",,Patents,,PATENTSCOPE (WIPO),Governmental Organizations,,212.41,0.0,190,,15,0,0,2,212.250397,212.250397,0,3,0,4,0,4,0,0,0,0,0,0,1,20191206
142294860,Ethane;methane;1-methyl-4-(2-methylbutan-2-yl)cyclohexene,,C15H32,"InChI=1S/C12H22.C2H6.CH4/c1-5-12(3,4)11-8-6-10(2)7-9-11;1-2;/h6,11H,5,7-9H2,1-4H3;1-2H3;1H4",C.CC.CCC(C)(C)C1CCC(=CC1)C,PUMPUTHFMPMTAA-UHFFFAOYSA-N,ethane;methane;1-methyl-4-(2-methylbutan-2-yl)cyclohexene,,Patents,,PATENTSCOPE (WIPO),Governmental Organizations,,212.41,0.0,174,,15,0,0,2,212.250397,212.250397,0,3,0,1,0,1,0,0,0,0,0,0,1,20191206
142323487,"ethane;(2S,5R)-5-ethyl-2-methylbicyclo[2.1.0]pentane;2-methylbutane",,C15H32,"InChI=1S/C8H14.C5H12.C2H6/c1-3-6-7-4-5(2)8(6)7;1-4-5(2)3;1-2/h5-8H,3-4H2,1-2H3;5H,4H2,1-3H3;1-2H3/t5-,6+,7?,8?;;/m0../s1",CC.CC[C@@H]1C2C1[C@H](C2)C.CCC(C)C,GJDNPLLOBBBVKZ-SZUFMSTESA-N,"ethane;(2S,5R)-5-ethyl-2-methylbicyclo[2.1.0]pentane;2-methylbutane",,Patents,,PATENTSCOPE (WIPO),Governmental Organizations,,212.41,0.0,121,,15,0,0,2,212.250397,212.250397,0,3,0,4,2,2,0,0,0,0,0,0,1,20191206
142330673,"(3E)-4,5-dimethyl-3-propan-2-ylhexa-1,3-diene;ethane",,C15H32,"InChI=1S/C11H20.2C2H6/c1-7-11(9(4)5)10(6)8(2)3;2*1-2/h7-9H,1H2,2-6H3;2*1-2H3/b11-10-;;",CC.CC.CC(C)/C(=C(/C=C)\C(C)C)/C,MVYYIVRRJRMOCF-PQBRBDCOSA-N,"(3E)-4,5-dimethyl-3-propan-2-ylhexa-1,3-diene;ethane",,Patents,,PATENTSCOPE (WIPO),Governmental Organizations,,212.41,0.0,159,,15,0,0,3,212.250397,212.250397,0,3,0,0,0,0,1,1,0,0,0,0,1,20191206
142338018,4-Ethyl-2-methyl-6-propylnonane,,C15H32,"InChI=1S/C15H32/c1-6-9-15(10-7-2)12-14(8-3)11-13(4)5/h13-15H,6-12H2,1-5H3",CCCC(CCC)CC(CC)CC(C)C,MPPNEDGJGFEZOK-UHFFFAOYSA-N,4-ethyl-2-methyl-6-propylnonane,,Patents,,PATENTSCOPE (WIPO),Governmental Organizations,,212.41,0.0,120,7.5,15,0,0,9,212.250397,212.250397,0,1,0,1,0,1,0,0,0,0,0,0,1,20191206
142348551,ethane;1-ethenyl-2-[(Z)-prop-1-enyl]cyclopentene;methane,,C15H32,"InChI=1S/C10H14.C2H6.3CH4/c1-3-6-10-8-5-7-9(10)4-2;1-2;;;/h3-4,6H,2,5,7-8H2,1H3;1-2H3;3*1H4/b6-3-;;;;",C.C.C.CC.C/C=C\C1=C(CCC1)C=C,PJJHSEBBHPNZMA-WMHXQHQASA-N,ethane;1-ethenyl-2-[(Z)-prop-1-enyl]cyclopentene;methane,,Patents,,PATENTSCOPE (WIPO),Governmental Organizations,,212.41,0.0,182,,15,0,0,2,212.250397,212.250397,0,5,0,0,0,0,1,1,0,0,0,0,1,20191206
142368566,"(3Z)-3,4-diethylhexa-1,3,5-triene;ethane;methane",,C15H32,"InChI=1S/C10H16.2C2H6.CH4/c1-5-9(6-2)10(7-3)8-4;2*1-2;/h5,7H,1,3,6,8H2,2,4H3;2*1-2H3;1H4/b10-9-;;;",C.CC.CC.CC/C(=C(\CC)/C=C)/C=C,ILVIGHDNRHKAEA-BZKIHGKGSA-N,"(3Z)-3,4-diethylhexa-1,3,5-triene;ethane;methane",,Patents,,PATENTSCOPE (WIPO),Governmental Organizations,,212.41,0.0,131,,15,0,0,4,212.250397,212.250397,0,4,0,0,0,0,1,1,0,0,0,0,1,20191206
142385719,1-Tert-butyl-2-propan-2-ylcyclohexane;ethane,,C15H32,"InChI=1S/C13H26.C2H6/c1-10(2)11-8-6-7-9-12(11)13(3,4)5;1-2/h10-12H,6-9H2,1-5H3;1-2H3",CC.CC(C)C1CCCCC1C(C)(C)C,NAYQRIKXTJDHHT-UHFFFAOYSA-N,1-tert-butyl-2-propan-2-ylcyclohexane;ethane,,Patents,,PATENTSCOPE (WIPO),Governmental Organizations,,212.41,0.0,150,,15,0,0,2,212.250397,212.250397,0,2,0,2,0,2,0,0,0,0,0,0,1,20191206
142402266,"ethane;(2Z,4E)-4-ethyl-3,6-dimethylhepta-2,4-diene",,C15H32,"InChI=1S/C11H20.2C2H6/c1-6-10(5)11(7-2)8-9(3)4;2*1-2/h6,8-9H,7H2,1-5H3;2*1-2H3/b10-6-,11-8+;;",CC.CC.CC/C(=C\C(C)C)/C(=C\C)/C,WKVQOUVLFONICC-GXDUNWRBSA-N,"ethane;(2Z,4E)-4-ethyl-3,6-dimethylhepta-2,4-diene",,Patents,,PATENTSCOPE (WIPO),Governmental Organizations,,212.41,0.0,159,,15,0,0,3,212.250397,212.250397,0,3,0,0,0,0,2,2,0,0,0,0,1,20191206
142408041,Ethane;ethene;3-ethyl-2-methylpent-2-ene;prop-1-ene,,C15H32,"InChI=1S/C8H16.C3H6.C2H6.C2H4/c1-5-8(6-2)7(3)4;1-3-2;2*1-2/h5-6H2,1-4H3;3H,1H2,2H3;1-2H3;1-2H2",CC.CCC(=C(C)C)CC.CC=C.C=C,ZRZMAZSIALIATP-UHFFFAOYSA-N,ethane;ethene;3-ethyl-2-methylpent-2-ene;prop-1-ene,,Patents,,PATENTSCOPE (WIPO),Governmental Organizations,,212.41,0.0,85,,15,0,0,2,212.250397,212.250397,0,4,0,0,0,0,0,0,0,0,0,0,1,20191206
142412426,"Ethane;hexa-1,3,4-triene;prop-1-ene",,C15H32,"InChI=1S/C6H8.C3H6.3C2H6/c1-3-5-6-4-2;1-3-2;3*1-2/h3-5H,1H2,2H3;3H,1H2,2H3;3*1-2H3",CC.CC.CC.CC=C.CC=C=CC=C,TVOWEQOOZOISLE-UHFFFAOYSA-N,"ethane;hexa-1,3,4-triene;prop-1-ene",,Patents,,PATENTSCOPE (WIPO),Governmental Organizations,,212.41,0.0,89,,15,0,0,1,212.250397,212.250397,0,5,0,0,0,0,0,0,0,0,0,0,1,20191206
142412559,1-Ethyl-4-methylbenzene;methane;propane,,C15H32,"InChI=1S/C9H12.C3H8.3CH4/c1-3-9-6-4-8(2)5-7-9;1-3-2;;;/h4-7H,3H2,1-2H3;3H2,1-2H3;3*1H4",C.C.C.CCC.CCC1=CC=C(C=C1)C,LKWPQYHJRYLLLC-UHFFFAOYSA-N,1-ethyl-4-methylbenzene;methane;propane,,Patents,,PATENTSCOPE (WIPO),Governmental Organizations,,212.41,0.0,68,,15,0,0,1,212.250397,212.250397,0,5,0,0,0,0,0,0,0,0,0,0,1,20191206
142417180,1-Butan-2-yl-6-methylcyclohexene;ethane,,C15H32,"InChI=1S/C11H20.2C2H6/c1-4-9(2)11-8-6-5-7-10(11)3;2*1-2/h8-10H,4-7H2,1-3H3;2*1-2H3",CC.CC.CCC(C)C1=CCCCC1C,QKLBCKDWSWORJU-UHFFFAOYSA-N,1-butan-2-yl-6-methylcyclohexene;ethane,,Patents,,PATENTSCOPE (WIPO),Governmental Organizations,,212.41,0.0,144,,15,0,0,2,212.250397,212.250397,0,3,0,2,0,2,0,0,0,0,0,0,1,20191206
142440967,"(3Z)-5,6-dimethylhepta-1,3,5-triene;ethane",,C15H32,"InChI=1S/C9H14.3C2H6/c1-5-6-7-9(4)8(2)3;3*1-2/h5-7H,1H2,2-4H3;3*1-2H3/b7-6-;;;",CC.CC.CC.CC(=C(C)/C=C\C=C)C,UBJMQFLZRYXZDU-YYFHNNNUSA-N,"(3Z)-5,6-dimethylhepta-1,3,5-triene;ethane",,Patents,,PATENTSCOPE (WIPO),Governmental Organizations,,212.41,0.0,143,,15,0,0,2,212.250397,212.250397,0,4,0,0,0,0,1,1,0,0,0,0,1,20191206
142453951,"cis-(1R,2S)-1,2-dimethylcyclohexane;heptane",,C15H32,"InChI=1S/C8H16.C7H16/c1-7-5-3-4-6-8(7)2;1-3-5-7-6-4-2/h7-8H,3-6H2,1-2H3;3-7H2,1-2H3/t7-,8+;",CCCCCCC.C[C@@H]1CCCC[C@@H]1C,RGUMVWPDXWDCKW-KVZVIFLMSA-N,"cis-(1R,2S)-1,2-dimethylcyclohexane;heptane",,Patents,,PATENTSCOPE (WIPO),Governmental Organizations,,212.41,0.0,75,,15,0,0,4,212.250397,212.250397,0,2,0,2,2,0,0,0,0,0,0,0,1,20191206
142456753,"Ethane;2,4,4,5-tetramethylhexan-2-ylcyclopropane",,C15H32,"InChI=1S/C13H26.C2H6/c1-10(2)12(3,4)9-13(5,6)11-7-8-11;1-2/h10-11H,7-9H2,1-6H3;1-2H3",CC.CC(C)C(C)(C)CC(C)(C)C1CC1,QIHPTKQDSUPGKU-UHFFFAOYSA-N,"ethane;2,4,4,5-tetramethylhexan-2-ylcyclopropane",,Patents,,PATENTSCOPE (WIPO),Governmental Organizations,,212.41,0.0,170,,15,0,0,4,212.250397,212.250397,0,2,0,0,0,0,0,0,0,0,0,0,1,20191206
142520714,"3,4-Dimethyl-7-propyldecane",SCHEMBL29010420,C15H32,"InChI=1S/C15H32/c1-6-9-15(10-7-2)12-11-14(5)13(4)8-3/h13-15H,6-12H2,1-5H3",CCCC(CCC)CCC(C)C(C)CC,NSROKUMUKQWCKT-UHFFFAOYSA-N,"3,4-dimethyl-7-propyldecane",,Patents,,PATENTSCOPE (WIPO)|SureChEMBL,Curation Efforts|Governmental Organizations|Research and Development,,212.41,0.0,122,7.5,15,0,0,9,212.250397,212.250397,0,1,0,2,0,2,0,0,0,0,1,1,1,20191206
142528933,Cyclopentene;ethane;pentane;prop-1-ene,,C15H32,"InChI=1S/C5H8.C5H12.C3H6.C2H6/c1-2-4-5-3-1;1-3-5-4-2;1-3-2;1-2/h1-2H,3-5H2;3-5H2,1-2H3;3H,1H2,2H3;1-2H3",CC.CCCCC.CC=C.C1CC=CC1,REWMFFOTZWSKCH-UHFFFAOYSA-N,cyclopentene;ethane;pentane;prop-1-ene,,Patents,,PATENTSCOPE (WIPO),Governmental Organizations,,212.41,0.0,53,,15,0,0,2,212.250397,212.250397,0,4,0,0,0,0,0,0,0,0,0,0,1,20191206
142529788,2-Methylbutane;1-methyl-4-propylcyclohexane,,C15H32,"InChI=1S/C10H20.C5H12/c1-3-4-10-7-5-9(2)6-8-10;1-4-5(2)3/h9-10H,3-8H2,1-2H3;5H,4H2,1-3H3",CCCC1CCC(CC1)C.CCC(C)C,DYIQAFQXMKBQMQ-UHFFFAOYSA-N,2-methylbutane;1-methyl-4-propylcyclohexane,,Patents,,PATENTSCOPE (WIPO),Governmental Organizations,,212.41,0.0,92,,15,0,0,3,212.250397,212.250397,0,2,0,0,0,0,0,0,0,0,0,0,1,20191206
142542297,"Ethane;methane;propane;1,4-xylene",,C15H32,"InChI=1S/C8H10.C3H8.C2H6.2CH4/c1-7-3-5-8(2)6-4-7;1-3-2;1-2;;/h3-6H,1-2H3;3H2,1-2H3;1-2H3;2*1H4",C.C.CC.CCC.CC1=CC=C(C=C1)C,GGOYUEABYPTOLC-UHFFFAOYSA-N,"ethane;methane;propane;1,4-xylene",,Patents,,PATENTSCOPE (WIPO),Governmental Organizations,,212.41,0.0,48,,15,0,0,0,212.250397,212.250397,0,5,0,0,0,0,0,0,0,0,0,0,1,20191206
142573556,"Prop-1-ene;2,3,4,6-tetramethyloctane",,C15H32,"InChI=1S/C12H26.C3H6/c1-7-10(4)8-11(5)12(6)9(2)3;1-3-2/h9-12H,7-8H2,1-6H3;3H,1H2,2H3",CCC(C)CC(C)C(C)C(C)C.CC=C,AAOZDWQIBOCKHF-UHFFFAOYSA-N,"prop-1-ene;2,3,4,6-tetramethyloctane",,Patents,,PATENTSCOPE (WIPO),Governmental Organizations,,212.41,0.0,112,,15,0,0,5,212.250397,212.250397,0,2,0,3,0,3,0,0,0,0,0,0,1,20191206
142586051,"Ethane;1-ethyl-4,4-dimethyl-1-propan-2-ylcyclohexane",,C15H32,"InChI=1S/C13H26.C2H6/c1-6-13(11(2)3)9-7-12(4,5)8-10-13;1-2/h11H,6-10H2,1-5H3;1-2H3",CC.CCC1(CCC(CC1)(C)C)C(C)C,HYIKBRVQIDYELK-UHFFFAOYSA-N,"ethane;1-ethyl-4,4-dimethyl-1-propan-2-ylcyclohexane",,Patents,,PATENTSCOPE (WIPO),Governmental Organizations,,212.41,0.0,155,,15,0,0,2,212.250397,212.250397,0,2,0,0,0,0,0,0,0,0,0,0,1,20191206
142601120,"ethane;(4Z)-4-ethylidene-2,3-dimethylhept-2-ene",,C15H32,"InChI=1S/C11H20.2C2H6/c1-6-8-11(7-2)10(5)9(3)4;2*1-2/h7H,6,8H2,1-5H3;2*1-2H3/b11-7-;;",CC.CC.CCC/C(=C/C)/C(=C(C)C)C,NBEHTCOIUMQQGE-FJJKMGSJSA-N,"ethane;(4Z)-4-ethylidene-2,3-dimethylhept-2-ene",,Patents,,PATENTSCOPE (WIPO),Governmental Organizations,,212.41,0.0,166,,15,0,0,3,212.250397,212.250397,0,3,0,0,0,0,1,1,0,0,0,0,1,20191206
142607391,Ethane;methylcyclohexane;2-methylpent-1-ene,,C15H32,"InChI=1S/C7H14.C6H12.C2H6/c1-7-5-3-2-4-6-7;1-4-5-6(2)3;1-2/h7H,2-6H2,1H3;2,4-5H2,1,3H3;1-2H3",CC.CCCC(=C)C.CC1CCCCC1,GYYLVMSPJVICPH-UHFFFAOYSA-N,ethane;methylcyclohexane;2-methylpent-1-ene,,Patents,,PATENTSCOPE (WIPO),Governmental Organizations,,212.41,0.0,86,,15,0,0,2,212.250397,212.250397,0,3,0,0,0,0,0,0,0,0,0,0,1,20191206
142824036,"ethane;(3Z,5Z)-5-ethylidenenona-1,3-diene;methane",,C15H32,"InChI=1S/C11H18.C2H6.2CH4/c1-4-7-9-11(6-3)10-8-5-2;1-2;;/h4,6-7,9H,1,5,8,10H2,2-3H3;1-2H3;2*1H4/b9-7-,11-6+;;;",C.C.CC.CCCC/C(=C/C)/C=C\C=C,NQQLOLJJHOQLLD-OPUBYWCESA-N,"ethane;(3Z,5Z)-5-ethylidenenona-1,3-diene;methane",,Patents,,PATENTSCOPE (WIPO),Governmental Organizations,,212.41,0.0,149,,15,0,0,5,212.250397,212.250397,0,4,0,0,0,0,2,2,0,0,0,0,1,20191207
142844926,Ethane;1-methyl-2-propylcyclobutene;pentane,,C15H32,"InChI=1S/C8H14.C5H12.C2H6/c1-3-4-8-6-5-7(8)2;1-3-5-4-2;1-2/h3-6H2,1-2H3;3-5H2,1-2H3;1-2H3",CC.CCCCC.CCCC1=C(CC1)C,QKOAIDVQUUCONN-UHFFFAOYSA-N,ethane;1-methyl-2-propylcyclobutene;pentane,,Patents,,PATENTSCOPE (WIPO),Governmental Organizations,,212.41,0.0,117,,15,0,0,4,212.250397,212.250397,0,3,0,0,0,0,0,0,0,0,0,0,1,20191207
142856869,"ethane;propane;(4E)-2,3,5-trimethylhepta-2,4-diene",,C15H32,"InChI=1S/C10H18.C3H8.C2H6/c1-6-9(4)7-10(5)8(2)3;1-3-2;1-2/h7H,6H2,1-5H3;3H2,1-2H3;1-2H3/b9-7+;;",CC.CCC.CC/C(=C/C(=C(C)C)C)/C,JQPLTFCKZUSZQP-OJYIHNBOSA-N,"ethane;propane;(4E)-2,3,5-trimethylhepta-2,4-diene",,Patents,,PATENTSCOPE (WIPO),Governmental Organizations,,212.41,0.0,155,,15,0,0,2,212.250397,212.250397,0,3,0,0,0,0,1,1,0,0,0,0,1,20191207
142864653,"ethane;(2Z,5E)-4-ethylidenehepta-2,5-diene",,C15H32,"InChI=1S/C9H14.3C2H6/c1-4-7-9(6-3)8-5-2;3*1-2/h4-8H,1-3H3;3*1-2H3/b7-4-,8-5+,9-6?;;;",CC.CC.CC.C/C=C/C(=CC)/C=C\C,KIKMCNFDQANHPY-XDPPVIPLSA-N,"ethane;(2Z,5E)-4-ethylidenehepta-2,5-diene",,Patents,,PATENTSCOPE (WIPO),Governmental Organizations,,212.41,0.0,122,,15,0,0,2,212.250397,212.250397,0,4,0,0,0,0,2,2,0,0,0,0,1,20191207
142872102,"Ethane;2-ethyl-6,6-dimethylbicyclo[3.1.1]heptane",,C15H32,"InChI=1S/C11H20.2C2H6/c1-4-8-5-6-9-7-10(8)11(9,2)3;2*1-2/h8-10H,4-7H2,1-3H3;2*1-2H3",CC.CC.CCC1CCC2CC1C2(C)C,IGLJVIZAYDBOKO-UHFFFAOYSA-N,"ethane;2-ethyl-6,6-dimethylbicyclo[3.1.1]heptane",,Patents,,PATENTSCOPE (WIPO),Governmental Organizations,,212.41,0.0,157,,15,0,0,1,212.250397,212.250397,0,3,0,3,0,3,0,0,0,0,0,0,1,20191207
142876993,"Ethane;1-ethyl-2,5-dimethyl-4-propylcyclohexane",,C15H32,"InChI=1S/C13H26.C2H6/c1-5-7-13-9-10(3)12(6-2)8-11(13)4;1-2/h10-13H,5-9H2,1-4H3;1-2H3",CC.CCCC1CC(C(CC1C)CC)C,IJBBDOWHLNMYES-UHFFFAOYSA-N,"ethane;1-ethyl-2,5-dimethyl-4-propylcyclohexane",,Patents,,PATENTSCOPE (WIPO),Governmental Organizations,,212.41,0.0,139,,15,0,0,3,212.250397,212.250397,0,2,0,4,0,4,0,0,0,0,0,0,1,20191207
142893659,"Ethane;1-ethyl-2,4-dimethyl-3-propylcyclohexane",,C15H32,"InChI=1S/C13H26.C2H6/c1-5-7-13-10(3)8-9-12(6-2)11(13)4;1-2/h10-13H,5-9H2,1-4H3;1-2H3",CC.CCCC1C(CCC(C1C)CC)C,KCQBTNQETADLND-UHFFFAOYSA-N,"ethane;1-ethyl-2,4-dimethyl-3-propylcyclohexane",,Patents,,PATENTSCOPE (WIPO),Governmental Organizations,,212.41,0.0,139,,15,0,0,3,212.250397,212.250397,0,2,0,4,0,4,0,0,0,0,0,0,1,20191207
142960861,"Ethane;2,2,7,7-tetramethyl-3-methylideneoctane",,C15H32,"InChI=1S/C13H26.C2H6/c1-11(13(5,6)7)9-8-10-12(2,3)4;1-2/h1,8-10H2,2-7H3;1-2H3",CC.CC(C)(C)CCCC(=C)C(C)(C)C,BDCMMIJTCAXQPD-UHFFFAOYSA-N,"ethane;2,2,7,7-tetramethyl-3-methylideneoctane",,Patents,,PATENTSCOPE (WIPO),Governmental Organizations,,212.41,0.0,161,,15,0,0,5,212.250397,212.250397,0,2,0,0,0,0,0,0,0,0,0,0,1,20191207
142972076,"(Z)-7,7-dimethyl-4-propyloct-2-ene;ethane",,C15H32,"InChI=1S/C13H26.C2H6/c1-6-8-12(9-7-2)10-11-13(3,4)5;1-2/h6,8,12H,7,9-11H2,1-5H3;1-2H3/b8-6-;",CC.CCCC(CCC(C)(C)C)/C=C\C,AEWHDSOUCIRFNQ-PHZXCRFESA-N,"(Z)-7,7-dimethyl-4-propyloct-2-ene;ethane",,Patents,,PATENTSCOPE (WIPO),Governmental Organizations,,212.41,0.0,137,,15,0,0,6,212.250397,212.250397,0,2,0,1,0,1,1,1,0,0,0,0,1,20191207
142978157,Dodecane;prop-1-ene,SCHEMBL28240791,C15H32,"InChI=1S/C12H26.C3H6/c1-3-5-7-9-11-12-10-8-6-4-2;1-3-2/h3-12H2,1-2H3;3H,1H2,2H3",CCCCCCCCCCCC.CC=C,VAHNBZGAOLERLB-UHFFFAOYSA-N,dodecane;prop-1-ene,,Patents,,Google Patents|PATENTSCOPE (WIPO)|SureChEMBL,Curation Efforts|Governmental Organizations|Research and Development,,212.41,0.0,63,,15,0,0,9,212.250397,212.250397,0,2,0,0,0,0,0,0,0,0,8,8,1,20191207
142985738,"Butane;1,2-diethyl-1,4-dimethylcyclopentane",,C15H32,"InChI=1S/C11H22.C4H10/c1-5-10-7-9(3)8-11(10,4)6-2;1-3-4-2/h9-10H,5-8H2,1-4H3;3-4H2,1-2H3",CCCC.CCC1CC(CC1(C)CC)C,SCJFGZFIYQHIRL-UHFFFAOYSA-N,"butane;1,2-diethyl-1,4-dimethylcyclopentane",,Patents,,PATENTSCOPE (WIPO),Governmental Organizations,,212.41,0.0,130,,15,0,0,3,212.250397,212.250397,0,2,0,3,0,3,0,0,0,0,0,0,1,20191207
143010460,ethane;2-methylbut-2-ene;(E)-6-methylhept-2-ene,,C15H32,"InChI=1S/C8H16.C5H10.C2H6/c1-4-5-6-7-8(2)3;1-4-5(2)3;1-2/h4-5,8H,6-7H2,1-3H3;4H,1-3H3;1-2H3/b5-4+;;",CC.C/C=C/CCC(C)C.CC=C(C)C,GMEINYQFNBHTGZ-SFKRKKMESA-N,ethane;2-methylbut-2-ene;(E)-6-methylhept-2-ene,,Patents,,PATENTSCOPE (WIPO),Governmental Organizations,,212.41,0.0,98,,15,0,0,3,212.250397,212.250397,0,3,0,0,0,0,1,1,0,0,0,0,1,20191207
143058393,"ethane;(3Z)-hexa-1,3,5-triene;prop-1-ene",,C15H32,"InChI=1S/C6H8.C3H6.3C2H6/c1-3-5-6-4-2;1-3-2;3*1-2/h3-6H,1-2H2;3H,1H2,2H3;3*1-2H3/b6-5-;;;;",CC.CC.CC.CC=C.C=C/C=C\C=C,HYVLDAVBWZGAAD-YGGCHVFLSA-N,"ethane;(3Z)-hexa-1,3,5-triene;prop-1-ene",,Patents,,PATENTSCOPE (WIPO),Governmental Organizations,,212.41,0.0,65,,15,0,0,2,212.250397,212.250397,0,5,0,0,0,0,1,1,0,0,0,0,1,20191207
143060184,"1,4-Dimethylcyclohexane;heptane",,C15H32,"InChI=1S/C8H16.C7H16/c1-7-3-5-8(2)6-4-7;1-3-5-7-6-4-2/h7-8H,3-6H2,1-2H3;3-7H2,1-2H3",CCCCCCC.CC1CCC(CC1)C,RBDAVVMYWYDBMR-UHFFFAOYSA-N,"1,4-dimethylcyclohexane;heptane",,Patents,,Google Patents|PATENTSCOPE (WIPO),Governmental Organizations|Research and Development,,212.41,0.0,67,,15,0,0,4,212.250397,212.250397,0,2,0,0,0,0,0,0,0,0,1,1,1,20191207
143074819,Ethane;2-methylhexylcyclohexane,,C15H32,"InChI=1S/C13H26.C2H6/c1-3-4-8-12(2)11-13-9-6-5-7-10-13;1-2/h12-13H,3-11H2,1-2H3;1-2H3",CC.CCCCC(C)CC1CCCCC1,UDHIJSTUDDAFHQ-UHFFFAOYSA-N,ethane;2-methylhexylcyclohexane,,Patents,,PATENTSCOPE (WIPO),Governmental Organizations,,212.41,0.0,111,,15,0,0,5,212.250397,212.250397,0,2,0,1,0,1,0,0,0,0,0,0,1,20191207
143079548,"2,3,4,4a,5,6,7,8,9,9a-decahydro-1H-benzo[7]annulene;ethane",,C15H32,"InChI=1S/C11H20.2C2H6/c1-2-6-10-8-4-5-9-11(10)7-3-1;2*1-2/h10-11H,1-9H2;2*1-2H3",CC.CC.C1CCC2CCCCC2CC1,ULLXDUHQLIKOGQ-UHFFFAOYSA-N,"2,3,4,4a,5,6,7,8,9,9a-decahydro-1H-benzo[7]annulene;ethane",,Patents,,PATENTSCOPE (WIPO),Governmental Organizations,,212.41,0.0,103,,15,0,0,0,212.250397,212.250397,0,3,0,2,0,2,0,0,0,0,0,0,1,20191207
143122161,"4,5-Dipropylnonane",,C15H32,"InChI=1S/C15H32/c1-5-9-13-15(12-8-4)14(10-6-2)11-7-3/h14-15H,5-13H2,1-4H3",CCCCC(CCC)C(CCC)CCC,CPHNVJFQCQATTG-UHFFFAOYSA-N,"4,5-dipropylnonane",,Patents,,Google Patents|PATENTSCOPE (WIPO),Governmental Organizations|Research and Development,,212.41,0.0,111,7.8,15,0,0,10,212.250397,212.250397,0,1,0,1,0,1,0,0,0,0,1,1,1,20191207
143122453,Ethane;heptan-4-ylcyclohexane,,C15H32,"InChI=1S/C13H26.C2H6/c1-3-8-12(9-4-2)13-10-6-5-7-11-13;1-2/h12-13H,3-11H2,1-2H3;1-2H3",CC.CCCC(CCC)C1CCCCC1,OPRRGOUUFUYXGG-UHFFFAOYSA-N,ethane;heptan-4-ylcyclohexane,,Patents,,PATENTSCOPE (WIPO),Governmental Organizations,,212.41,0.0,105,,15,0,0,5,212.250397,212.250397,0,2,0,0,0,0,0,0,0,0,0,0,1,20191207
143126939,"Ethane;1,2,3,3,5-pentamethylcyclohexene",,C15H32,"InChI=1S/C11H20.2C2H6/c1-8-6-9(2)10(3)11(4,5)7-8;2*1-2/h8H,6-7H2,1-5H3;2*1-2H3",CC.CC.CC1CC(=C(C(C1)(C)C)C)C,GRMCEWPKYYTORM-UHFFFAOYSA-N,"ethane;1,2,3,3,5-pentamethylcyclohexene",,Patents,,PATENTSCOPE (WIPO),Governmental Organizations,,212.41,0.0,184,,15,0,0,0,212.250397,212.250397,0,3,0,1,0,1,0,0,0,0,0,0,1,20191207
143151902,"ethane;(1S)-4-methyl-1,2-di(propan-2-yl)cyclohexane",,C15H32,"InChI=1S/C13H26.C2H6/c1-9(2)12-7-6-11(5)8-13(12)10(3)4;1-2/h9-13H,6-8H2,1-5H3;1-2H3/t11?,12-,13?;/m0./s1",CC.CC1CC[C@H](C(C1)C(C)C)C(C)C,PMHODLJOYDDEEL-DPUMSGIQSA-N,"ethane;(1S)-4-methyl-1,2-di(propan-2-yl)cyclohexane",,Patents,,PATENTSCOPE (WIPO),Governmental Organizations,,212.41,0.0,146,,15,0,0,2,212.250397,212.250397,0,2,0,3,1,2,0,0,0,0,0,0,1,20191207
143158047,butane;[(2S)-pentan-2-yl]cyclohexane,,C15H32,"InChI=1S/C11H22.C4H10/c1-3-7-10(2)11-8-5-4-6-9-11;1-3-4-2/h10-11H,3-9H2,1-2H3;3-4H2,1-2H3/t10-;/m0./s1",CCCC.CCC[C@H](C)C1CCCCC1,QPLJNYLWXKMSIS-PPHPATTJSA-N,butane;[(2S)-pentan-2-yl]cyclohexane,,Patents,,PATENTSCOPE (WIPO),Governmental Organizations,,212.41,0.0,92,,15,0,0,4,212.250397,212.250397,0,2,0,1,1,0,0,0,0,0,0,0,1,20191207
143174669,Ethane;1-ethyl-2-(3-methylbutyl)cyclohexane,,C15H32,"InChI=1S/C13H26.C2H6/c1-4-12-7-5-6-8-13(12)10-9-11(2)3;1-2/h11-13H,4-10H2,1-3H3;1-2H3",CC.CCC1CCCCC1CCC(C)C,WNIRJWKKKYTBDP-UHFFFAOYSA-N,ethane;1-ethyl-2-(3-methylbutyl)cyclohexane,,Patents,,PATENTSCOPE (WIPO),Governmental Organizations,,212.41,0.0,126,,15,0,0,4,212.250397,212.250397,0,2,0,2,0,2,0,0,0,0,0,0,1,20191207
143177495,"Ethane;1,3,5-trimethylcyclohexa-1,3-diene",,C15H32,"InChI=1S/C9H14.3C2H6/c1-7-4-8(2)6-9(3)5-7;3*1-2/h4-5,8H,6H2,1-3H3;3*1-2H3",CC.CC.CC.CC1CC(=CC(=C1)C)C,IQTDRQSIEWRXHB-UHFFFAOYSA-N,"ethane;1,3,5-trimethylcyclohexa-1,3-diene",,Patents,,PATENTSCOPE (WIPO),Governmental Organizations,,212.41,0.0,161,,15,0,0,0,212.250397,212.250397,0,4,0,1,0,1,0,0,0,0,0,0,1,20191207
143213420,(Z)-but-2-ene;ethane;1-methyl-2-methylidenecyclopentane,,C15H32,"InChI=1S/C7H12.C4H8.2C2H6/c1-6-4-3-5-7(6)2;1-3-4-2;2*1-2/h7H,1,3-5H2,2H3;3-4H,1-2H3;2*1-2H3/b;4-3-;;",CC.CC.C/C=C\C.CC1CCCC1=C,AHHFSNKHIDZOGH-MECAPONASA-N,(Z)-but-2-ene;ethane;1-methyl-2-methylidenecyclopentane,,Patents,,PATENTSCOPE (WIPO),Governmental Organizations,,212.41,0.0,97,,15,0,0,0,212.250397,212.250397,0,4,0,1,0,1,1,1,0,0,0,0,1,20191207
143216220,Ethane;1-ethyl-2-methylbenzene;methane,,C15H32,"InChI=1S/C9H12.2C2H6.2CH4/c1-3-9-7-5-4-6-8(9)2;2*1-2;;/h4-7H,3H2,1-2H3;2*1-2H3;2*1H4",C.C.CC.CC.CCC1=CC=CC=C1C,HWRGQBMPNIHGIO-UHFFFAOYSA-N,ethane;1-ethyl-2-methylbenzene;methane,,Patents,,PATENTSCOPE (WIPO),Governmental Organizations,,212.41,0.0,76,,15,0,0,1,212.250397,212.250397,0,5,0,0,0,0,0,0,0,0,0,0,1,20191207
143259641,"ethane;(3Z)-3-ethyl-2,5-dimethylhexa-1,3,5-triene;methane",,C15H32,"InChI=1S/C10H16.2C2H6.CH4/c1-6-10(9(4)5)7-8(2)3;2*1-2;/h7H,2,4,6H2,1,3,5H3;2*1-2H3;1H4/b10-7-;;;",C.CC.CC.CC/C(=C/C(=C)C)/C(=C)C,KIYVRCXCECVWMA-SULXSYCDSA-N,"ethane;(3Z)-3-ethyl-2,5-dimethylhexa-1,3,5-triene;methane",,Patents,,PATENTSCOPE (WIPO),Governmental Organizations,,212.41,0.0,170,,15,0,0,3,212.250397,212.250397,0,4,0,0,0,0,1,1,0,0,0,0,1,20191207
143287037,ethane;(Z)-hex-3-ene;(Z)-3-methylhex-3-ene,,C15H32,"InChI=1S/C7H14.C6H12.C2H6/c1-4-6-7(3)5-2;1-3-5-6-4-2;1-2/h6H,4-5H2,1-3H3;5-6H,3-4H2,1-2H3;1-2H3/b7-6-;6-5-;",CC.CC/C=C\CC.CC/C=C(/C)\CC,UDNHGWWHYFVEJO-UXVGNUFUSA-N,ethane;(Z)-hex-3-ene;(Z)-3-methylhex-3-ene,,Patents,,PATENTSCOPE (WIPO),Governmental Organizations,,212.41,0.0,89,,15,0,0,4,212.250397,212.250397,0,3,0,0,0,0,2,2,0,0,0,0,1,20191207
143301634,"1,4-Diethyl-2-methyl-3-propylcyclopentane;ethane",,C15H32,"InChI=1S/C13H26.C2H6/c1-5-8-13-10(4)11(6-2)9-12(13)7-3;1-2/h10-13H,5-9H2,1-4H3;1-2H3",CC.CCCC1C(C(CC1CC)CC)C,BTJRNIVWKMBYAB-UHFFFAOYSA-N,"1,4-diethyl-2-methyl-3-propylcyclopentane;ethane",,Patents,,PATENTSCOPE (WIPO),Governmental Organizations,,212.41,0.0,139,,15,0,0,4,212.250397,212.250397,0,2,0,4,0,4,0,0,0,0,0,0,1,20191207
143310393,"1,3-Diethyl-4-methyl-2-propylcyclopentane;ethane",,C15H32,"InChI=1S/C13H26.C2H6/c1-5-8-13-11(6-2)9-10(4)12(13)7-3;1-2/h10-13H,5-9H2,1-4H3;1-2H3",CC.CCCC1C(CC(C1CC)C)CC,DQSFHGHZBSIIBP-UHFFFAOYSA-N,"1,3-diethyl-4-methyl-2-propylcyclopentane;ethane",,Patents,,PATENTSCOPE (WIPO),Governmental Organizations,,212.41,0.0,139,,15,0,0,4,212.250397,212.250397,0,2,0,4,0,4,0,0,0,0,0,0,1,20191207
143328691,1-Tert-butyl-4-methylbenzene;methane,,C15H32,"InChI=1S/C11H16.4CH4/c1-9-5-7-10(8-6-9)11(2,3)4;;;;/h5-8H,1-4H3;4*1H4",C.C.C.C.CC1=CC=C(C=C1)C(C)(C)C,LGDFGPVHBBRRLX-UHFFFAOYSA-N,1-tert-butyl-4-methylbenzene;methane,,Patents,,PATENTSCOPE (WIPO),Governmental Organizations,,212.41,0.0,110,,15,0,0,1,212.250397,212.250397,0,5,0,0,0,0,0,0,0,0,0,0,1,20191207
143329957,"1,3-Dimethylbicyclo[3.3.1]nonane;ethane",,C15H32,"InChI=1S/C11H20.2C2H6/c1-9-6-10-4-3-5-11(2,7-9)8-10;2*1-2/h9-10H,3-8H2,1-2H3;2*1-2H3",CC.CC.CC1CC2CCCC(C1)(C2)C,MLLZHHPYGLRLGV-UHFFFAOYSA-N,"1,3-dimethylbicyclo[3.3.1]nonane;ethane",,Patents,,PATENTSCOPE (WIPO),Governmental Organizations,,212.41,0.0,150,,15,0,0,0,212.250397,212.250397,0,3,0,3,0,3,0,0,0,0,0,0,1,20191207
143332249,Acetylene;ethane;pent-2-ene,,C15H32,"InChI=1S/C5H10.3C2H6.2C2H2/c1-3-5-4-2;5*1-2/h3,5H,4H2,1-2H3;3*1-2H3;2*1-2H",CC.CC.CC.CCC=CC.C#C.C#C,CKCIULFXDDPZFY-UHFFFAOYSA-N,acetylene;ethane;pent-2-ene,,Patents,,PATENTSCOPE (WIPO),Governmental Organizations,,212.41,0.0,35,,15,0,0,1,212.250397,212.250397,0,6,0,0,0,0,1,0,1,0,0,0,1,20191207
143337000,Ethane;2-ethyl-3-methylbicyclo[2.2.1]heptane;propane,,C15H32,"InChI=1S/C10H18.C3H8.C2H6/c1-3-10-7(2)8-4-5-9(10)6-8;1-3-2;1-2/h7-10H,3-6H2,1-2H3;3H2,1-2H3;1-2H3",CC.CCC.CCC1C(C2CCC1C2)C,YBBXBNSPTWTNJT-UHFFFAOYSA-N,ethane;2-ethyl-3-methylbicyclo[2.2.1]heptane;propane,,Patents,,PATENTSCOPE (WIPO),Governmental Organizations,,212.41,0.0,128,,15,0,0,1,212.250397,212.250397,0,3,0,4,0,4,0,0,0,0,0,0,1,20191207
143344365,"ethane;(3Z,5E)-6-methylocta-1,3,5-triene",,C15H32,"InChI=1S/C9H14.3C2H6/c1-4-6-7-8-9(3)5-2;3*1-2/h4,6-8H,1,5H2,2-3H3;3*1-2H3/b7-6-,9-8+;;;",CC.CC.CC.CC/C(=C/C=C\C=C)/C,RQCBWBKYKWADQF-KWZRWUBKSA-N,"ethane;(3Z,5E)-6-methylocta-1,3,5-triene",,Patents,,PATENTSCOPE (WIPO),Governmental Organizations,,212.41,0.0,127,,15,0,0,3,212.250397,212.250397,0,4,0,0,0,0,2,2,0,0,0,0,1,20191207
143345297,"6-Ethyl-3,3,8-trimethyldecane",,C15H32,"InChI=1S/C15H32/c1-7-13(4)12-14(8-2)10-11-15(5,6)9-3/h13-14H,7-12H2,1-6H3",CCC(C)CC(CC)CCC(C)(C)CC,ZFRPXUGKCIDWKN-UHFFFAOYSA-N,"6-ethyl-3,3,8-trimethyldecane",,Patents,,PATENTSCOPE (WIPO),Governmental Organizations,,212.41,0.0,146,7.3,15,0,0,8,212.250397,212.250397,0,1,0,2,0,2,0,0,0,0,0,0,1,20191207
143345715,"1-Butan-2-yl-3-methylcyclobutane;2,2-dimethylbutane",,C15H32,"InChI=1S/C9H18.C6H14/c1-4-8(3)9-5-7(2)6-9;1-5-6(2,3)4/h7-9H,4-6H2,1-3H3;5H2,1-4H3",CCC(C)C1CC(C1)C.CCC(C)(C)C,VSBXRGZMFCHRHE-UHFFFAOYSA-N,"1-butan-2-yl-3-methylcyclobutane;2,2-dimethylbutane",,Patents,,PATENTSCOPE (WIPO),Governmental Organizations,,212.41,0.0,110,,15,0,0,3,212.250397,212.250397,0,2,0,1,0,1,0,0,0,0,0,0,1,20191207
143345932,"Ethane;3-ethyl-2,5-dimethyl-4-methylidenehex-2-ene",,C15H32,"InChI=1S/C11H20.2C2H6/c1-7-11(9(4)5)10(6)8(2)3;2*1-2/h8H,6-7H2,1-5H3;2*1-2H3",CC.CC.CCC(=C(C)C)C(=C)C(C)C,OIQFMRDTAZPJCI-UHFFFAOYSA-N,"ethane;3-ethyl-2,5-dimethyl-4-methylidenehex-2-ene",,Patents,,PATENTSCOPE (WIPO),Governmental Organizations,,212.41,0.0,166,,15,0,0,3,212.250397,212.250397,0,3,0,0,0,0,0,0,0,0,0,0,1,20191207
143346174,"6-Ethyl-2,2,4,8-tetramethylnonane",,C15H32,"InChI=1S/C15H32/c1-8-14(9-12(2)3)10-13(4)11-15(5,6)7/h12-14H,8-11H2,1-7H3",CCC(CC(C)C)CC(C)CC(C)(C)C,CINPQSHRICZKGN-UHFFFAOYSA-N,"6-ethyl-2,2,4,8-tetramethylnonane",,Patents,,PATENTSCOPE (WIPO),Governmental Organizations,,212.41,0.0,150,7.0,15,0,0,7,212.250397,212.250397,0,1,0,2,0,2,0,0,0,0,0,0,1,20191207
143346893,7-Ethyl-2-methyl-3-propan-2-ylnonane,,C15H32,"InChI=1S/C15H32/c1-7-14(8-2)10-9-11-15(12(3)4)13(5)6/h12-15H,7-11H2,1-6H3",CCC(CC)CCCC(C(C)C)C(C)C,MAGHZFTVDOFYGJ-UHFFFAOYSA-N,7-ethyl-2-methyl-3-propan-2-ylnonane,,Patents,,PATENTSCOPE (WIPO),Governmental Organizations,,212.41,0.0,123,7.2,15,0,0,8,212.250397,212.250397,0,1,0,0,0,0,0,0,0,0,0,0,1,20191207
143347952,Cumene;ethane;methane,,C15H32,"InChI=1S/C9H12.2C2H6.2CH4/c1-8(2)9-6-4-3-5-7-9;2*1-2;;/h3-8H,1-2H3;2*1-2H3;2*1H4",C.C.CC.CC.CC(C)C1=CC=CC=C1,LQUJAEAFSBJTDD-UHFFFAOYSA-N,cumene;ethane;methane,,Patents,,Google Patents|PATENTSCOPE (WIPO),Governmental Organizations|Research and Development,,212.41,0.0,68,,15,0,0,1,212.250397,212.250397,0,5,0,0,0,0,0,0,0,0,3,3,1,20191207
143364956,"1,3-Dimethyl-5-(2-methylbutyl)cycloheptane;methane",,C15H32,"InChI=1S/C14H28.CH4/c1-5-11(2)9-14-7-6-12(3)8-13(4)10-14;/h11-14H,5-10H2,1-4H3;1H4",C.CCC(C)CC1CCC(CC(C1)C)C,BITBXZPVWWETCM-UHFFFAOYSA-N,"1,3-dimethyl-5-(2-methylbutyl)cycloheptane;methane",,Patents,,PATENTSCOPE (WIPO),Governmental Organizations,,212.41,0.0,150,,15,0,0,3,212.250397,212.250397,0,2,0,4,0,4,0,0,0,0,0,0,1,20191207
143377636,"1,2-Dimethyl-3-pentylcyclohexane;ethane",,C15H32,"InChI=1S/C13H26.C2H6/c1-4-5-6-9-13-10-7-8-11(2)12(13)3;1-2/h11-13H,4-10H2,1-3H3;1-2H3",CC.CCCCCC1CCCC(C1C)C,PTNGGYKGJMANES-UHFFFAOYSA-N,"1,2-dimethyl-3-pentylcyclohexane;ethane",,Patents,,PATENTSCOPE (WIPO),Governmental Organizations,,212.41,0.0,128,,15,0,0,4,212.250397,212.250397,0,2,0,3,0,3,0,0,0,0,0,0,1,20191207
143378108,"ethane;(3Z,5Z)-hepta-1,3,5-triene;methane;prop-1-ene",,C15H32,"InChI=1S/C7H10.C3H6.2C2H6.CH4/c1-3-5-7-6-4-2;1-3-2;2*1-2;/h3-7H,1H2,2H3;3H,1H2,2H3;2*1-2H3;1H4/b6-4-,7-5-;;;;",C.CC.CC.CC=C.C/C=C\C=C/C=C,DMRLXYSCEFLWDL-KPXKRBSFSA-N,"ethane;(3Z,5Z)-hepta-1,3,5-triene;methane;prop-1-ene",,Patents,,PATENTSCOPE (WIPO),Governmental Organizations,,212.41,0.0,93,,15,0,0,2,212.250397,212.250397,0,5,0,0,0,0,2,2,0,0,0,0,1,20191207
143393626,"Ethane;methane;1-methylcyclohexa-1,3-diene;pentane",,C15H32,"InChI=1S/C7H10.C5H12.C2H6.CH4/c1-7-5-3-2-4-6-7;1-3-5-4-2;1-2;/h2-3,5H,4,6H2,1H3;3-5H2,1-2H3;1-2H3;1H4",C.CC.CCCCC.CC1=CC=CCC1,KMLSTPHVIPCCNK-UHFFFAOYSA-N,"ethane;methane;1-methylcyclohexa-1,3-diene;pentane",,Patents,,PATENTSCOPE (WIPO),Governmental Organizations,,212.41,0.0,115,,15,0,0,2,212.250397,212.250397,0,4,0,0,0,0,0,0,0,0,0,0,1,20191207
143423782,Ethane;ethylcycloheptane;2-methylprop-1-ene,,C15H32,"InChI=1S/C9H18.C4H8.C2H6/c1-2-9-7-5-3-4-6-8-9;1-4(2)3;1-2/h9H,2-8H2,1H3;1H2,2-3H3;1-2H3",CC.CCC1CCCCCC1.CC(=C)C,PBKSJXQHBYLECH-UHFFFAOYSA-N,ethane;ethylcycloheptane;2-methylprop-1-ene,,Patents,,PATENTSCOPE (WIPO),Governmental Organizations,,212.41,0.0,81,,15,0,0,1,212.250397,212.250397,0,3,0,0,0,0,0,0,0,0,0,0,1,20191207
143448470,Ethane;1-ethenyl-1-methylcyclopentane;2-methylbutane,,C15H32,"InChI=1S/C8H14.C5H12.C2H6/c1-3-8(2)6-4-5-7-8;1-4-5(2)3;1-2/h3H,1,4-7H2,2H3;5H,4H2,1-3H3;1-2H3",CC.CCC(C)C.CC1(CCCC1)C=C,DYOQYOXORSHFMD-UHFFFAOYSA-N,ethane;1-ethenyl-1-methylcyclopentane;2-methylbutane,,Patents,,PATENTSCOPE (WIPO),Governmental Organizations,,212.41,0.0,100,,15,0,0,2,212.250397,212.250397,0,3,0,0,0,0,0,0,0,0,0,0,1,20191207
143531975,"but-1-ene;ethane;(3Z)-3-methylhexa-1,3-diene",,C15H32,"InChI=1S/C7H12.C4H8.2C2H6/c1-4-6-7(3)5-2;1-3-4-2;2*1-2/h5-6H,2,4H2,1,3H3;3H,1,4H2,2H3;2*1-2H3/b7-6-;;;",CC.CC.CCC=C.CC/C=C(/C)\C=C,OETYQUHWFLGQHZ-YYFHNNNUSA-N,"but-1-ene;ethane;(3Z)-3-methylhexa-1,3-diene",,Patents,,PATENTSCOPE (WIPO),Governmental Organizations,,212.41,0.0,92,,15,0,0,3,212.250397,212.250397,0,4,0,0,0,0,1,1,0,0,0,0,1,20191207
143539706,"ethane;methane;(2Z,5Z)-4-methylocta-2,5-diene;prop-1-ene",,C15H32,"InChI=1S/C9H16.C3H6.C2H6.CH4/c1-4-6-8-9(3)7-5-2;1-3-2;1-2;/h5-9H,4H2,1-3H3;3H,1H2,2H3;1-2H3;1H4/b7-5-,8-6-;;;",C.CC.CC/C=C\C(C)/C=C\C.CC=C,JLVUXGRAFKJRNE-LNLCQZHXSA-N,"ethane;methane;(2Z,5Z)-4-methylocta-2,5-diene;prop-1-ene",,Patents,,PATENTSCOPE (WIPO),Governmental Organizations,,212.41,0.0,106,,15,0,0,3,212.250397,212.250397,0,4,0,1,0,1,2,2,0,0,0,0,1,20191207
143573805,"ethane;(2Z,4E)-5-ethylnona-2,4-diene",,C15H32,"InChI=1S/C11H20.2C2H6/c1-4-7-9-11(6-3)10-8-5-2;2*1-2/h4,7,9H,5-6,8,10H2,1-3H3;2*1-2H3/b7-4-,11-9+;;",CC.CC.CCCC/C(=C/C=C\C)/CC,NBXDJEWLQPUJBW-KUMIYJBGSA-N,"ethane;(2Z,4E)-5-ethylnona-2,4-diene",,Patents,,PATENTSCOPE (WIPO),Governmental Organizations,,212.41,0.0,129,,15,0,0,5,212.250397,212.250397,0,3,0,0,0,0,2,2,0,0,0,0,1,20191207
143592219,"ethane;(4Z,6Z)-3-methylocta-1,4,6-triene",,C15H32,"InChI=1S/C9H14.3C2H6/c1-4-6-7-8-9(3)5-2;3*1-2/h4-9H,2H2,1,3H3;3*1-2H3/b6-4-,8-7-;;;",CC.CC.CC.C/C=C\C=C/C(C)C=C,QQUFXMLUGHKQAX-GLMBCOHHSA-N,"ethane;(4Z,6Z)-3-methylocta-1,4,6-triene",,Patents,,PATENTSCOPE (WIPO),Governmental Organizations,,212.41,0.0,118,,15,0,0,3,212.250397,212.250397,0,4,0,1,0,1,2,2,0,0,0,0,1,20191207
143664750,Ethane;3-ethylbicyclo[3.3.1]nonane,,C15H32,"InChI=1S/C11H20.2C2H6/c1-2-9-6-10-4-3-5-11(7-9)8-10;2*1-2/h9-11H,2-8H2,1H3;2*1-2H3",CC.CC.CCC1CC2CCCC(C2)C1,HRTUCHOUBBJHLK-UHFFFAOYSA-N,ethane;3-ethylbicyclo[3.3.1]nonane,,Patents,,PATENTSCOPE (WIPO),Governmental Organizations,,212.41,0.0,116,,15,0,0,1,212.250397,212.250397,0,3,0,2,0,2,0,0,0,0,0,0,1,20191207
143680336,"1,2-Diethyl-4-propan-2-ylcyclohexane;ethane",,C15H32,"InChI=1S/C13H26.C2H6/c1-5-11-7-8-13(10(3)4)9-12(11)6-2;1-2/h10-13H,5-9H2,1-4H3;1-2H3",CC.CCC1CCC(CC1CC)C(C)C,XLNJSSUSDRINJH-UHFFFAOYSA-N,"1,2-diethyl-4-propan-2-ylcyclohexane;ethane",,Patents,,PATENTSCOPE (WIPO),Governmental Organizations,,212.41,0.0,137,,15,0,0,3,212.250397,212.250397,0,2,0,3,0,3,0,0,0,0,0,0,1,20191207
143682251,Butane;pentan-2-ylcyclohexane,,C15H32,"InChI=1S/C11H22.C4H10/c1-3-7-10(2)11-8-5-4-6-9-11;1-3-4-2/h10-11H,3-9H2,1-2H3;3-4H2,1-2H3",CCCC.CCCC(C)C1CCCCC1,QPLJNYLWXKMSIS-UHFFFAOYSA-N,butane;pentan-2-ylcyclohexane,,Patents,,PATENTSCOPE (WIPO),Governmental Organizations,,212.41,0.0,92,,15,0,0,4,212.250397,212.250397,0,2,0,1,0,1,0,0,0,0,0,0,1,20191207
143682628,Acetylene;ethane;3-methylpent-1-ene;prop-1-ene,,C15H32,"InChI=1S/C6H12.C3H6.2C2H6.C2H2/c1-4-6(3)5-2;1-3-2;3*1-2/h4,6H,1,5H2,2-3H3;3H,1H2,2H3;2*1-2H3;1-2H",CC.CC.CCC(C)C=C.CC=C.C#C,VHKGOHKRVZXROU-UHFFFAOYSA-N,acetylene;ethane;3-methylpent-1-ene;prop-1-ene,,Patents,,PATENTSCOPE (WIPO),Governmental Organizations,,212.41,0.0,52,,15,0,0,2,212.250397,212.250397,0,5,0,1,0,1,0,0,0,0,0,0,1,20191207
143683685,"1,2-dimethylcyclopropane;ethane;(E)-oct-2-ene",,C15H32,"InChI=1S/C8H16.C5H10.C2H6/c1-3-5-7-8-6-4-2;1-4-3-5(4)2;1-2/h3,5H,4,6-8H2,1-2H3;4-5H,3H2,1-2H3;1-2H3/b5-3+;;",CC.CCCCC/C=C/C.CC1CC1C,STNFDQJBCAKKGP-RQCPZROWSA-N,"1,2-dimethylcyclopropane;ethane;(E)-oct-2-ene",,Patents,,PATENTSCOPE (WIPO),Governmental Organizations,,212.41,0.0,86,,15,0,0,4,212.250397,212.250397,0,3,0,2,0,2,1,1,0,0,0,0,1,20191207
143684717,"But-1-ene;ethane;ethene;2-methylbuta-1,3-diene",,C15H32,"InChI=1S/C5H8.C4H8.2C2H6.C2H4/c1-4-5(2)3;1-3-4-2;3*1-2/h4H,1-2H2,3H3;3H,1,4H2,2H3;2*1-2H3;1-2H2",CC.CC.CCC=C.CC(=C)C=C.C=C,GWCJUQTWELCPCY-UHFFFAOYSA-N,"but-1-ene;ethane;ethene;2-methylbuta-1,3-diene",,Patents,,PATENTSCOPE (WIPO),Governmental Organizations,,212.41,0.0,65,,15,0,0,2,212.250397,212.250397,0,5,0,0,0,0,0,0,0,0,0,0,1,20191207
143694444,"(Z)-4,7-dimethyl-6-methylideneoct-3-ene;ethane",,C15H32,"InChI=1S/C11H20.2C2H6/c1-6-7-10(4)8-11(5)9(2)3;2*1-2/h7,9H,5-6,8H2,1-4H3;2*1-2H3/b10-7-;;",CC.CC.CC/C=C(/C)\CC(=C)C(C)C,XEAVHQULNCRIIU-QISVCDMNSA-N,"(Z)-4,7-dimethyl-6-methylideneoct-3-ene;ethane",,Patents,,PATENTSCOPE (WIPO),Governmental Organizations,,212.41,0.0,149,,15,0,0,4,212.250397,212.250397,0,3,0,0,0,0,1,1,0,0,0,0,1,20191207
143696683,"(E)-3,4-dimethylhept-3-ene;ethane;2-methylprop-1-ene",,C15H32,"InChI=1S/C9H18.C4H8.C2H6/c1-5-7-9(4)8(3)6-2;1-4(2)3;1-2/h5-7H2,1-4H3;1H2,2-3H3;1-2H3/b9-8+;;",CC.CCC/C(=C(\C)/CC)/C.CC(=C)C,CQKVGHNOWKZLDF-YEUQMBKVSA-N,"(E)-3,4-dimethylhept-3-ene;ethane;2-methylprop-1-ene",,Patents,,PATENTSCOPE (WIPO),Governmental Organizations,,212.41,0.0,122,,15,0,0,3,212.250397,212.250397,0,3,0,0,0,0,1,1,0,0,0,0,1,20191207
143701334,"(3Z)-3,6-dimethylhepta-1,3,5-triene;ethane",,C15H32,"InChI=1S/C9H14.3C2H6/c1-5-9(4)7-6-8(2)3;3*1-2/h5-7H,1H2,2-4H3;3*1-2H3/b9-7-;;;",CC.CC.CC.CC(=C/C=C(/C)\C=C)C,DYTJMALGLJDWPH-AXXLBGQXSA-N,"(3Z)-3,6-dimethylhepta-1,3,5-triene;ethane",,Patents,,PATENTSCOPE (WIPO),Governmental Organizations,,212.41,0.0,143,,15,0,0,2,212.250397,212.250397,0,4,0,0,0,0,1,1,0,0,0,0,1,20191207
143703366,3-Methylhexane;1-methyl-2-propan-2-ylcyclobutane,,C15H32,"InChI=1S/C8H16.C7H16/c1-6(2)8-5-4-7(8)3;1-4-6-7(3)5-2/h6-8H,4-5H2,1-3H3;7H,4-6H2,1-3H3",CCCC(C)CC.CC1CCC1C(C)C,YZGKBMZCLBXWFL-UHFFFAOYSA-N,3-methylhexane;1-methyl-2-propan-2-ylcyclobutane,,Patents,,PATENTSCOPE (WIPO),Governmental Organizations,,212.41,0.0,105,,15,0,0,4,212.250397,212.250397,0,2,0,3,0,3,0,0,0,0,0,0,1,20191207
143705259,Acetylene;ethane;3-methylpentane;propane,,C15H32,"InChI=1S/C6H14.C3H8.C2H6.2C2H2/c1-4-6(3)5-2;1-3-2;3*1-2/h6H,4-5H2,1-3H3;3H2,1-2H3;1-2H3;2*1-2H",CC.CCC.CCC(C)CC.C#C.C#C,DDBFAMADZXKPRP-UHFFFAOYSA-N,acetylene;ethane;3-methylpentane;propane,,Patents,,PATENTSCOPE (WIPO),Governmental Organizations,,212.41,0.0,27,,15,0,0,2,212.250397,212.250397,0,5,0,0,0,0,0,0,0,0,0,0,1,20191207
143706789,Acetylene;ethane;ethene;methylcyclopropane;prop-1-ene,,C15H32,"InChI=1S/C4H8.C3H6.2C2H6.C2H4.C2H2/c1-4-2-3-4;1-3-2;4*1-2/h4H,2-3H2,1H3;3H,1H2,2H3;2*1-2H3;1-2H2;1-2H",CC.CC.CC=C.CC1CC1.C=C.C#C,UHTSYINNELKZIN-UHFFFAOYSA-N,acetylene;ethane;ethene;methylcyclopropane;prop-1-ene,,Patents,,PATENTSCOPE (WIPO),Governmental Organizations,,212.41,0.0,34,,15,0,0,0,212.250397,212.250397,0,6,0,0,0,0,0,0,0,0,0,0,1,20191207
143707838,"ethane;ethene;(2Z,4Z)-hexa-2,4-diene;prop-1-ene",,C15H32,"InChI=1S/C6H10.C3H6.2C2H6.C2H4/c1-3-5-6-4-2;1-3-2;3*1-2/h3-6H,1-2H3;3H,1H2,2H3;2*1-2H3;1-2H2/b5-3-,6-4-;;;;",CC.CC.CC=C.C/C=C\C=C/C.C=C,QKDNPULBOMDXCA-JAJWFFCDSA-N,"ethane;ethene;(2Z,4Z)-hexa-2,4-diene;prop-1-ene",,Patents,,PATENTSCOPE (WIPO),Governmental Organizations,,212.41,0.0,55,,15,0,0,1,212.250397,212.250397,0,5,0,0,0,0,2,2,0,0,0,0,1,20191207
143714189,"1,5-Diethyl-1,3,3-trimethylcyclohexane;ethane",,C15H32,"InChI=1S/C13H26.C2H6/c1-6-11-8-12(3,4)10-13(5,7-2)9-11;1-2/h11H,6-10H2,1-5H3;1-2H3",CC.CCC1CC(CC(C1)(C)CC)(C)C,UASZYOHAVCPWRG-UHFFFAOYSA-N,"1,5-diethyl-1,3,3-trimethylcyclohexane;ethane",,Patents,,PATENTSCOPE (WIPO),Governmental Organizations,,212.41,0.0,169,,15,0,0,2,212.250397,212.250397,0,2,0,2,0,2,0,0,0,0,0,0,1,20191207
143714848,"Acetylene;buta-1,3-diene;butane;ethane;propane",,C15H32,"InChI=1S/C4H10.C4H6.C3H8.C2H6.C2H2/c2*1-3-4-2;1-3-2;2*1-2/h3-4H2,1-2H3;3-4H,1-2H2;3H2,1-2H3;1-2H3;1-2H",CC.CCC.CCCC.C=CC=C.C#C,HXMMDXIXEXXVNY-UHFFFAOYSA-N,"acetylene;buta-1,3-diene;butane;ethane;propane",,Patents,,PATENTSCOPE (WIPO),Governmental Organizations,,212.41,0.0,31,,15,0,0,2,212.250397,212.250397,0,5,0,0,0,0,0,0,0,0,0,0,1,20191207
143720396,"3-Methylpentane;2-methyl-1-propylcyclopenta-1,3-diene;molecular hydrogen",,C15H32,"InChI=1S/C9H14.C6H14.2H2/c1-3-5-9-7-4-6-8(9)2;1-4-6(3)5-2;;/h4,6H,3,5,7H2,1-2H3;6H,4-5H2,1-3H3;2*1H",[HH].[HH].CCCC1=C(C=CC1)C.CCC(C)CC,LAVIMQQECQFYAX-UHFFFAOYSA-N,"3-methylpentane;2-methyl-1-propylcyclopenta-1,3-diene;molecular hydrogen",,Patents,,PATENTSCOPE (WIPO),Governmental Organizations,,212.41,0.0,169,,15,0,0,4,212.250397,212.250397,0,4,0,0,0,0,0,0,0,0,0,0,1,20191207
143760342,"ethane;methane;(3Z,5Z)-5-propan-2-ylocta-1,3,5-triene",,C15H32,"InChI=1S/C11H18.C2H6.2CH4/c1-5-7-9-11(8-6-2)10(3)4;1-2;;/h5,7-10H,1,6H2,2-4H3;1-2H3;2*1H4/b9-7-,11-8+;;;",C.C.CC.CC/C=C(\C=C/C=C)/C(C)C,WUGULRMGHQXIOF-RNVNDTQESA-N,"ethane;methane;(3Z,5Z)-5-propan-2-ylocta-1,3,5-triene",,Patents,,PATENTSCOPE (WIPO),Governmental Organizations,,212.41,0.0,159,,15,0,0,4,212.250397,212.250397,0,4,0,0,0,0,2,2,0,0,0,0,1,20191207
143787282,"1-ethyl-2,3,3a,4,5,6,7,7a-octahydro-1H-indene;methane;propane",,C15H32,"InChI=1S/C11H20.C3H8.CH4/c1-2-9-7-8-10-5-3-4-6-11(9)10;1-3-2;/h9-11H,2-8H2,1H3;3H2,1-2H3;1H4",C.CCC.CCC1CCC2C1CCCC2,YAUZHGNQQQNKCI-UHFFFAOYSA-N,"1-ethyl-2,3,3a,4,5,6,7,7a-octahydro-1H-indene;methane;propane",,Patents,,PATENTSCOPE (WIPO),Governmental Organizations,,212.41,0.0,128,,15,0,0,1,212.250397,212.250397,0,3,0,3,0,3,0,0,0,0,0,0,1,20191207
143796217,"1,1-Dibutylcyclopentane;ethane",,C15H32,"InChI=1S/C13H26.C2H6/c1-3-5-9-13(10-6-4-2)11-7-8-12-13;1-2/h3-12H2,1-2H3;1-2H3",CC.CCCCC1(CCCC1)CCCC,WXBKCJCZSHRCJI-UHFFFAOYSA-N,"1,1-dibutylcyclopentane;ethane",,Patents,,PATENTSCOPE (WIPO),Governmental Organizations,,212.41,0.0,110,,15,0,0,6,212.250397,212.250397,0,2,0,0,0,0,0,0,0,0,0,0,1,20191207
143799888,1-Butyl-1-propylcyclohexane;ethane,,C15H32,"InChI=1S/C13H26.C2H6/c1-3-5-10-13(9-4-2)11-7-6-8-12-13;1-2/h3-12H2,1-2H3;1-2H3",CC.CCCCC1(CCCCC1)CCC,JYTRRIHDRBZIOI-UHFFFAOYSA-N,1-butyl-1-propylcyclohexane;ethane,,Patents,,PATENTSCOPE (WIPO),Governmental Organizations,,212.41,0.0,120,,15,0,0,5,212.250397,212.250397,0,2,0,0,0,0,0,0,0,0,0,0,1,20191207
143811932,"3,3-Dimethylhexylcyclopropane;ethane;ethene",,C15H32,"InChI=1S/C11H22.C2H6.C2H4/c1-4-8-11(2,3)9-7-10-5-6-10;2*1-2/h10H,4-9H2,1-3H3;1-2H3;1-2H2",CC.CCCC(C)(C)CCC1CC1.C=C,NUCIDANGABDUQM-UHFFFAOYSA-N,"3,3-dimethylhexylcyclopropane;ethane;ethene",,Patents,,PATENTSCOPE (WIPO),Governmental Organizations,,212.41,0.0,109,,15,0,0,5,212.250397,212.250397,0,3,0,0,0,0,0,0,0,0,0,0,1,20191207
143862730,"ethane;(Z,4E)-4-ethylidene-5,5-dimethylhept-2-ene",,C15H32,"InChI=1S/C11H20.2C2H6/c1-6-9-10(7-2)11(4,5)8-3;2*1-2/h6-7,9H,8H2,1-5H3;2*1-2H3/b9-6-,10-7+;;",CC.CC.CCC(C)(C)/C(=C/C)/C=C\C,CTQXLNSILGLNLK-HHFYGELTSA-N,"ethane;(Z,4E)-4-ethylidene-5,5-dimethylhept-2-ene",,Patents,,PATENTSCOPE (WIPO),Governmental Organizations,,212.41,0.0,159,,15,0,0,3,212.250397,212.250397,0,3,0,0,0,0,2,2,0,0,0,0,1,20191207
143887328,Ethane;1-hexan-3-yl-3-methylcyclohexane,,C15H32,"InChI=1S/C13H26.C2H6/c1-4-7-12(5-2)13-9-6-8-11(3)10-13;1-2/h11-13H,4-10H2,1-3H3;1-2H3",CC.CCCC(CC)C1CCCC(C1)C,UBIZWYFGBRGJRF-UHFFFAOYSA-N,ethane;1-hexan-3-yl-3-methylcyclohexane,,Patents,,PATENTSCOPE (WIPO),Governmental Organizations,,212.41,0.0,128,,15,0,0,4,212.250397,212.250397,0,2,0,3,0,3,0,0,0,0,0,0,1,20191207
143935680,"ethane;propane;(2Z,4Z)-4-propan-2-ylhepta-2,4-diene",,C15H32,"InChI=1S/C10H18.C3H8.C2H6/c1-5-7-10(8-6-2)9(3)4;1-3-2;1-2/h5,7-9H,6H2,1-4H3;3H2,1-2H3;1-2H3/b7-5-,10-8+;;",CC.CCC.CC/C=C(\C=C/C)/C(C)C,QTFWGUORXCORNH-RTZYNNLGSA-N,"ethane;propane;(2Z,4Z)-4-propan-2-ylhepta-2,4-diene",,Patents,,PATENTSCOPE (WIPO),Governmental Organizations,,212.41,0.0,127,,15,0,0,3,212.250397,212.250397,0,3,0,0,0,0,2,2,0,0,0,0,1,20191207
143980330,"2,2,4,4,5,8-Hexamethylnonane",,C15H32,"InChI=1S/C15H32/c1-12(2)9-10-13(3)15(7,8)11-14(4,5)6/h12-13H,9-11H2,1-8H3",CC(C)CCC(C)C(C)(C)CC(C)(C)C,LALASSRINDABRP-UHFFFAOYSA-N,"2,2,4,4,5,8-hexamethylnonane",,Patents,,PATENTSCOPE (WIPO),Governmental Organizations,,212.41,0.0,169,6.9,15,0,0,6,212.250397,212.250397,0,1,0,1,0,1,0,0,0,0,0,0,1,20191207
143986443,"2,5-Dimethyl-3-propan-2-ylhexa-2,4-diene;ethane",,C15H32,"InChI=1S/C11H20.2C2H6/c1-8(2)7-11(9(3)4)10(5)6;2*1-2/h7,9H,1-6H3;2*1-2H3",CC.CC.CC(C)C(=C(C)C)C=C(C)C,CGVJEXYCUOYUJD-UHFFFAOYSA-N,"2,5-dimethyl-3-propan-2-ylhexa-2,4-diene;ethane",,Patents,,PATENTSCOPE (WIPO),Governmental Organizations,,212.41,0.0,172,,15,0,0,2,212.250397,212.250397,0,3,0,0,0,0,0,0,0,0,0,0,1,20191207
144004625,"ethane;methane;(3Z)-6-methyl-5-methylideneocta-1,3-diene",,C15H32,"InChI=1S/C10H16.2C2H6.CH4/c1-5-7-8-10(4)9(3)6-2;2*1-2;/h5,7-9H,1,4,6H2,2-3H3;2*1-2H3;1H4/b8-7-;;;",C.CC.CC.CCC(C)C(=C)/C=C\C=C,BNIATRCFKTYCAX-IRYVOTIRSA-N,"ethane;methane;(3Z)-6-methyl-5-methylideneocta-1,3-diene",,Patents,,PATENTSCOPE (WIPO),Governmental Organizations,,212.41,0.0,140,,15,0,0,4,212.250397,212.250397,0,4,0,1,0,1,1,1,0,0,0,0,1,20191207
144033681,"1,3-Dimethylcyclopentane;1,2-dimethylcyclopropane;propane",,C15H32,"InChI=1S/C7H14.C5H10.C3H8/c1-6-3-4-7(2)5-6;1-4-3-5(4)2;1-3-2/h6-7H,3-5H2,1-2H3;4-5H,3H2,1-2H3;3H2,1-2H3",CCC.CC1CCC(C1)C.CC1CC1C,IDHDNDOLBYXZSM-UHFFFAOYSA-N,"1,3-dimethylcyclopentane;1,2-dimethylcyclopropane;propane",,Patents,,PATENTSCOPE (WIPO),Governmental Organizations,,212.41,0.0,82,,15,0,0,0,212.250397,212.250397,0,3,0,4,0,4,0,0,0,0,0,0,1,20191207
144119095,ethane;(3Z)-2-ethyl-3-ethylidenebicyclo[2.2.1]heptane;methane,,C15H32,"InChI=1S/C11H18.C2H6.2CH4/c1-3-10-8-5-6-9(7-8)11(10)4-2;1-2;;/h3,8-9,11H,4-7H2,1-2H3;1-2H3;2*1H4/b10-3-;;;",C.C.CC.CCC\1C2CCC(C2)/C1=C/C,VOUYBEFNCFUIQZ-RIXHFLLASA-N,ethane;(3Z)-2-ethyl-3-ethylidenebicyclo[2.2.1]heptane;methane,,Patents,,PATENTSCOPE (WIPO),Governmental Organizations,,212.41,0.0,178,,15,0,0,1,212.250397,212.250397,0,4,0,3,0,3,1,1,0,0,0,0,1,20191207
144121348,Ethane;methane;1-methyl-4-propylbenzene,,C15H32,"InChI=1S/C10H14.C2H6.3CH4/c1-3-4-10-7-5-9(2)6-8-10;1-2;;;/h5-8H,3-4H2,1-2H3;1-2H3;3*1H4",C.C.C.CC.CCCC1=CC=C(C=C1)C,IKAKGIIRIVYEMI-UHFFFAOYSA-N,ethane;methane;1-methyl-4-propylbenzene,,Patents,,PATENTSCOPE (WIPO),Governmental Organizations,,212.41,0.0,78,,15,0,0,2,212.250397,212.250397,0,5,0,0,0,0,0,0,0,0,0,0,1,20191207
144143324,"2,2-Dimethylhexane;methylcyclohexane",,C15H32,"InChI=1S/C8H18.C7H14/c1-5-6-7-8(2,3)4;1-7-5-3-2-4-6-7/h5-7H2,1-4H3;7H,2-6H2,1H3",CCCCC(C)(C)C.CC1CCCCC1,OCRZHCCBKRDCOP-UHFFFAOYSA-N,"2,2-dimethylhexane;methylcyclohexane",,Patents,,Google Patents|PATENTSCOPE (WIPO),Governmental Organizations|Research and Development,,212.41,0.0,89,,15,0,0,3,212.250397,212.250397,0,2,0,0,0,0,0,0,0,0,2,2,1,20191207
144151143,Ethane;1-(2-methylbutyl)-1-propylcyclopentane,,C15H32,"InChI=1S/C13H26.C2H6/c1-4-8-13(9-6-7-10-13)11-12(3)5-2;1-2/h12H,4-11H2,1-3H3;1-2H3",CC.CCCC1(CCCC1)CC(C)CC,CHJNAIIQCBYAHD-UHFFFAOYSA-N,ethane;1-(2-methylbutyl)-1-propylcyclopentane,,Patents,,PATENTSCOPE (WIPO),Governmental Organizations,,212.41,0.0,131,,15,0,0,5,212.250397,212.250397,0,2,0,1,0,1,0,0,0,0,0,0,1,20191207
144156176,Ethane;2-methyl-3-propylbicyclo[2.2.1]heptane,,C15H32,"InChI=1S/C11H20.2C2H6/c1-3-4-11-8(2)9-5-6-10(11)7-9;2*1-2/h8-11H,3-7H2,1-2H3;2*1-2H3",CC.CC.CCCC1C(C2CCC1C2)C,MZZJOOKCVKXBNB-UHFFFAOYSA-N,ethane;2-methyl-3-propylbicyclo[2.2.1]heptane,,Patents,,PATENTSCOPE (WIPO),Governmental Organizations,,212.41,0.0,139,,15,0,0,2,212.250397,212.250397,0,3,0,4,0,4,0,0,0,0,0,0,1,20191207
144179041,"4,5-Diethyl-1,1,2-trimethylcyclohexane;ethane",,C15H32,"InChI=1S/C13H26.C2H6/c1-6-11-8-10(3)13(4,5)9-12(11)7-2;1-2/h10-12H,6-9H2,1-5H3;1-2H3",CC.CCC1CC(C(CC1CC)(C)C)C,VDBOZHQIIHKJBH-UHFFFAOYSA-N,"4,5-diethyl-1,1,2-trimethylcyclohexane;ethane",,Patents,,PATENTSCOPE (WIPO),Governmental Organizations,,212.41,0.0,157,,15,0,0,2,212.250397,212.250397,0,2,0,3,0,3,0,0,0,0,0,0,1,20191207
144255032,"Methane;6-methyl-1,2,3,3a,4,5,6,7,8,8a-decahydroazulene;propane",,C15H32,"InChI=1S/C11H20.C3H8.CH4/c1-9-5-7-10-3-2-4-11(10)8-6-9;1-3-2;/h9-11H,2-8H2,1H3;3H2,1-2H3;1H4",C.CCC.CC1CCC2CCCC2CC1,MMLBAITXEXRDCM-UHFFFAOYSA-N,"methane;6-methyl-1,2,3,3a,4,5,6,7,8,8a-decahydroazulene;propane",,Patents,,PATENTSCOPE (WIPO),Governmental Organizations,,212.41,0.0,114,,15,0,0,0,212.250397,212.250397,0,3,0,2,0,2,0,0,0,0,0,0,1,20191207
144317860,"2,4,5,5,9-Pentamethyldecane",,C15H32,"InChI=1S/C15H32/c1-12(2)9-8-10-15(6,7)14(5)11-13(3)4/h12-14H,8-11H2,1-7H3",CC(C)CCCC(C)(C)C(C)CC(C)C,PAJRJBHGVSLRTN-UHFFFAOYSA-N,"2,4,5,5,9-pentamethyldecane",,Patents,,PATENTSCOPE (WIPO),Governmental Organizations,,212.41,0.0,153,7.0,15,0,0,7,212.250397,212.250397,0,1,0,1,0,1,0,0,0,0,0,0,1,20191207
144317964,"ethane;(Z,5E)-5-ethylidene-6,6-dimethyloct-3-ene;methane",,C15H32,"InChI=1S/C12H22.C2H6.CH4/c1-6-9-10-11(7-2)12(4,5)8-3;1-2;/h7,9-10H,6,8H2,1-5H3;1-2H3;1H4/b10-9-,11-7+;;",C.CC.CC/C=C\C(=C/C)\C(C)(C)CC,HNYVZWUGTORMQO-DCJVYSGZSA-N,"ethane;(Z,5E)-5-ethylidene-6,6-dimethyloct-3-ene;methane",,Patents,,PATENTSCOPE (WIPO),Governmental Organizations,,212.41,0.0,170,,15,0,0,4,212.250397,212.250397,0,3,0,0,0,0,2,2,0,0,0,0,1,20191207
144331671,"(2Z,4Z)-3,4-diethylhepta-2,4-diene;ethane",,C15H32,"InChI=1S/C11H20.2C2H6/c1-5-9-11(8-4)10(6-2)7-3;2*1-2/h6,9H,5,7-8H2,1-4H3;2*1-2H3/b10-6-,11-9-;;",CC.CC.CC/C=C(/CC)\C(=C/C)\CC,XBJTVDLKWQBVGI-RONYLGJDSA-N,"(2Z,4Z)-3,4-diethylhepta-2,4-diene;ethane",,Patents,,PATENTSCOPE (WIPO),Governmental Organizations,,212.41,0.0,149,,15,0,0,4,212.250397,212.250397,0,3,0,0,0,0,2,2,0,0,0,0,1,20191207
144341294,3-Ethylpent-2-ene;2-methylbut-1-ene;propane,,C15H32,"InChI=1S/C7H14.C5H10.C3H8/c1-4-7(5-2)6-3;1-4-5(2)3;1-3-2/h4H,5-6H2,1-3H3;2,4H2,1,3H3;3H2,1-2H3",CCC.CCC(=C)C.CCC(=CC)CC,CABCBSQMCSBJGT-UHFFFAOYSA-N,3-ethylpent-2-ene;2-methylbut-1-ene;propane,,Patents,,PATENTSCOPE (WIPO),Governmental Organizations,,212.41,0.0,89,,15,0,0,3,212.250397,212.250397,0,3,0,0,0,0,0,0,0,0,0,0,1,20191207
144352884,"2,3-Dimethylspiro[4.4]nonane;ethane",,C15H32,"InChI=1S/C11H20.2C2H6/c1-9-7-11(8-10(9)2)5-3-4-6-11;2*1-2/h9-10H,3-8H2,1-2H3;2*1-2H3",CC.CC.CC1CC2(CCCC2)CC1C,LUODSWKVKJXZNO-UHFFFAOYSA-N,"2,3-dimethylspiro[4.4]nonane;ethane",,Patents,,PATENTSCOPE (WIPO),Governmental Organizations,,212.41,0.0,130,,15,0,0,0,212.250397,212.250397,0,3,0,2,0,2,0,0,0,0,0,0,1,20191207
144358571,Butane;cyclohexane;methylcyclobutane,,C15H32,"InChI=1S/C6H12.C5H10.C4H10/c1-2-4-6-5-3-1;1-5-3-2-4-5;1-3-4-2/h1-6H2;5H,2-4H2,1H3;3-4H2,1-2H3",CCCC.CC1CCC1.C1CCCCC1,CUBHPBYTCQDSIN-UHFFFAOYSA-N,butane;cyclohexane;methylcyclobutane,,Patents,,PATENTSCOPE (WIPO),Governmental Organizations,,212.41,0.0,44,,15,0,0,1,212.250397,212.250397,0,3,0,0,0,0,0,0,0,0,0,0,1,20191207
144371703,"Ethane;1,2,4-triethyl-5-methylcyclohexane",,C15H32,"InChI=1S/C13H26.C2H6/c1-5-11-9-13(7-3)12(6-2)8-10(11)4;1-2/h10-13H,5-9H2,1-4H3;1-2H3",CC.CCC1CC(C(CC1CC)CC)C,OSTVJCLHWYOKSQ-UHFFFAOYSA-N,"ethane;1,2,4-triethyl-5-methylcyclohexane",,Patents,,PATENTSCOPE (WIPO),Governmental Organizations,,212.41,0.0,139,,15,0,0,3,212.250397,212.250397,0,2,0,4,0,4,0,0,0,0,0,0,1,20191207
144387742,"Ethane;methane;1,4-xylene",,C15H32,"InChI=1S/C8H10.3C2H6.CH4/c1-7-3-5-8(2)6-4-7;3*1-2;/h3-6H,1-2H3;3*1-2H3;1H4",C.CC.CC.CC.CC1=CC=C(C=C1)C,UGBHGTPTSLITGT-UHFFFAOYSA-N,"ethane;methane;1,4-xylene",,Patents,,PATENTSCOPE (WIPO),Governmental Organizations,,212.41,0.0,48,,15,0,0,0,212.250397,212.250397,0,5,0,0,0,0,0,0,0,0,0,0,1,20191207
144407283,"2,3-Dimethylbutane;ethane;3-ethylcyclopentene",,C15H32,"InChI=1S/C7H12.C6H14.C2H6/c1-2-7-5-3-4-6-7;1-5(2)6(3)4;1-2/h3,5,7H,2,4,6H2,1H3;5-6H,1-4H3;1-2H3",CC.CCC1CCC=C1.CC(C)C(C)C,LFTBUMNFTNJJCD-UHFFFAOYSA-N,"2,3-dimethylbutane;ethane;3-ethylcyclopentene",,Patents,,PATENTSCOPE (WIPO),Governmental Organizations,,212.41,0.0,93,,15,0,0,2,212.250397,212.250397,0,3,0,1,0,1,0,0,0,0,0,0,1,20191207
144410571,"2-(2,2-Dimethylpropyl)-1-ethyl-3-methylcyclopentane;ethane",,C15H32,"InChI=1S/C13H26.C2H6/c1-6-11-8-7-10(2)12(11)9-13(3,4)5;1-2/h10-12H,6-9H2,1-5H3;1-2H3",CC.CCC1CCC(C1CC(C)(C)C)C,MLEMTKAZFHBGAL-UHFFFAOYSA-N,"2-(2,2-dimethylpropyl)-1-ethyl-3-methylcyclopentane;ethane",,Patents,,PATENTSCOPE (WIPO),Governmental Organizations,,212.41,0.0,152,,15,0,0,3,212.250397,212.250397,0,2,0,3,0,3,0,0,0,0,0,0,1,20191207
144413648,"Ethane;4-ethenyl-1,2-dimethylcyclohexane;propane",,C15H32,"InChI=1S/C10H18.C3H8.C2H6/c1-4-10-6-5-8(2)9(3)7-10;1-3-2;1-2/h4,8-10H,1,5-7H2,2-3H3;3H2,1-2H3;1-2H3",CC.CCC.CC1CCC(CC1C)C=C,DPKGEYWEXGFYHW-UHFFFAOYSA-N,"ethane;4-ethenyl-1,2-dimethylcyclohexane;propane",,Patents,,PATENTSCOPE (WIPO),Governmental Organizations,,212.41,0.0,115,,15,0,0,1,212.250397,212.250397,0,3,0,3,0,3,0,0,0,0,0,0,1,20191207
144478964,1-Butyl-3-tert-butyl-1-methylcyclobutane;ethane,,C15H32,"InChI=1S/C13H26.C2H6/c1-6-7-8-13(5)9-11(10-13)12(2,3)4;1-2/h11H,6-10H2,1-5H3;1-2H3",CC.CCCCC1(CC(C1)C(C)(C)C)C,JVKYRIYZEIECJD-UHFFFAOYSA-N,1-butyl-3-tert-butyl-1-methylcyclobutane;ethane,,Patents,,PATENTSCOPE (WIPO),Governmental Organizations,,212.41,0.0,155,,15,0,0,4,212.250397,212.250397,0,2,0,0,0,0,0,0,0,0,0,0,1,20191207
144478994,Ethane;2-ethylspiro[3.5]nonane,,C15H32,"InChI=1S/C11H20.2C2H6/c1-2-10-8-11(9-10)6-4-3-5-7-11;2*1-2/h10H,2-9H2,1H3;2*1-2H3",CC.CC.CCC1CC2(C1)CCCCC2,IESOQEFGLBCJDI-UHFFFAOYSA-N,ethane;2-ethylspiro[3.5]nonane,,Patents,,PATENTSCOPE (WIPO),Governmental Organizations,,212.41,0.0,123,,15,0,0,1,212.250397,212.250397,0,3,0,0,0,0,0,0,0,0,0,0,1,20191207
144479067,"1-(3,3-Dimethylpentyl)-3-ethylcyclobutane;ethane",,C15H32,"InChI=1S/C13H26.C2H6/c1-5-11-9-12(10-11)7-8-13(3,4)6-2;1-2/h11-12H,5-10H2,1-4H3;1-2H3",CC.CCC1CC(C1)CCC(C)(C)CC,AJRKQRWKHDPWFN-UHFFFAOYSA-N,"1-(3,3-dimethylpentyl)-3-ethylcyclobutane;ethane",,Patents,,PATENTSCOPE (WIPO),Governmental Organizations,,212.41,0.0,140,,15,0,0,5,212.250397,212.250397,0,2,0,0,0,0,0,0,0,0,0,0,1,20191207
144480158,2-Methylhexylcyclobutane;2-methylpropane,,C15H32,"InChI=1S/C11H22.C4H10/c1-3-4-6-10(2)9-11-7-5-8-11;1-4(2)3/h10-11H,3-9H2,1-2H3;4H,1-3H3",CCCCC(C)CC1CCC1.CC(C)C,YTXCVQBMEZKHKP-UHFFFAOYSA-N,2-methylhexylcyclobutane;2-methylpropane,,Patents,,PATENTSCOPE (WIPO),Governmental Organizations,,212.41,0.0,97,,15,0,0,5,212.250397,212.250397,0,2,0,1,0,1,0,0,0,0,0,0,1,20191207
144483302,Ethane;1-ethyl-4-pentylcyclohexane,,C15H32,"InChI=1S/C13H26.C2H6/c1-3-5-6-7-13-10-8-12(4-2)9-11-13;1-2/h12-13H,3-11H2,1-2H3;1-2H3",CC.CCCCCC1CCC(CC1)CC,ASHSVYBOPGZQOK-UHFFFAOYSA-N,ethane;1-ethyl-4-pentylcyclohexane,,Patents,,PATENTSCOPE (WIPO),Governmental Organizations,,212.41,0.0,109,,15,0,0,5,212.250397,212.250397,0,2,0,0,0,0,0,0,0,0,0,0,1,20191207
144483552,Ethane;1-hexyl-4-methylcyclohexane,,C15H32,"InChI=1S/C13H26.C2H6/c1-3-4-5-6-7-13-10-8-12(2)9-11-13;1-2/h12-13H,3-11H2,1-2H3;1-2H3",CC.CCCCCCC1CCC(CC1)C,BACNFRCHCRDKCE-UHFFFAOYSA-N,ethane;1-hexyl-4-methylcyclohexane,,Patents,,PATENTSCOPE (WIPO),Governmental Organizations,,212.41,0.0,109,,15,0,0,5,212.250397,212.250397,0,2,0,0,0,0,0,0,0,0,0,0,1,20191207
144486863,"1-Tert-butyl-2,3,5-trimethylcyclohexane;ethane",,C15H32,"InChI=1S/C13H26.C2H6/c1-9-7-10(2)11(3)12(8-9)13(4,5)6;1-2/h9-12H,7-8H2,1-6H3;1-2H3",CC.CC1CC(C(C(C1)C(C)(C)C)C)C,ZFLPUIKFENQSLY-UHFFFAOYSA-N,"1-tert-butyl-2,3,5-trimethylcyclohexane;ethane",,Patents,,PATENTSCOPE (WIPO),Governmental Organizations,,212.41,0.0,163,,15,0,0,1,212.250397,212.250397,0,2,0,4,0,4,0,0,0,0,0,0,1,20191207
144494388,"1,4-Diethyl-2,3,5-trimethylcyclohexane;ethane",,C15H32,"InChI=1S/C13H26.C2H6/c1-6-12-8-9(3)13(7-2)11(5)10(12)4;1-2/h9-13H,6-8H2,1-5H3;1-2H3",CC.CCC1CC(C(C(C1C)C)CC)C,SPMOGLSLUIYGQK-UHFFFAOYSA-N,"1,4-diethyl-2,3,5-trimethylcyclohexane;ethane",,Patents,,PATENTSCOPE (WIPO),Governmental Organizations,,212.41,0.0,150,,15,0,0,2,212.250397,212.250397,0,2,0,5,0,5,0,0,0,0,0,0,1,20191207
144494475,"Ethane;1,1,3,5-tetramethyl-3-propylcyclohexane",,C15H32,"InChI=1S/C13H26.C2H6/c1-6-7-13(5)9-11(2)8-12(3,4)10-13;1-2/h11H,6-10H2,1-5H3;1-2H3",CC.CCCC1(CC(CC(C1)(C)C)C)C,RAEVIEGFQXEUJS-UHFFFAOYSA-N,"ethane;1,1,3,5-tetramethyl-3-propylcyclohexane",,Patents,,PATENTSCOPE (WIPO),Governmental Organizations,,212.41,0.0,169,,15,0,0,2,212.250397,212.250397,0,2,0,2,0,2,0,0,0,0,0,0,1,20191207
144507690,"ethane;(3Z)-3-ethyl-4-methylhexa-1,3,5-triene",,C15H32,"InChI=1S/C9H14.3C2H6/c1-5-8(4)9(6-2)7-3;3*1-2/h5-6H,1-2,7H2,3-4H3;3*1-2H3/b9-8+;;;",CC.CC.CC.CC/C(=C(\C)/C=C)/C=C,SSHVQZRWANHSFK-BILRHTGOSA-N,"ethane;(3Z)-3-ethyl-4-methylhexa-1,3,5-triene",,Patents,,PATENTSCOPE (WIPO),Governmental Organizations,,212.41,0.0,138,,15,0,0,3,212.250397,212.250397,0,4,0,0,0,0,1,1,0,0,0,0,1,20191207
144507742,"1-(2,2-Dimethylpropyl)-4-ethylcyclohexane;ethane",,C15H32,"InChI=1S/C13H26.C2H6/c1-5-11-6-8-12(9-7-11)10-13(2,3)4;1-2/h11-12H,5-10H2,1-4H3;1-2H3",CC.CCC1CCC(CC1)CC(C)(C)C,XNRZLTSLLORYCD-UHFFFAOYSA-N,"1-(2,2-dimethylpropyl)-4-ethylcyclohexane;ethane",,Patents,,PATENTSCOPE (WIPO),Governmental Organizations,,212.41,0.0,133,,15,0,0,3,212.250397,212.250397,0,2,0,0,0,0,0,0,0,0,0,0,1,20191207
144508922,"ethane;(2Z,4Z)-hexa-2,4-diene;(Z)-pent-2-ene",,C15H32,"InChI=1S/C6H10.C5H10.2C2H6/c1-3-5-6-4-2;1-3-5-4-2;2*1-2/h3-6H,1-2H3;3,5H,4H2,1-2H3;2*1-2H3/b5-3-,6-4-;5-3-;;",CC.CC.CC/C=C\C.C/C=C\C=C/C,DGSUEFJMVYEEHE-BXVJOEKXSA-N,"ethane;(2Z,4Z)-hexa-2,4-diene;(Z)-pent-2-ene",,Patents,,Google Patents|PATENTSCOPE (WIPO),Governmental Organizations|Research and Development,,212.41,0.0,75,,15,0,0,2,212.250397,212.250397,0,4,0,0,0,0,3,3,0,0,1,1,1,20191207
144517262,"1,2-Diethyl-4-methyl-3-propylcyclopentane;ethane",,C15H32,"InChI=1S/C13H26.C2H6/c1-5-8-13-10(4)9-11(6-2)12(13)7-3;1-2/h10-13H,5-9H2,1-4H3;1-2H3",CC.CCCC1C(CC(C1CC)CC)C,DXUYCKUUKTZPMW-UHFFFAOYSA-N,"1,2-diethyl-4-methyl-3-propylcyclopentane;ethane",,Patents,,PATENTSCOPE (WIPO),Governmental Organizations,,212.41,0.0,139,,15,0,0,4,212.250397,212.250397,0,2,0,4,0,4,0,0,0,0,0,0,1,20191207
144517977,ethane;(Z)-tridec-2-ene,,C15H32,"InChI=1S/C13H26.C2H6/c1-3-5-7-9-11-13-12-10-8-6-4-2;1-2/h3,5H,4,6-13H2,1-2H3;1-2H3/b5-3-;",CC.CCCCCCCCCC/C=C\C,YJVCTMSAFVETAV-FBZPGIPVSA-N,ethane;(Z)-tridec-2-ene,,Patents,,PATENTSCOPE (WIPO),Governmental Organizations,,212.41,0.0,103,,15,0,0,9,212.250397,212.250397,0,2,0,0,0,0,1,1,0,0,0,0,1,20191207
144519205,"ethane;(3Z,5Z)-4-methylhepta-1,3,5-triene;propane",,C15H32,"InChI=1S/C8H12.C3H8.2C2H6/c1-4-6-8(3)7-5-2;1-3-2;2*1-2/h4-7H,1H2,2-3H3;3H2,1-2H3;2*1-2H3/b7-5-,8-6-;;;",CC.CC.CCC.C/C=C\C(=C/C=C)\C,CFMADRXXVWGPJY-LNLCQZHXSA-N,"ethane;(3Z,5Z)-4-methylhepta-1,3,5-triene;propane",,Patents,,PATENTSCOPE (WIPO),Governmental Organizations,,212.41,0.0,116,,15,0,0,2,212.250397,212.250397,0,4,0,0,0,0,2,2,0,0,0,0,1,20191207
144520760,"Buta-1,3-diene;but-1-ene;ethane;prop-1-ene",,C15H32,"InChI=1S/C4H8.C4H6.C3H6.2C2H6/c2*1-3-4-2;1-3-2;2*1-2/h3H,1,4H2,2H3;3-4H,1-2H2;3H,1H2,2H3;2*1-2H3",CC.CC.CCC=C.CC=C.C=CC=C,AOLRXEXCPGRQGB-UHFFFAOYSA-N,"buta-1,3-diene;but-1-ene;ethane;prop-1-ene",,Patents,,PATENTSCOPE (WIPO),Governmental Organizations,,212.41,0.0,42,,15,0,0,2,212.250397,212.250397,0,5,0,0,0,0,0,0,0,0,0,0,1,20191207
144520767,"buta-1,3-diene;(Z)-but-2-ene;ethane;prop-1-ene",,C15H32,"InChI=1S/C4H8.C4H6.C3H6.2C2H6/c2*1-3-4-2;1-3-2;2*1-2/h3-4H,1-2H3;3-4H,1-2H2;3H,1H2,2H3;2*1-2H3/b4-3-;;;;",CC.CC.CC=C.C/C=C\C.C=CC=C,HTAMCWDTTDZPHN-PHSMJEINSA-N,"buta-1,3-diene;(Z)-but-2-ene;ethane;prop-1-ene",,Patents,,PATENTSCOPE (WIPO),Governmental Organizations,,212.41,0.0,43,,15,0,0,1,212.250397,212.250397,0,5,0,0,0,0,1,1,0,0,0,0,1,20191207
144520971,"1,2-Dimethyl-3-(2-methylbutyl)cyclohexane;ethane",,C15H32,"InChI=1S/C13H26.C2H6/c1-5-10(2)9-13-8-6-7-11(3)12(13)4;1-2/h10-13H,5-9H2,1-4H3;1-2H3",CC.CCC(C)CC1CCCC(C1C)C,QXJYCGLENZPPQK-UHFFFAOYSA-N,"1,2-dimethyl-3-(2-methylbutyl)cyclohexane;ethane",,Patents,,PATENTSCOPE (WIPO),Governmental Organizations,,212.41,0.0,139,,15,0,0,3,212.250397,212.250397,0,2,0,4,0,4,0,0,0,0,0,0,1,20191207
144526965,Ethane;ethene;propane;bis(prop-1-yne),,C15H32,"InChI=1S/C3H8.2C3H4.2C2H6.C2H4/c3*1-3-2;3*1-2/h3H2,1-2H3;2*1H,2H3;2*1-2H3;1-2H2",CC.CC.CCC.CC#C.CC#C.C=C,GMZRHYCKHRVJLA-UHFFFAOYSA-N,ethane;ethene;propane;bis(prop-1-yne),,Patents,,PATENTSCOPE (WIPO),Governmental Organizations,,212.41,0.0,26,,15,0,0,0,212.250397,212.250397,0,6,0,0,0,0,0,0,0,0,0,0,1,20191207
144533027,"4,5-Diethyl-2,3,6-trimethyloctane",,C15H32,"InChI=1S/C15H32/c1-8-12(6)14(9-2)15(10-3)13(7)11(4)5/h11-15H,8-10H2,1-7H3",CCC(C)C(CC)C(CC)C(C)C(C)C,PGNJITOXSDJFEV-UHFFFAOYSA-N,"4,5-diethyl-2,3,6-trimethyloctane",,Patents,,PATENTSCOPE (WIPO),Governmental Organizations,,212.41,0.0,148,6.9,15,0,0,7,212.250397,212.250397,0,1,0,4,0,4,0,0,0,0,0,0,1,20191207
144536898,"ethane;methane;(5Z)-2,4,5,7-tetramethylocta-2,5-diene",,C15H32,"InChI=1S/C12H22.C2H6.CH4/c1-9(2)7-11(5)12(6)8-10(3)4;1-2;/h7-9,12H,1-6H3;1-2H3;1H4/b11-7-;;",C.CC.CC(C)/C=C(/C)\C(C)C=C(C)C,QMVKLAFOBSFFTL-FJJKMGSJSA-N,"ethane;methane;(5Z)-2,4,5,7-tetramethylocta-2,5-diene",,Patents,,PATENTSCOPE (WIPO),Governmental Organizations,,212.41,0.0,178,,15,0,0,3,212.250397,212.250397,0,3,0,1,0,1,1,1,0,0,0,0,1,20191207
144549520,Butylcyclobutane;heptane,,C15H32,"InChI=1S/C8H16.C7H16/c1-2-3-5-8-6-4-7-8;1-3-5-7-6-4-2/h8H,2-7H2,1H3;3-7H2,1-2H3",CCCCCCC.CCCCC1CCC1,LKWSJHLDRNQZNP-UHFFFAOYSA-N,butylcyclobutane;heptane,,Patents,,PATENTSCOPE (WIPO),Governmental Organizations,,212.41,0.0,72,,15,0,0,7,212.250397,212.250397,0,2,0,0,0,0,0,0,0,0,0,0,1,20191207
144644035,"ethane;(2Z,4Z)-3-methyl-4-propan-2-ylhexa-2,4-diene;propane",,C15H32,"InChI=1S/C10H18.C3H8.C2H6/c1-6-9(5)10(7-2)8(3)4;1-3-2;1-2/h6-8H,1-5H3;3H2,1-2H3;1-2H3/b9-6-,10-7-;;",CC.CCC.C/C=C(/C)\C(=C/C)\C(C)C,RMQSOZUQEKRBNR-HDNSZEDHSA-N,"ethane;(2Z,4Z)-3-methyl-4-propan-2-ylhexa-2,4-diene;propane",,Patents,,PATENTSCOPE (WIPO),Governmental Organizations,,212.41,0.0,147,,15,0,0,2,212.250397,212.250397,0,3,0,0,0,0,2,2,0,0,0,0,1,20191207
144657472,"Ethane;propane;2,6,6-trimethylbicyclo[3.1.1]heptane",,C15H32,"InChI=1S/C10H18.C3H8.C2H6/c1-7-4-5-8-6-9(7)10(8,2)3;1-3-2;1-2/h7-9H,4-6H2,1-3H3;3H2,1-2H3;1-2H3",CC.CCC.CC1CCC2CC1C2(C)C,LTJURTVWKCBQRK-UHFFFAOYSA-N,"ethane;propane;2,6,6-trimethylbicyclo[3.1.1]heptane",,Patents,,PATENTSCOPE (WIPO),Governmental Organizations,,212.41,0.0,146,,15,0,0,0,212.250397,212.250397,0,3,0,3,0,3,0,0,0,0,0,0,1,20191207
144671232,Ethane;ethylcyclobutane;ethylcyclopentane,,C15H32,"InChI=1S/C7H14.C6H12.C2H6/c1-2-7-5-3-4-6-7;1-2-6-4-3-5-6;1-2/h7H,2-6H2,1H3;6H,2-5H2,1H3;1-2H3",CC.CCC1CCCC1.CCC1CCC1,VCSLBZVKXZWGLJ-UHFFFAOYSA-N,ethane;ethylcyclobutane;ethylcyclopentane,,Patents,,PATENTSCOPE (WIPO),Governmental Organizations,,212.41,0.0,77,,15,0,0,2,212.250397,212.250397,0,3,0,0,0,0,0,0,0,0,0,0,1,20191207
144721367,1-Tert-butyl-4-methylcyclohexane;ethane;ethene,,C15H32,"InChI=1S/C11H22.C2H6.C2H4/c1-9-5-7-10(8-6-9)11(2,3)4;2*1-2/h9-10H,5-8H2,1-4H3;1-2H3;1-2H2",CC.CC1CCC(CC1)C(C)(C)C.C=C,KRYMFAGOUOYANH-UHFFFAOYSA-N,1-tert-butyl-4-methylcyclohexane;ethane;ethene,,Patents,,PATENTSCOPE (WIPO),Governmental Organizations,,212.41,0.0,110,,15,0,0,1,212.250397,212.250397,0,3,0,0,0,0,0,0,0,0,0,0,1,20191207
144723361,"3,6-Dimethylocta-1,7-diene;ethane;propane",,C15H32,"InChI=1S/C10H18.C3H8.C2H6/c1-5-9(3)7-8-10(4)6-2;1-3-2;1-2/h5-6,9-10H,1-2,7-8H2,3-4H3;3H2,1-2H3;1-2H3",CC.CCC.CC(CCC(C)C=C)C=C,CGLYPMJUYIZCRE-UHFFFAOYSA-N,"3,6-dimethylocta-1,7-diene;ethane;propane",,Patents,,PATENTSCOPE (WIPO),Governmental Organizations,,212.41,0.0,88,,15,0,0,5,212.250397,212.250397,0,3,0,2,0,2,0,0,0,0,0,0,1,20191207
144723819,"ethane;methane;(3Z,5Z)-5-propan-2-ylhepta-1,3,5-triene",,C15H32,"InChI=1S/C10H16.2C2H6.CH4/c1-5-7-8-10(6-2)9(3)4;2*1-2;/h5-9H,1H2,2-4H3;2*1-2H3;1H4/b8-7-,10-6+;;;",C.CC.CC.C/C=C(\C=C/C=C)/C(C)C,SDCGOPNGCHMDHV-ITAMDNGESA-N,"ethane;methane;(3Z,5Z)-5-propan-2-ylhepta-1,3,5-triene",,Patents,,PATENTSCOPE (WIPO),Governmental Organizations,,212.41,0.0,147,,15,0,0,3,212.250397,212.250397,0,4,0,0,0,0,2,2,0,0,0,0,1,20191207
144725696,"Ethane;1,2,3,4-tetraethylcyclopentane",,C15H32,"InChI=1S/C13H26.C2H6/c1-5-10-9-11(6-2)13(8-4)12(10)7-3;1-2/h10-13H,5-9H2,1-4H3;1-2H3",CC.CCC1CC(C(C1CC)CC)CC,RPWBXOLFHSHEGF-UHFFFAOYSA-N,"ethane;1,2,3,4-tetraethylcyclopentane",,Patents,,PATENTSCOPE (WIPO),Governmental Organizations,,212.41,0.0,123,,15,0,0,4,212.250397,212.250397,0,2,0,4,0,4,0,0,0,0,0,0,1,20191207
144730498,"2,2-dimethylpropane;(Z)-4,4,5,5-tetramethylhex-2-ene",,C15H32,"InChI=1S/C10H20.C5H12/c1-7-8-10(5,6)9(2,3)4;1-5(2,3)4/h7-8H,1-6H3;1-4H3/b8-7-;",C/C=C\C(C)(C)C(C)(C)C.CC(C)(C)C,HITHLJZAGFQQHH-CFYXSCKTSA-N,"2,2-dimethylpropane;(Z)-4,4,5,5-tetramethylhex-2-ene",,Patents,,PATENTSCOPE (WIPO),Governmental Organizations,,212.41,0.0,137,,15,0,0,2,212.250397,212.250397,0,2,0,0,0,0,1,1,0,0,0,0,1,20191207
144734240,"1,7-Dimethyl-1,2,3,4,4a,5,6,7,8,8a-decahydronaphthalene;ethane;methane",,C15H32,"InChI=1S/C12H22.C2H6.CH4/c1-9-6-7-11-5-3-4-10(2)12(11)8-9;1-2;/h9-12H,3-8H2,1-2H3;1-2H3;1H4",C.CC.CC1CCC2CCCC(C2C1)C,FMQCSDIHCNUTKO-UHFFFAOYSA-N,"1,7-dimethyl-1,2,3,4,4a,5,6,7,8,8a-decahydronaphthalene;ethane;methane",,Patents,,PATENTSCOPE (WIPO),Governmental Organizations,,212.41,0.0,150,,15,0,0,0,212.250397,212.250397,0,3,0,4,0,4,0,0,0,0,0,0,1,20191207
144734581,Ethane;1-(2-ethylbutyl)-3-methylcyclohexane,,C15H32,"InChI=1S/C13H26.C2H6/c1-4-12(5-2)10-13-8-6-7-11(3)9-13;1-2/h11-13H,4-10H2,1-3H3;1-2H3",CC.CCC(CC)CC1CCCC(C1)C,IRLFWYQUUPQVIA-UHFFFAOYSA-N,ethane;1-(2-ethylbutyl)-3-methylcyclohexane,,Patents,,PATENTSCOPE (WIPO),Governmental Organizations,,212.41,0.0,124,,15,0,0,4,212.250397,212.250397,0,2,0,2,0,2,0,0,0,0,0,0,1,20191207
144739718,"2,4,5,6,6,7-Hexamethylnonane",,C15H32,"InChI=1S/C15H32/c1-9-13(5)15(7,8)14(6)12(4)10-11(2)3/h11-14H,9-10H2,1-8H3",CCC(C)C(C)(C)C(C)C(C)CC(C)C,FNGPSKFWRROKIN-UHFFFAOYSA-N,"2,4,5,6,6,7-hexamethylnonane",,Patents,,PATENTSCOPE (WIPO),Governmental Organizations,,212.41,0.0,167,6.7,15,0,0,6,212.250397,212.250397,0,1,0,3,0,3,0,0,0,0,0,0,1,20191207
144746706,"ethane;(3E)-4-ethyldeca-1,3-diene;methane",,C15H32,"InChI=1S/C12H22.C2H6.CH4/c1-4-7-8-9-11-12(6-3)10-5-2;1-2;/h5,10H,2,4,6-9,11H2,1,3H3;1-2H3;1H4/b12-10+;;",C.CC.CCCCCC/C(=C/C=C)/CC,IUFDIFUPQSQLAB-PFNYCKIMSA-N,"ethane;(3E)-4-ethyldeca-1,3-diene;methane",,Patents,,PATENTSCOPE (WIPO),Governmental Organizations,,212.41,0.0,131,,15,0,0,7,212.250397,212.250397,0,3,0,0,0,0,1,1,0,0,0,0,1,20191207
144775177,"ethane;(2Z)-2-ethylidene-1,4-dimethyl-1-propan-2-ylcyclopentane;methane",,C15H32,"InChI=1S/C12H22.C2H6.CH4/c1-6-11-7-10(4)8-12(11,5)9(2)3;1-2;/h6,9-10H,7-8H2,1-5H3;1-2H3;1H4/b11-6-;;",C.CC.C/C=C\1/CC(CC1(C)C(C)C)C,JPWGCPOTAUVQGY-LEOXJOGCSA-N,"ethane;(2Z)-2-ethylidene-1,4-dimethyl-1-propan-2-ylcyclopentane;methane",,Patents,,PATENTSCOPE (WIPO),Governmental Organizations,,212.41,0.0,188,,15,0,0,1,212.250397,212.250397,0,3,0,2,0,2,1,1,0,0,0,0,1,20191207
144820603,"3-Ethyl-2,2,4,6,6-pentamethyloctane",,C15H32,"InChI=1S/C15H32/c1-9-13(14(4,5)6)12(3)11-15(7,8)10-2/h12-13H,9-11H2,1-8H3",CCC(C(C)CC(C)(C)CC)C(C)(C)C,FGGHSCBQBAXKQF-UHFFFAOYSA-N,"3-ethyl-2,2,4,6,6-pentamethyloctane",,Patents,,PATENTSCOPE (WIPO),Governmental Organizations,,212.41,0.0,171,6.9,15,0,0,6,212.250397,212.250397,0,1,0,2,0,2,0,0,0,0,0,0,1,20191207
144832725,"1,5-Diethylbicyclo[3.1.1]heptane;ethane",,C15H32,"InChI=1S/C11H20.2C2H6/c1-3-10-6-5-7-11(4-2,8-10)9-10;2*1-2/h3-9H2,1-2H3;2*1-2H3",CC.CC.CCC12CCCC(C1)(C2)CC,VSZLLXLTGARRGM-UHFFFAOYSA-N,"1,5-diethylbicyclo[3.1.1]heptane;ethane",,Patents,,PATENTSCOPE (WIPO),Governmental Organizations,,212.41,0.0,131,,15,0,0,2,212.250397,212.250397,0,3,0,0,0,0,0,0,0,0,0,0,1,20191207
144847394,"ethane;propane;(3R,4S)-2,3,4-trimethylhepta-1,6-diene",,C15H32,"InChI=1S/C10H18.C3H8.C2H6/c1-6-7-9(4)10(5)8(2)3;1-3-2;1-2/h6,9-10H,1-2,7H2,3-5H3;3H2,1-2H3;1-2H3/t9-,10-;;/m0../s1",CC.CCC.C[C@@H](CC=C)[C@@H](C)C(=C)C,GINVAQPGEJKSLF-BZDVOYDHSA-N,"ethane;propane;(3R,4S)-2,3,4-trimethylhepta-1,6-diene",,Patents,,PATENTSCOPE (WIPO),Governmental Organizations,,212.41,0.0,122,,15,0,0,4,212.250397,212.250397,0,3,0,2,2,0,0,0,0,0,0,0,1,20191207
144857597,"ethane;ethene;propane;(3Z)-3-propan-2-ylpenta-1,3-diene",,C15H32,"InChI=1S/C8H14.C3H8.C2H6.C2H4/c1-5-8(6-2)7(3)4;1-3-2;2*1-2/h5-7H,1H2,2-4H3;3H2,1-2H3;1-2H3;1-2H2/b8-6+;;;",CC.CCC.C/C=C(\C=C)/C(C)C.C=C,BSQOQEBRJWCVRH-LGSAIMRHSA-N,"ethane;ethene;propane;(3Z)-3-propan-2-ylpenta-1,3-diene",,Patents,,PATENTSCOPE (WIPO),Governmental Organizations,,212.41,0.0,96,,15,0,0,2,212.250397,212.250397,0,4,0,0,0,0,1,1,0,0,0,0,1,20191207
144859959,"2,3-Dimethylpentan-2-ylcyclohexane;ethane",,C15H32,"InChI=1S/C13H26.C2H6/c1-5-11(2)13(3,4)12-9-7-6-8-10-12;1-2/h11-12H,5-10H2,1-4H3;1-2H3",CC.CCC(C)C(C)(C)C1CCCCC1,BFLWIYUZGWXCDG-UHFFFAOYSA-N,"2,3-dimethylpentan-2-ylcyclohexane;ethane",,Patents,,PATENTSCOPE (WIPO),Governmental Organizations,,212.41,0.0,140,,15,0,0,3,212.250397,212.250397,0,2,0,1,0,1,0,0,0,0,0,0,1,20191207
144877225,"ethane;(3Z,5Z)-3-ethylhepta-1,3,5-triene",,C15H32,"InChI=1S/C9H14.3C2H6/c1-4-7-8-9(5-2)6-3;3*1-2/h4-5,7-8H,2,6H2,1,3H3;3*1-2H3/b7-4-,9-8+;;;",CC.CC.CC.CC/C(=C/C=C\C)/C=C,HNWXILBIWARHOZ-UAADADKMSA-N,"ethane;(3Z,5Z)-3-ethylhepta-1,3,5-triene",,Patents,,PATENTSCOPE (WIPO),Governmental Organizations,,212.41,0.0,127,,15,0,0,3,212.250397,212.250397,0,4,0,0,0,0,2,2,0,0,0,0,1,20191207
144909385,"1,2-Dipropylcycloheptane;ethane",,C15H32,"InChI=1S/C13H26.C2H6/c1-3-8-12-10-6-5-7-11-13(12)9-4-2;1-2/h12-13H,3-11H2,1-2H3;1-2H3",CC.CCCC1CCCCCC1CCC,RAQMVCZATMMTCS-UHFFFAOYSA-N,"1,2-dipropylcycloheptane;ethane",,Patents,,PATENTSCOPE (WIPO),Governmental Organizations,,212.41,0.0,103,,15,0,0,4,212.250397,212.250397,0,2,0,2,0,2,0,0,0,0,0,0,1,20191207
144971150,"(3Z)-2,5-dimethylhexa-1,3,5-triene;ethane;propane",,C15H32,"InChI=1S/C8H12.C3H8.2C2H6/c1-7(2)5-6-8(3)4;1-3-2;2*1-2/h5-6H,1,3H2,2,4H3;3H2,1-2H3;2*1-2H3/b6-5-;;;",CC.CC.CCC.CC(=C)/C=C\C(=C)C,OAPSIPRJZJPINE-WTUPQPTJSA-N,"(3Z)-2,5-dimethylhexa-1,3,5-triene;ethane;propane",,Patents,,PATENTSCOPE (WIPO),Governmental Organizations,,212.41,0.0,111,,15,0,0,2,212.250397,212.250397,0,4,0,0,0,0,1,1,0,0,0,0,1,20191207
144981825,Ethane;1-methyl-5-propylcycloheptene,,C15H32,"InChI=1S/C11H20.2C2H6/c1-3-5-11-7-4-6-10(2)8-9-11;2*1-2/h6,11H,3-5,7-9H2,1-2H3;2*1-2H3",CC.CC.CCCC1CCC=C(CC1)C,XJMDGTNOQJYXKU-UHFFFAOYSA-N,ethane;1-methyl-5-propylcycloheptene,,Patents,,PATENTSCOPE (WIPO),Governmental Organizations,,212.41,0.0,133,,15,0,0,2,212.250397,212.250397,0,3,0,1,0,1,0,0,0,0,0,0,1,20191207
145094866,Bicyclo[2.2.1]heptane;hex-1-ene;methane,,C15H32,"InChI=1S/C7H12.C6H12.2CH4/c1-2-7-4-3-6(1)5-7;1-3-5-6-4-2;;/h6-7H,1-5H2;3H,1,4-6H2,2H3;2*1H4",C.C.CCCCC=C.C1CC2CCC1C2,QGWMICBANBPNDI-UHFFFAOYSA-N,bicyclo[2.2.1]heptane;hex-1-ene;methane,,Patents,,PATENTSCOPE (WIPO),Governmental Organizations,,212.41,0.0,87,,15,0,0,3,212.250397,212.250397,0,4,0,0,0,0,0,0,0,0,0,0,1,20191207
145109843,ethane;pent-1-ene;(Z)-pent-2-ene;prop-1-ene,,C15H32,"InChI=1S/2C5H10.C3H6.C2H6/c2*1-3-5-4-2;1-3-2;1-2/h3,5H,4H2,1-2H3;3H,1,4-5H2,2H3;3H,1H2,2H3;1-2H3/b5-3-;;;",CC.CCCC=C.CC/C=C\C.CC=C,IICMMWPBSXIPGK-FEMJVSHYSA-N,ethane;pent-1-ene;(Z)-pent-2-ene;prop-1-ene,,Patents,,PATENTSCOPE (WIPO),Governmental Organizations,,212.41,0.0,55,,15,0,0,3,212.250397,212.250397,0,4,0,0,0,0,1,1,0,0,0,0,1,20191207
145129586,"2-Ethyl-1,4-dimethyl-3-(2-methylpropyl)cyclohexane;methane",,C15H32,"InChI=1S/C14H28.CH4/c1-6-13-11(4)7-8-12(5)14(13)9-10(2)3;/h10-14H,6-9H2,1-5H3;1H4",C.CCC1C(CCC(C1CC(C)C)C)C,CYUVKPGTVBEJFR-UHFFFAOYSA-N,"2-ethyl-1,4-dimethyl-3-(2-methylpropyl)cyclohexane;methane",,Patents,,PATENTSCOPE (WIPO),Governmental Organizations,,212.41,0.0,159,,15,0,0,3,212.250397,212.250397,0,2,0,4,0,4,0,0,0,0,0,0,1,20191207
145129928,"2,5-Dimethyl-7-propyldecane",SCHEMBL29342846,C15H32,"InChI=1S/C15H32/c1-6-8-15(9-7-2)12-14(5)11-10-13(3)4/h13-15H,6-12H2,1-5H3",CCCC(CCC)CC(C)CCC(C)C,CIVFEKSNLSOTPB-UHFFFAOYSA-N,"2,5-dimethyl-7-propyldecane",,Patents,,PATENTSCOPE (WIPO)|SureChEMBL,Curation Efforts|Governmental Organizations|Research and Development,,212.41,0.0,120,7.5,15,0,0,9,212.250397,212.250397,0,1,0,1,0,1,0,0,0,0,1,1,1,20191207
145163200,"Methane;1,3,5-trimethyl-2-pentylcyclohexane",,C15H32,"InChI=1S/C14H28.CH4/c1-5-6-7-8-14-12(3)9-11(2)10-13(14)4;/h11-14H,5-10H2,1-4H3;1H4",C.CCCCCC1C(CC(CC1C)C)C,WJUBWFUHOPSPPY-UHFFFAOYSA-N,"methane;1,3,5-trimethyl-2-pentylcyclohexane",,Patents,,PATENTSCOPE (WIPO),Governmental Organizations,,212.41,0.0,138,,15,0,0,4,212.250397,212.250397,0,2,0,2,0,2,0,0,0,0,0,0,1,20191207
145175226,"5-Butan-2-yl-1,1,3,3-tetramethylcyclohexane;methane",,C15H32,"InChI=1S/C14H28.CH4/c1-7-11(2)12-8-13(3,4)10-14(5,6)9-12;/h11-12H,7-10H2,1-6H3;1H4",C.CCC(C)C1CC(CC(C1)(C)C)(C)C,IZUQGVUIZBLNIY-UHFFFAOYSA-N,"5-butan-2-yl-1,1,3,3-tetramethylcyclohexane;methane",,Patents,,PATENTSCOPE (WIPO),Governmental Organizations,,212.41,0.0,172,,15,0,0,2,212.250397,212.250397,0,2,0,1,0,1,0,0,0,0,0,0,1,20191207
145188912,Butylbenzene;ethane;methane,,C15H32,"InChI=1S/C10H14.C2H6.3CH4/c1-2-3-7-10-8-5-4-6-9-10;1-2;;;/h4-6,8-9H,2-3,7H2,1H3;1-2H3;3*1H4",C.C.C.CC.CCCCC1=CC=CC=C1,GKEBGTCTGHYYSW-UHFFFAOYSA-N,butylbenzene;ethane;methane,,Patents,,PATENTSCOPE (WIPO),Governmental Organizations,,212.41,0.0,70,,15,0,0,3,212.250397,212.250397,0,5,0,0,0,0,0,0,0,0,0,0,1,20191207
145201395,ethane;(Z)-hex-3-ene;(Z)-3-methylhex-2-ene,,C15H32,"InChI=1S/C7H14.C6H12.C2H6/c1-4-6-7(3)5-2;1-3-5-6-4-2;1-2/h5H,4,6H2,1-3H3;5-6H,3-4H2,1-2H3;1-2H3/b7-5-;6-5-;",CC.CCC/C(=C\C)/C.CC/C=C\CC,BABBGJJDFKZTGQ-MCAMPFQMSA-N,ethane;(Z)-hex-3-ene;(Z)-3-methylhex-2-ene,,Patents,,PATENTSCOPE (WIPO),Governmental Organizations,,212.41,0.0,89,,15,0,0,4,212.250397,212.250397,0,3,0,0,0,0,2,2,0,0,0,0,1,20191207
145222932,"Prop-1-ene;3,4,7-trimethylnonane",,C15H32,"InChI=1S/C12H26.C3H6/c1-6-10(3)8-9-12(5)11(4)7-2;1-3-2/h10-12H,6-9H2,1-5H3;3H,1H2,2H3",CCC(C)CCC(C)C(C)CC.CC=C,RAGQUIYKCBOVBR-UHFFFAOYSA-N,"prop-1-ene;3,4,7-trimethylnonane",,Patents,,PATENTSCOPE (WIPO),Governmental Organizations,,212.41,0.0,104,,15,0,0,6,212.250397,212.250397,0,2,0,3,0,3,0,0,0,0,0,0,1,20191207
145258455,"Ethane;methane;1,2,4,5-tetramethylbenzene",,C15H32,"InChI=1S/C10H14.C2H6.3CH4/c1-7-5-9(3)10(4)6-8(7)2;1-2;;;/h5-6H,1-4H3;1-2H3;3*1H4",C.C.C.CC.CC1=CC(=C(C=C1C)C)C,NXULIDHGLPBVHP-UHFFFAOYSA-N,"ethane;methane;1,2,4,5-tetramethylbenzene",,Patents,,PATENTSCOPE (WIPO),Governmental Organizations,,212.41,0.0,80,,15,0,0,0,212.250397,212.250397,0,5,0,0,0,0,0,0,0,0,0,0,1,20191207
145269085,"1,1-Dimethylcyclohexane;ethane;ethene;prop-1-ene",,C15H32,"InChI=1S/C8H16.C3H6.C2H6.C2H4/c1-8(2)6-4-3-5-7-8;1-3-2;2*1-2/h3-7H2,1-2H3;3H,1H2,2H3;1-2H3;1-2H2",CC.CC=C.CC1(CCCCC1)C.C=C,QSUNIFXRFYMZIU-UHFFFAOYSA-N,"1,1-dimethylcyclohexane;ethane;ethene;prop-1-ene",,Patents,,PATENTSCOPE (WIPO),Governmental Organizations,,212.41,0.0,71,,15,0,0,0,212.250397,212.250397,0,4,0,0,0,0,0,0,0,0,0,0,1,20191207
145281355,Ethane;ethene;hexylcyclopentane,,C15H32,"InChI=1S/C11H22.C2H6.C2H4/c1-2-3-4-5-8-11-9-6-7-10-11;2*1-2/h11H,2-10H2,1H3;1-2H3;1-2H2",CC.CCCCCCC1CCCC1.C=C,PUQYJQFTSDBFSU-UHFFFAOYSA-N,ethane;ethene;hexylcyclopentane,,Patents,,PATENTSCOPE (WIPO),Governmental Organizations,,212.41,0.0,80,,15,0,0,5,212.250397,212.250397,0,3,0,0,0,0,0,0,0,0,0,0,1,20191207
145352940,"2,3-Dimethylbut-1-ene;ethane;methylcyclohexane",,C15H32,"InChI=1S/C7H14.C6H12.C2H6/c1-7-5-3-2-4-6-7;1-5(2)6(3)4;1-2/h7H,2-6H2,1H3;6H,1H2,2-4H3;1-2H3",CC.CC1CCCCC1.CC(C)C(=C)C,BHODUFKSAKFFLS-UHFFFAOYSA-N,"2,3-dimethylbut-1-ene;ethane;methylcyclohexane",,Patents,,PATENTSCOPE (WIPO),Governmental Organizations,,212.41,0.0,93,,15,0,0,1,212.250397,212.250397,0,3,0,0,0,0,0,0,0,0,0,0,1,20191207
145359244,"ethane;(2Z,4Z)-3-methylhepta-2,4-diene;prop-1-ene",,C15H32,"InChI=1S/C8H14.C3H6.2C2H6/c1-4-6-7-8(3)5-2;1-3-2;2*1-2/h5-7H,4H2,1-3H3;3H,1H2,2H3;2*1-2H3/b7-6-,8-5-;;;",CC.CC.CC/C=C\C(=C/C)\C.CC=C,COFHDEAFTRLRMX-MMWYTNEZSA-N,"ethane;(2Z,4Z)-3-methylhepta-2,4-diene;prop-1-ene",,Patents,,PATENTSCOPE (WIPO),Governmental Organizations,,212.41,0.0,104,,15,0,0,2,212.250397,212.250397,0,4,0,0,0,0,2,2,0,0,0,0,1,20191207
145387252,"butane;(2Z,4E)-4,5-dimethylhepta-2,4-diene;ethane",,C15H32,"InChI=1S/C9H16.C4H10.C2H6/c1-5-7-9(4)8(3)6-2;1-3-4-2;1-2/h5,7H,6H2,1-4H3;3-4H2,1-2H3;1-2H3/b7-5-,9-8+;;",CC.CCCC.CC/C(=C(\C)/C=C\C)/C,SPLXUGWJGMOMNI-TXRYRNSRSA-N,"butane;(2Z,4E)-4,5-dimethylhepta-2,4-diene;ethane",,Patents,,PATENTSCOPE (WIPO),Governmental Organizations,,212.41,0.0,129,,15,0,0,3,212.250397,212.250397,0,3,0,0,0,0,2,2,0,0,0,0,1,20191207
145390002,1-Butyl-2-methylcyclohexene;ethane,,C15H32,"InChI=1S/C11H20.2C2H6/c1-3-4-8-11-9-6-5-7-10(11)2;2*1-2/h3-9H2,1-2H3;2*1-2H3",CC.CC.CCCCC1=C(CCCC1)C,WZFPOXKZQKJJCM-UHFFFAOYSA-N,1-butyl-2-methylcyclohexene;ethane,,Patents,,PATENTSCOPE (WIPO),Governmental Organizations,,212.41,0.0,142,,15,0,0,3,212.250397,212.250397,0,3,0,0,0,0,0,0,0,0,0,0,1,20191207
145412243,Ethane;1-(2-methylbutyl)-2-propan-2-ylcyclopentane,,C15H32,"InChI=1S/C13H26.C2H6/c1-5-11(4)9-12-7-6-8-13(12)10(2)3;1-2/h10-13H,5-9H2,1-4H3;1-2H3",CC.CCC(C)CC1CCCC1C(C)C,WIEYQQRFWFBXLU-UHFFFAOYSA-N,ethane;1-(2-methylbutyl)-2-propan-2-ylcyclopentane,,Patents,,PATENTSCOPE (WIPO),Governmental Organizations,,212.41,0.0,137,,15,0,0,4,212.250397,212.250397,0,2,0,3,0,3,0,0,0,0,0,0,1,20191207
145503797,"butane;ethane;(3Z)-2-methylhexa-1,3,5-triene",,C15H32,"InChI=1S/C7H10.C4H10.2C2H6/c1-4-5-6-7(2)3;1-3-4-2;2*1-2/h4-6H,1-2H2,3H3;3-4H2,1-2H3;2*1-2H3/b6-5-;;;",CC.CC.CCCC.CC(=C)/C=C\C=C,ROEKDDXZFWROGQ-WTUPQPTJSA-N,"butane;ethane;(3Z)-2-methylhexa-1,3,5-triene",,Patents,,PATENTSCOPE (WIPO),Governmental Organizations,,212.41,0.0,98,,15,0,0,3,212.250397,212.250397,0,4,0,0,0,0,1,1,0,0,0,0,1,20191212
145518643,"(4Z,6Z)-2,3-dimethylocta-2,4,6-triene;ethane;methane",,C15H32,"InChI=1S/C10H16.2C2H6.CH4/c1-5-6-7-8-10(4)9(2)3;2*1-2;/h5-8H,1-4H3;2*1-2H3;1H4/b6-5-,8-7-;;;",C.CC.CC.C/C=C\C=C/C(=C(C)C)C,CGTNNZXPCBANHL-FXHPWJRZSA-N,"(4Z,6Z)-2,3-dimethylocta-2,4,6-triene;ethane;methane",,Patents,,PATENTSCOPE (WIPO),Governmental Organizations,,212.41,0.0,164,,15,0,0,2,212.250397,212.250397,0,4,0,0,0,0,2,2,0,0,0,0,1,20191212
145549990,"ethane;methane;(3Z,5E)-5,6,7-trimethylocta-1,3,5-triene",,C15H32,"InChI=1S/C11H18.C2H6.2CH4/c1-6-7-8-10(4)11(5)9(2)3;1-2;;/h6-9H,1H2,2-5H3;1-2H3;2*1H4/b8-7-,11-10+;;;",C.C.CC.CC(C)/C(=C(\C)/C=C\C=C)/C,JOOPIBAIICCKTB-VEHAGUGMSA-N,"ethane;methane;(3Z,5E)-5,6,7-trimethylocta-1,3,5-triene",,Patents,,PATENTSCOPE (WIPO),Governmental Organizations,,212.41,0.0,180,,15,0,0,3,212.250397,212.250397,0,4,0,0,0,0,2,2,0,0,0,0,1,20191212
145581260,"ethane;(Z)-5,6,9-trimethyldec-2-ene",,C15H32,"InChI=1S/C13H26.C2H6/c1-6-7-8-12(4)13(5)10-9-11(2)3;1-2/h6-7,11-13H,8-10H2,1-5H3;1-2H3/b7-6-;",CC.C/C=C\CC(C)C(C)CCC(C)C,XWBRWJIQSUPVEY-NAFXZHHSSA-N,"ethane;(Z)-5,6,9-trimethyldec-2-ene",,Patents,,PATENTSCOPE (WIPO),Governmental Organizations,,212.41,0.0,133,,15,0,0,6,212.250397,212.250397,0,2,0,2,0,2,1,1,0,0,0,0,1,20191212
145603091,"Propane;1,1,3-trimethyl-5-propan-2-ylcyclohexane",,C15H32,"InChI=1S/C12H24.C3H8/c1-9(2)11-6-10(3)7-12(4,5)8-11;1-3-2/h9-11H,6-8H2,1-5H3;3H2,1-2H3",CCC.CC1CC(CC(C1)(C)C)C(C)C,BYKGFKOTAWWUBK-UHFFFAOYSA-N,"propane;1,1,3-trimethyl-5-propan-2-ylcyclohexane",,Patents,,PATENTSCOPE (WIPO),Governmental Organizations,,212.41,0.0,144,,15,0,0,1,212.250397,212.250397,0,2,0,2,0,2,0,0,0,0,0,0,1,20191212
145603678,"5-Ethyl-2,2,5-trimethyl-4-propylheptane",,C15H32,"InChI=1S/C15H32/c1-8-11-13(12-14(4,5)6)15(7,9-2)10-3/h13H,8-12H2,1-7H3",CCCC(CC(C)(C)C)C(C)(CC)CC,YDJKQUNLSUSKGE-UHFFFAOYSA-N,"5-ethyl-2,2,5-trimethyl-4-propylheptane",,Patents,,PATENTSCOPE (WIPO),Governmental Organizations,,212.41,0.0,157,7.2,15,0,0,7,212.250397,212.250397,0,1,0,1,0,1,0,0,0,0,0,0,1,20191212
145626994,"4-Tert-butyl-3,3,6-trimethyloctane",,C15H32,"InChI=1S/C15H32/c1-9-12(3)11-13(14(4,5)6)15(7,8)10-2/h12-13H,9-11H2,1-8H3",CCC(C)CC(C(C)(C)C)C(C)(C)CC,VNTQTDPNBPVLML-UHFFFAOYSA-N,"4-tert-butyl-3,3,6-trimethyloctane",,Patents,,PATENTSCOPE (WIPO),Governmental Organizations,,212.41,0.0,171,6.9,15,0,0,6,212.250397,212.250397,0,1,0,2,0,2,0,0,0,0,0,0,1,20191212
145633316,"1,1-Diethyl-3,3,5-trimethylcyclohexane;ethane",,C15H32,"InChI=1S/C13H26.C2H6/c1-6-13(7-2)9-11(3)8-12(4,5)10-13;1-2/h11H,6-10H2,1-5H3;1-2H3",CC.CCC1(CC(CC(C1)(C)C)C)CC,QVWNMMPDCSOJJS-UHFFFAOYSA-N,"1,1-diethyl-3,3,5-trimethylcyclohexane;ethane",,Patents,,PATENTSCOPE (WIPO),Governmental Organizations,,212.41,0.0,163,,15,0,0,2,212.250397,212.250397,0,2,0,1,0,1,0,0,0,0,0,0,1,20191212
145658709,Ethene;2-methylbut-2-ene;3-methylpentane,,C15H32,"InChI=1S/C6H14.C5H10.2C2H4/c1-4-6(3)5-2;1-4-5(2)3;2*1-2/h6H,4-5H2,1-3H3;4H,1-3H3;2*1-2H2",CCC(C)CC.CC=C(C)C.C=C.C=C,BZVNSRNCQKFWOQ-UHFFFAOYSA-N,ethene;2-methylbut-2-ene;3-methylpentane,,Patents,,PATENTSCOPE (WIPO),Governmental Organizations,,212.41,0.0,57,,15,0,0,2,212.250397,212.250397,0,4,0,0,0,0,0,0,0,0,0,0,1,20191212
145674129,1-Cyclopropyl-4-methylcyclohexene;ethane;methane,,C15H32,"InChI=1S/C10H16.2C2H6.CH4/c1-8-2-4-9(5-3-8)10-6-7-10;2*1-2;/h4,8,10H,2-3,5-7H2,1H3;2*1-2H3;1H4",C.CC.CC.CC1CCC(=CC1)C2CC2,VXNGZGMXFDWFRB-UHFFFAOYSA-N,1-cyclopropyl-4-methylcyclohexene;ethane;methane,,Patents,,PATENTSCOPE (WIPO),Governmental Organizations,,212.41,0.0,151,,15,0,0,1,212.250397,212.250397,0,4,0,1,0,1,0,0,0,0,0,0,1,20191212
145697255,"1,2-dimethyl-2,3,3a,4,5,6,7,7a-octahydro-1H-indene;ethane",,C15H32,"InChI=1S/C11H20.2C2H6/c1-8-7-10-5-3-4-6-11(10)9(8)2;2*1-2/h8-11H,3-7H2,1-2H3;2*1-2H3",CC.CC.CC1CC2CCCCC2C1C,HQJDAVJULNMYEO-UHFFFAOYSA-N,"1,2-dimethyl-2,3,3a,4,5,6,7,7a-octahydro-1H-indene;ethane",,Patents,,PATENTSCOPE (WIPO),Governmental Organizations,,212.41,0.0,139,,15,0,0,0,212.250397,212.250397,0,3,0,4,0,4,0,0,0,0,0,0,1,20191212
145755251,"3-Tert-butyl-2,2,4,5,5-pentamethylhexane",,C15H32,"InChI=1S/C15H32/c1-11(13(2,3)4)12(14(5,6)7)15(8,9)10/h11-12H,1-10H3",CC(C(C(C)(C)C)C(C)(C)C)C(C)(C)C,QUEXKXOJSTVGFE-UHFFFAOYSA-N,"3-tert-butyl-2,2,4,5,5-pentamethylhexane",,Patents,,Google Patents|PATENTSCOPE (WIPO),Governmental Organizations|Research and Development,,212.41,0.0,178,6.5,15,0,0,4,212.250397,212.250397,0,1,0,1,0,1,0,0,0,0,0,0,1,20200124
145834152,7-Ethyl-4-methyldodecane,,C15H32,"InChI=1S/C15H32/c1-5-8-9-11-15(7-3)13-12-14(4)10-6-2/h14-15H,5-13H2,1-4H3",CCCCCC(CC)CCC(C)CCC,YMCWTSSSEUMIIM-UHFFFAOYSA-N,7-ethyl-4-methyldodecane,,Patents,,Google Patents|PATENTSCOPE (WIPO),Governmental Organizations|Research and Development,,212.41,0.0,117,7.8,15,0,0,10,212.250397,212.250397,0,1,0,2,0,2,0,0,0,0,0,0,1,20200125
145839008,"2,2,4,5,9-Pentamethyldecane",,C15H32,"InChI=1S/C15H32/c1-12(2)9-8-10-13(3)14(4)11-15(5,6)7/h12-14H,8-11H2,1-7H3",CC(C)CCCC(C)C(C)CC(C)(C)C,RERMLCWYVAQRIR-UHFFFAOYSA-N,"2,2,4,5,9-pentamethyldecane",,Patents,,Google Patents|PATENTSCOPE (WIPO),Governmental Organizations|Research and Development,,212.41,0.0,150,7.0,15,0,0,7,212.250397,212.250397,0,1,0,2,0,2,0,0,0,0,0,0,1,20200125
147195189,"3,5,7-Trimethyldodecane",,C15H32,"InChI=1S/C15H32/c1-6-8-9-10-14(4)12-15(5)11-13(3)7-2/h13-15H,6-12H2,1-5H3",CCCCCC(C)CC(C)CC(C)CC,CCFJOKVZEFQNAS-UHFFFAOYSA-N,"3,5,7-trimethyldodecane",,Patents,,Google Patents,Research and Development,,212.41,0.0,128,7.5,15,0,0,9,212.250397,212.250397,0,1,0,3,0,3,0,0,0,0,2,1,1,20200812
147508640,"2,3,3,7,7,8-Hexamethylnonane",,C15H32,"InChI=1S/C15H32/c1-12(2)14(5,6)10-9-11-15(7,8)13(3)4/h12-13H,9-11H2,1-8H3",CC(C)C(C)(C)CCCC(C)(C)C(C)C,FIVNJXCBHBBTAH-UHFFFAOYSA-N,"2,3,3,7,7,8-hexamethylnonane",,Patents,,Google Patents,Research and Development,,212.41,0.0,152,6.9,15,0,0,6,212.250397,212.250397,0,1,0,0,0,0,0,0,0,0,4,1,1,20200812
147628754,"2,2,5,9,9-Pentamethyldecane",SCHEMBL19118274,C15H32,"InChI=1S/C15H32/c1-13(10-12-15(5,6)7)9-8-11-14(2,3)4/h13H,8-12H2,1-7H3",CC(CCCC(C)(C)C)CCC(C)(C)C,GFHICVDFQQGDMP-UHFFFAOYSA-N,"2,2,5,9,9-pentamethyldecane",,Patents,,Google Patents|PATENTSCOPE (WIPO)|SureChEMBL,Curation Efforts|Governmental Organizations|Research and Development,,212.41,0.0,154,7.2,15,0,0,7,212.250397,212.250397,0,1,0,1,0,1,0,0,0,0,3,2,1,20200812
148280199,"(5R)-5-ethyl-2,2-dimethylundecane",,C15H32,"InChI=1S/C15H32/c1-6-8-9-10-11-14(7-2)12-13-15(3,4)5/h14H,6-13H2,1-5H3/t14-/m1/s1",CCCCCC[C@@H](CC)CCC(C)(C)C,KVGALVOEPJBSPG-CQSZACIVSA-N,"(5R)-5-ethyl-2,2-dimethylundecane",,Patents,,Google Patents,Research and Development,,212.41,0.0,129,7.6,15,0,0,9,212.250397,212.250397,0,1,0,1,1,0,0,0,0,0,1,1,1,20200812
149151585,"2,4,4-Trimethyldodecane",SCHEMBL28153749,C15H32,"InChI=1S/C15H32/c1-6-7-8-9-10-11-12-15(4,5)13-14(2)3/h14H,6-13H2,1-5H3",CCCCCCCCC(C)(C)CC(C)C,ZVFMHHJBKRFYFQ-UHFFFAOYSA-N,"2,4,4-trimethyldodecane",,Patents,,SureChEMBL,Curation Efforts|Research and Development,,212.41,0.0,133,7.6,15,0,0,9,212.250397,212.250397,0,1,0,0,0,0,0,0,0,0,8,5,1,20200812
149681112,"4,4-Di(propan-2-yl)nonane",,C15H32,"InChI=1S/C15H32/c1-7-9-10-12-15(11-8-2,13(3)4)14(5)6/h13-14H,7-12H2,1-6H3",CCCCCC(CCC)(C(C)C)C(C)C,APEODOKOSKSXPM-UHFFFAOYSA-N,"4,4-di(propan-2-yl)nonane",,Patents,,Google Patents,Research and Development,,212.41,0.0,136,7.3,15,0,0,8,212.250397,212.250397,0,1,0,0,0,0,0,0,0,0,2,2,1,20200812
150241562,"2,2,10-Trimethyldodecane",SCHEMBL19664763,C15H32,"InChI=1S/C15H32/c1-6-14(2)12-10-8-7-9-11-13-15(3,4)5/h14H,6-13H2,1-5H3",CCC(C)CCCCCCCC(C)(C)C,FXQHRCKFFRNGLH-UHFFFAOYSA-N,"2,2,10-trimethyldodecane",,Patents,,Google Patents|PATENTSCOPE (WIPO)|SureChEMBL,Curation Efforts|Governmental Organizations|Research and Development,,212.41,0.0,129,7.6,15,0,0,9,212.250397,212.250397,0,1,0,1,0,1,0,0,0,0,27,10,1,20200812
150362279,"3,7-Diethyl-3,7-dimethylnonane",SCHEMBL29893919,C15H32,"InChI=1S/C15H32/c1-7-14(5,8-2)12-11-13-15(6,9-3)10-4/h7-13H2,1-6H3",CCC(C)(CC)CCCC(C)(CC)CC,GVYQJXNLGQXGHT-UHFFFAOYSA-N,"3,7-diethyl-3,7-dimethylnonane",,Patents,,Google Patents|PATENTSCOPE (WIPO)|SureChEMBL,Curation Efforts|Governmental Organizations|Research and Development,,212.41,0.0,131,7.5,15,0,0,8,212.250397,212.250397,0,1,0,0,0,0,0,0,0,0,6,6,1,20200812
150455441,"2,3,3,4,4-Pentamethyldecane",,C15H32,"InChI=1S/C15H32/c1-8-9-10-11-12-14(4,5)15(6,7)13(2)3/h13H,8-12H2,1-7H3",CCCCCCC(C)(C)C(C)(C)C(C)C,HOROGOQCVSZDHY-UHFFFAOYSA-N,"2,3,3,4,4-pentamethyldecane",,Patents,,Google Patents,Research and Development,,212.41,0.0,163,7.2,15,0,0,7,212.250397,212.250397,0,1,0,0,0,0,0,0,0,0,5,4,1,20200812
150711150,"3-Ethyl-2,2-dimethylundecane",SCHEMBL15158037,C15H32,"InChI=1S/C15H32/c1-6-8-9-10-11-12-13-14(7-2)15(3,4)5/h14H,6-13H2,1-5H3",CCCCCCCCC(CC)C(C)(C)C,JNXHRMHNWIOCQT-UHFFFAOYSA-N,"3-ethyl-2,2-dimethylundecane",,Patents,,Google Patents|PATENTSCOPE (WIPO)|SureChEMBL,Curation Efforts|Governmental Organizations|Research and Development,,212.41,0.0,129,7.6,15,0,0,9,212.250397,212.250397,0,1,0,1,0,1,0,0,0,0,35,26,1,20200813
151088166,"2,6,9-Trimethyldodecane",SCHEMBL28159249,C15H32,"InChI=1S/C15H32/c1-6-8-14(4)11-12-15(5)10-7-9-13(2)3/h13-15H,6-12H2,1-5H3",CCCC(C)CCC(C)CCCC(C)C,MLNYPPPEIPVSBL-UHFFFAOYSA-N,"2,6,9-trimethyldodecane",,Patents,,Google Patents|SureChEMBL,Curation Efforts|Research and Development,,212.41,0.0,126,7.5,15,0,0,9,212.250397,212.250397,0,1,0,2,0,2,0,0,0,0,3,2,1,20200813
153257020,"3-Ethyl-2,2,3,4,4,5,5-heptamethylhexane",,C15H32,"InChI=1S/C15H32/c1-11-15(10,13(5,6)7)14(8,9)12(2,3)4/h11H2,1-10H3",CCC(C)(C(C)(C)C)C(C)(C)C(C)(C)C,WULUWIVAZILWGF-UHFFFAOYSA-N,"3-ethyl-2,2,3,4,4,5,5-heptamethylhexane",,Patents,,Google Patents,Research and Development,,212.41,0.0,209,6.6,15,0,0,4,212.250397,212.250397,0,1,0,1,0,1,0,0,0,0,2,1,1,20200813
153286277,"3-Deuterio-4,4-diethyl-2,2,3,5,5-pentamethylhexane",,C15H32,"InChI=1S/C15H32/c1-10-15(11-2,14(7,8)9)12(3)13(4,5)6/h12H,10-11H2,1-9H3/i12D",[2H]C(C)(C(C)(C)C)C(CC)(CC)C(C)(C)C,IAHJTCKVXODYLX-UQBWLURTSA-N,"3-deuterio-4,4-diethyl-2,2,3,5,5-pentamethylhexane",,Patents,,Google Patents|PATENTSCOPE (WIPO),Governmental Organizations|Research and Development,,213.42,0.0,183,6.7,15,0,0,5,213.256683,213.256683,0,1,1,1,0,1,0,0,0,0,0,0,1,20200813
153360896,5-Ethyl-2-methyl-6-propan-2-ylnonane,,C15H32,"InChI=1S/C15H32/c1-7-9-15(13(5)6)14(8-2)11-10-12(3)4/h12-15H,7-11H2,1-6H3",CCCC(C(C)C)C(CC)CCC(C)C,RQTSWCHJXBBKLW-UHFFFAOYSA-N,5-ethyl-2-methyl-6-propan-2-ylnonane,,Patents,,PATENTSCOPE (WIPO),Governmental Organizations,,212.41,0.0,135,7.2,15,0,0,8,212.250397,212.250397,0,1,0,2,0,2,0,0,0,0,0,0,1,20200813
153439351,"(6R)-3-ethyl-2,2,6,7,7-pentamethyloctane",,C15H32,"InChI=1S/C15H32/c1-9-13(15(6,7)8)11-10-12(2)14(3,4)5/h12-13H,9-11H2,1-8H3/t12-,13?/m1/s1",CCC(CC[C@@H](C)C(C)(C)C)C(C)(C)C,FMFZCORQONRVQA-PZORYLMUSA-N,"(6R)-3-ethyl-2,2,6,7,7-pentamethyloctane",,Patents,,Google Patents|PATENTSCOPE (WIPO),Governmental Organizations|Research and Development,,212.41,0.0,165,6.9,15,0,0,6,212.250397,212.250397,0,1,0,2,1,1,0,0,0,0,0,0,1,20200813
153439355,"3,5-Diethyl-2,2,6,6-tetramethylheptane",,C15H32,"InChI=1S/C15H32/c1-9-12(14(3,4)5)11-13(10-2)15(6,7)8/h12-13H,9-11H2,1-8H3",CCC(CC(CC)C(C)(C)C)C(C)(C)C,LCQUXXLWFUVWCY-UHFFFAOYSA-N,"3,5-diethyl-2,2,6,6-tetramethylheptane",,Patents,,Google Patents|PATENTSCOPE (WIPO),Governmental Organizations|Research and Development,,212.41,0.0,145,6.9,15,0,0,6,212.250397,212.250397,0,1,0,2,0,2,0,0,0,0,0,0,1,20200813
153439361,"(3R)-5-tert-butyl-2,2,3-trimethyloctane",,C15H32,"InChI=1S/C15H32/c1-9-10-13(15(6,7)8)11-12(2)14(3,4)5/h12-13H,9-11H2,1-8H3/t12-,13?/m1/s1",CCCC(C[C@@H](C)C(C)(C)C)C(C)(C)C,BGQDHFJCHLSJTO-PZORYLMUSA-N,"(3R)-5-tert-butyl-2,2,3-trimethyloctane",,Patents,,Google Patents|PATENTSCOPE (WIPO),Governmental Organizations|Research and Development,,212.41,0.0,165,6.9,15,0,0,6,212.250397,212.250397,0,1,0,2,1,1,0,0,0,0,0,0,1,20200813
153520166,"3,3-Diethyl-4,5,5-trimethyloctane",,C15H32,"InChI=1S/C15H32/c1-8-12-14(6,7)13(5)15(9-2,10-3)11-4/h13H,8-12H2,1-7H3",CCCC(C)(C)C(C)C(CC)(CC)CC,FCTATEVSHDVSPD-UHFFFAOYSA-N,"3,3-diethyl-4,5,5-trimethyloctane",,Patents,,Google Patents|PATENTSCOPE (WIPO),Governmental Organizations|Research and Development,,212.41,0.0,155,7.2,15,0,0,7,212.250397,212.250397,0,1,0,1,0,1,0,0,0,0,3,2,1,20200813
153571632,Ethane;1-methyl-2-prop-1-en-2-ylcyclopentene,,C15H32,"InChI=1S/C9H14.3C2H6/c1-7(2)9-6-4-5-8(9)3;3*1-2/h1,4-6H2,2-3H3;3*1-2H3",CC.CC.CC.CC1=C(CCC1)C(=C)C,PDFYQJDFNTUMPC-UHFFFAOYSA-N,ethane;1-methyl-2-prop-1-en-2-ylcyclopentene,,Patents,,PATENTSCOPE (WIPO),Governmental Organizations,,212.41,0.0,161,,15,0,0,1,212.250397,212.250397,0,4,0,0,0,0,0,0,0,0,0,0,1,20200813
153596306,"propane;trans-(2S,3S)-3-ethyl-1,1-dimethyl-2-propan-2-ylcyclopentane",,C15H32,"InChI=1S/C12H24.C3H8/c1-6-10-7-8-12(4,5)11(10)9(2)3;1-3-2/h9-11H,6-8H2,1-5H3;3H2,1-2H3/t10-,11-;/m0./s1",CCC.CC[C@H]1CCC([C@H]1C(C)C)(C)C,XDDARSKZCAHODL-ACMTZBLWSA-N,"propane;trans-(2S,3S)-3-ethyl-1,1-dimethyl-2-propan-2-ylcyclopentane",,Patents,,PATENTSCOPE (WIPO),Governmental Organizations,,212.41,0.0,144,,15,0,0,2,212.250397,212.250397,0,2,0,2,2,0,0,0,0,0,0,0,1,20200813
153596411,"methane;trans-(2R,3R)-2-tert-butyl-1,1-dimethyl-3-propan-2-ylcyclopentane",,C15H32,"InChI=1S/C14H28.CH4/c1-10(2)11-8-9-14(6,7)12(11)13(3,4)5;/h10-12H,8-9H2,1-7H3;1H4/t11-,12-;/m1./s1",C.CC(C)[C@H]1CCC([C@H]1C(C)(C)C)(C)C,HNOATQKRIBXZBV-MNMPKAIFSA-N,"methane;trans-(2R,3R)-2-tert-butyl-1,1-dimethyl-3-propan-2-ylcyclopentane",,Patents,,PATENTSCOPE (WIPO),Governmental Organizations,,212.41,0.0,193,,15,0,0,2,212.250397,212.250397,0,2,0,2,2,0,0,0,0,0,0,0,1,20200813
153609159,3-Methyl-8-propylundecane,,C15H32,"InChI=1S/C15H32/c1-5-10-15(11-6-2)13-9-8-12-14(4)7-3/h14-15H,5-13H2,1-4H3",CCCC(CCC)CCCCC(C)CC,MNQUYQMPFLUPHT-UHFFFAOYSA-N,3-methyl-8-propylundecane,,Patents,,PATENTSCOPE (WIPO),Governmental Organizations,,212.41,0.0,111,7.8,15,0,0,10,212.250397,212.250397,0,1,0,1,0,1,0,0,0,0,0,0,1,20200813
153612521,"4,4-Dimethyl-6-methylidenedecane;ethane",,C15H32,"InChI=1S/C13H26.C2H6/c1-6-8-9-12(3)11-13(4,5)10-7-2;1-2/h3,6-11H2,1-2,4-5H3;1-2H3",CC.CCCCC(=C)CC(C)(C)CCC,STDJVZSQUFHDQE-UHFFFAOYSA-N,"4,4-dimethyl-6-methylidenedecane;ethane",,Patents,,PATENTSCOPE (WIPO),Governmental Organizations,,212.41,0.0,142,,15,0,0,7,212.250397,212.250397,0,2,0,0,0,0,0,0,0,0,0,0,1,20200813
154487422,"2,2,4,6,6-Pentamethyldecane",SCHEMBL22117524,C15H32,"InChI=1S/C15H32/c1-8-9-10-15(6,7)12-13(2)11-14(3,4)5/h13H,8-12H2,1-7H3",CCCCC(C)(C)CC(C)CC(C)(C)C,LWZCEIQPFZJXKX-UHFFFAOYSA-N,"2,2,4,6,6-pentamethyldecane",,Patents,,Google Patents|SureChEMBL,Curation Efforts|Research and Development,,212.41,0.0,159,7.2,15,0,0,7,212.250397,212.250397,0,1,0,1,0,1,0,0,0,0,4,2,1,20200814
155618228,"3,3,6-Triethyl-6-methyloctane",,C15H32,"InChI=1S/C15H32/c1-7-14(6,8-2)12-13-15(9-3,10-4)11-5/h7-13H2,1-6H3",CCC(C)(CC)CCC(CC)(CC)CC,CYVPQMISWKQOFX-UHFFFAOYSA-N,"3,3,6-triethyl-6-methyloctane",,Patents,,Google Patents|PATENTSCOPE (WIPO),Governmental Organizations|Research and Development,,212.41,0.0,141,7.5,15,0,0,8,212.250397,212.250397,0,1,0,0,0,0,0,0,0,0,0,0,1,20210221
155734047,"Ethane;1-ethyl-4,4-dimethyl-1-propylcyclohexane",,C15H32,"InChI=1S/C13H26.C2H6/c1-5-7-13(6-2)10-8-12(3,4)9-11-13;1-2/h5-11H2,1-4H3;1-2H3",CC.CCCC1(CCC(CC1)(C)C)CC,OGAPQVRHISORRF-UHFFFAOYSA-N,"ethane;1-ethyl-4,4-dimethyl-1-propylcyclohexane",,Patents,,PATENTSCOPE (WIPO),Governmental Organizations,,212.41,0.0,145,,15,0,0,3,212.250397,212.250397,0,2,0,0,0,0,0,0,0,0,0,0,1,20210221
156641302,Heptane;oct-1-ene,SCHEMBL17451122,C15H32,"InChI=1S/C8H16.C7H16/c1-3-5-7-8-6-4-2;1-3-5-7-6-4-2/h3H,1,4-8H2,2H3;3-7H2,1-2H3",CCCCCCC.CCCCCCC=C,JDYADTGHWTZPDE-UHFFFAOYSA-N,heptane;oct-1-ene,,Patents,,Google Patents|PATENTSCOPE (WIPO)|SureChEMBL,Curation Efforts|Governmental Organizations|Research and Development,,212.41,0.0,65,,15,0,0,9,212.250397,212.250397,0,2,0,0,0,0,0,0,0,0,16,12,1,20211109
156735823,"2,3,6,6,9-Pentamethyldecane",SCHEMBL4000489,C15H32,"InChI=1S/C15H32/c1-12(2)8-10-15(6,7)11-9-14(5)13(3)4/h12-14H,8-11H2,1-7H3",CC(C)CCC(C)(C)CCC(C)C(C)C,SEHSDMRGBLYMRV-UHFFFAOYSA-N,"2,3,6,6,9-pentamethyldecane",,Patents,,PATENTSCOPE (WIPO)|SureChEMBL,Curation Efforts|Governmental Organizations|Research and Development,,212.41,0.0,153,7.0,15,0,0,7,212.250397,212.250397,0,1,0,1,0,1,0,0,0,0,20,8,1,20211110
156797852,3-Methylpentane;1-methyl-1-propylcyclopentane,,C15H32,"InChI=1S/C9H18.C6H14/c1-3-6-9(2)7-4-5-8-9;1-4-6(3)5-2/h3-8H2,1-2H3;6H,4-5H2,1-3H3",CCCC1(CCCC1)C.CCC(C)CC,JFTWFATVWYXBSF-UHFFFAOYSA-N,3-methylpentane;1-methyl-1-propylcyclopentane,,Patents,,PATENTSCOPE (WIPO),Governmental Organizations,,212.41,0.0,97,,15,0,0,4,212.250397,212.250397,0,2,0,0,0,0,0,0,0,0,0,0,1,20211110
156797960,"(2Z,4Z)-4,5-dimethylhepta-2,4-diene;ethane;ethene",,C15H32,"InChI=1S/C9H16.2C2H6.C2H4/c1-5-7-9(4)8(3)6-2;3*1-2/h5,7H,6H2,1-4H3;2*1-2H3;1-2H2/b7-5-,9-8-;;;",CC.CC.CC/C(=C(/C)\C=C/C)/C.C=C,SPBTUSAVEYORDL-ZJGNSKDWSA-N,"(2Z,4Z)-4,5-dimethylhepta-2,4-diene;ethane;ethene",,Patents,,PATENTSCOPE (WIPO),Governmental Organizations,,212.41,0.0,127,,15,0,0,2,212.250397,212.250397,0,4,0,0,0,0,2,2,0,0,0,0,1,20211110
156808129,"Butane;3,3-dimethylnon-1-ene",,C15H32,"InChI=1S/C11H22.C4H10/c1-5-7-8-9-10-11(3,4)6-2;1-3-4-2/h6H,2,5,7-10H2,1,3-4H3;3-4H2,1-2H3",CCCC.CCCCCCC(C)(C)C=C,PDNINNGXRXECFI-UHFFFAOYSA-N,"butane;3,3-dimethylnon-1-ene",,Patents,,PATENTSCOPE (WIPO),Governmental Organizations,,212.41,0.0,103,,15,0,0,7,212.250397,212.250397,0,2,0,0,0,0,0,0,0,0,0,0,1,20211110
156843205,Ethane;4-methylideneheptane;pent-1-ene,,C15H32,"InChI=1S/C8H16.C5H10.C2H6/c1-4-6-8(3)7-5-2;1-3-5-4-2;1-2/h3-7H2,1-2H3;3H,1,4-5H2,2H3;1-2H3",CC.CCCC=C.CCCC(=C)CCC,JJACFZOEUOWETA-UHFFFAOYSA-N,ethane;4-methylideneheptane;pent-1-ene,,Patents,,PATENTSCOPE (WIPO),Governmental Organizations,,212.41,0.0,75,,15,0,0,6,212.250397,212.250397,0,3,0,0,0,0,0,0,0,0,0,0,1,20211110
157030518,Ethane;6-propan-2-ylspiro[2.5]octane,,C15H32,"InChI=1S/C11H20.2C2H6/c1-9(2)10-3-5-11(6-4-10)7-8-11;2*1-2/h9-10H,3-8H2,1-2H3;2*1-2H3",CC.CC.CC(C)C1CCC2(CC1)CC2,GORKGBBNVGSUFS-UHFFFAOYSA-N,ethane;6-propan-2-ylspiro[2.5]octane,,Patents,,PATENTSCOPE (WIPO),Governmental Organizations,,212.41,0.0,132,,15,0,0,1,212.250397,212.250397,0,3,0,0,0,0,0,0,0,0,0,0,1,20211130
157031260,Ethane;2-propan-2-ylspiro[3.4]octane,,C15H32,"InChI=1S/C11H20.2C2H6/c1-9(2)10-7-11(8-10)5-3-4-6-11;2*1-2/h9-10H,3-8H2,1-2H3;2*1-2H3",CC.CC.CC(C)C1CC2(C1)CCCC2,UFRVBMAFQDAULE-UHFFFAOYSA-N,ethane;2-propan-2-ylspiro[3.4]octane,,Patents,,PATENTSCOPE (WIPO),Governmental Organizations,,212.41,0.0,132,,15,0,0,1,212.250397,212.250397,0,3,0,0,0,0,0,0,0,0,0,0,1,20211130
157042968,"ethane;ethene;(3Z)-3-methylhexa-1,3,5-triene",,C15H32,"InChI=1S/C7H10.3C2H6.C2H4/c1-4-6-7(3)5-2;4*1-2/h4-6H,1-2H2,3H3;3*1-2H3;1-2H2/b7-6-;;;;",CC.CC.CC.C/C(=C/C=C)/C=C.C=C,CPRHAXJRFUUDCJ-VSJPESBJSA-N,"ethane;ethene;(3Z)-3-methylhexa-1,3,5-triene",,Patents,,PATENTSCOPE (WIPO),Governmental Organizations,,212.41,0.0,96,,15,0,0,2,212.250397,212.250397,0,5,0,0,0,0,1,1,0,0,0,0,1,20211130
157144112,"(Z)-4,4-dimethylpent-2-ene;(E)-4,4-dimethylpent-2-ene;methane",,C15H32,"InChI=1S/2C7H14.CH4/c2*1-5-6-7(2,3)4;/h2*5-6H,1-4H3;1H4/b6-5+;6-5-;",C.C/C=C/C(C)(C)C.C/C=C\C(C)(C)C,AKNBLQONNBIGEB-DXGIDXLHSA-N,"(Z)-4,4-dimethylpent-2-ene;(E)-4,4-dimethylpent-2-ene;methane",,Patents,,Google Patents,Research and Development,,212.41,0.0,62,,15,0,0,2,212.250397,212.250397,0,3,0,0,0,0,2,2,0,0,12,3,1,20211203
157148186,2-Methylhexane;2-methyl-4-methylidenehexane,,C15H32,"InChI=1S/C8H16.C7H16/c1-5-8(4)6-7(2)3;1-4-5-6-7(2)3/h7H,4-6H2,1-3H3;7H,4-6H2,1-3H3",CCCCC(C)C.CCC(=C)CC(C)C,AKYHDJCCTQEWKW-UHFFFAOYSA-N,2-methylhexane;2-methyl-4-methylidenehexane,,Patents,,Google Patents,Research and Development,,212.41,0.0,99,,15,0,0,6,212.250397,212.250397,0,2,0,0,0,0,0,0,0,0,1,1,1,20211203
157259405,2-Methylpent-2-ene;nonane,,C15H32,"InChI=1S/C9H20.C6H12/c1-3-5-7-9-8-6-4-2;1-4-5-6(2)3/h3-9H2,1-2H3;5H,4H2,1-3H3",CCCCCCCCC.CCC=C(C)C,AXGZCEVBQYWHKW-UHFFFAOYSA-N,2-methylpent-2-ene;nonane,,Patents,,Google Patents,Research and Development,,212.41,0.0,80,,15,0,0,7,212.250397,212.250397,0,2,0,0,0,0,0,0,0,0,3,1,1,20211203
157278962,"3,4,9-Trimethyldodecane",,C15H32,"InChI=1S/C15H32/c1-6-10-13(3)11-8-9-12-15(5)14(4)7-2/h13-15H,6-12H2,1-5H3",CCCC(C)CCCCC(C)C(C)CC,AZKYRZUHGUPRET-UHFFFAOYSA-N,"3,4,9-trimethyldodecane",,Patents,,Google Patents,Research and Development,,212.41,0.0,128,7.5,15,0,0,9,212.250397,212.250397,0,1,0,3,0,3,0,0,0,0,2,1,1,20211203
157407794,"Ethane;methane;1,2-xylene",,C15H32,"InChI=1S/C8H10.3C2H6.CH4/c1-7-5-3-4-6-8(7)2;3*1-2;/h3-6H,1-2H3;3*1-2H3;1H4",C.CC.CC.CC.CC1=CC=CC=C1C,BNXUIATTWQCQPZ-UHFFFAOYSA-N,"ethane;methane;1,2-xylene",,Patents,,Google Patents|PATENTSCOPE (WIPO),Governmental Organizations|Research and Development,,212.41,0.0,56,,15,0,0,0,212.250397,212.250397,0,5,0,0,0,0,0,0,0,0,1,1,1,20211203
157419159,"2,2,4,4,6,6,7-Heptamethyloctane",,C15H32,"InChI=1S/C15H32/c1-12(2)15(8,9)11-14(6,7)10-13(3,4)5/h12H,10-11H2,1-9H3",CC(C)C(C)(C)CC(C)(C)CC(C)(C)C,BPEXKROVRSJCLN-UHFFFAOYSA-N,"2,2,4,4,6,6,7-heptamethyloctane",,Patents,,Google Patents,Research and Development,,212.41,0.0,189,6.7,15,0,0,5,212.250397,212.250397,0,1,0,0,0,0,0,0,0,0,1,1,1,20211203
157463170,"1,3-Dimethyl-1-(tritiomethyl)cyclobutane;methane;1,1,3-trimethylcyclobutane",,C15H32,"InChI=1S/2C7H14.CH4/c2*1-6-4-7(2,3)5-6;/h2*6H,4-5H2,1-3H3;1H4/i2T;;",[3H]CC1(CC(C1)C)C.C.CC1CC(C1)(C)C,BUDXWBNNQQVCJN-FRYSIWKSSA-N,"1,3-dimethyl-1-(tritiomethyl)cyclobutane;methane;1,1,3-trimethylcyclobutane",,Patents,,Google Patents,Research and Development,,214.42,0.0,64,,15,0,0,0,214.258621,214.258621,0,3,1,0,0,0,0,0,0,0,2,1,1,20211203
157463333,"1,3-Di(propan-2-yl)cyclopentane;2-methylpropane",,C15H32,"InChI=1S/C11H22.C4H10/c1-8(2)10-5-6-11(7-10)9(3)4;1-4(2)3/h8-11H,5-7H2,1-4H3;4H,1-3H3",CC(C)C.CC(C)C1CCC(C1)C(C)C,BUELOTKZBDBOID-UHFFFAOYSA-N,"1,3-di(propan-2-yl)cyclopentane;2-methylpropane",,Patents,,Google Patents,Research and Development,,212.41,0.0,104,,15,0,0,2,212.250397,212.250397,0,2,0,2,0,2,0,0,0,0,2,1,1,20211203
157502505,"Bis(1,1-dimethylcyclobutane);propane",,C15H32,"InChI=1S/2C6H12.C3H8/c2*1-6(2)4-3-5-6;1-3-2/h2*3-5H2,1-2H3;3H2,1-2H3",CCC.CC1(CCC1)C.CC1(CCC1)C,BYOPSFHLFUHLAK-UHFFFAOYSA-N,"bis(1,1-dimethylcyclobutane);propane",,Patents,,Google Patents,Research and Development,,212.41,0.0,47,,15,0,0,0,212.250397,212.250397,0,3,0,0,0,0,0,0,0,0,2,1,1,20211203
157587616,"ethane;(1S,3R,4S,6R)-1,2,2,3,6-pentamethylbicyclo[2.2.0]hexane",,C15H32,"InChI=1S/C11H20.2C2H6/c1-7-6-9-8(2)10(3,4)11(7,9)5;2*1-2/h7-9H,6H2,1-5H3;2*1-2H3/t7-,8-,9+,11+;;/m1../s1",CC.CC.C[C@@H]1C[C@@H]2[C@]1(C([C@@H]2C)(C)C)C,CIFBVSMYNCXLIA-TUWSGFARSA-N,"ethane;(1S,3R,4S,6R)-1,2,2,3,6-pentamethylbicyclo[2.2.0]hexane",,Patents,,Google Patents,Research and Development,,212.41,0.0,192,,15,0,0,0,212.250397,212.250397,0,3,0,4,4,0,0,0,0,0,1,1,1,20211203
157637056,"cis-(1S,2R)-1,2-dimethylcyclohexane;3,3-dimethylpentane",,C15H32,"InChI=1S/C8H16.C7H16/c1-7-5-3-4-6-8(7)2;1-5-7(3,4)6-2/h7-8H,3-6H2,1-2H3;5-6H2,1-4H3/t7-,8+;",CCC(C)(C)CC.C[C@@H]1CCCC[C@@H]1C,CNXCEEUVCXBAEX-KVZVIFLMSA-N,"cis-(1S,2R)-1,2-dimethylcyclohexane;3,3-dimethylpentane",,Patents,,Google Patents,Research and Development,,212.41,0.0,94,,15,0,0,2,212.250397,212.250397,0,2,0,2,2,0,0,0,0,0,2,2,1,20211203
157665262,"ethane;trans-(1S,2S)-1,2-ditert-butylcyclopentane",,C15H32,"InChI=1S/C13H26.C2H6/c1-12(2,3)10-8-7-9-11(10)13(4,5)6;1-2/h10-11H,7-9H2,1-6H3;1-2H3/t10-,11-;/m0./s1",CC.CC(C)(C)[C@H]1CCC[C@@H]1C(C)(C)C,CRBUQSNAGOWDPM-ACMTZBLWSA-N,"ethane;trans-(1S,2S)-1,2-ditert-butylcyclopentane",,Patents,,Google Patents,Research and Development,,212.41,0.0,145,,15,0,0,2,212.250397,212.250397,0,2,0,2,2,0,0,0,0,0,2,1,1,20211203
157665263,"ethane;trans-(1R,2R)-1,2-ditert-butylcyclopentane",,C15H32,"InChI=1S/C13H26.C2H6/c1-12(2,3)10-8-7-9-11(10)13(4,5)6;1-2/h10-11H,7-9H2,1-6H3;1-2H3/t10-,11-;/m1./s1",CC.CC(C)(C)[C@@H]1CCC[C@H]1C(C)(C)C,CRBUQSNAGOWDPM-NDXYWBNTSA-N,"ethane;trans-(1R,2R)-1,2-ditert-butylcyclopentane",,Patents,,Google Patents,Research and Development,,212.41,0.0,145,,15,0,0,2,212.250397,212.250397,0,2,0,2,2,0,0,0,0,0,2,1,1,20211203
157665264,"1,2-Ditert-butylcyclopentane;ethane",,C15H32,"InChI=1S/C13H26.C2H6/c1-12(2,3)10-8-7-9-11(10)13(4,5)6;1-2/h10-11H,7-9H2,1-6H3;1-2H3",CC.CC(C)(C)C1CCCC1C(C)(C)C,CRBUQSNAGOWDPM-UHFFFAOYSA-N,"1,2-ditert-butylcyclopentane;ethane",,Patents,,Google Patents,Research and Development,,212.41,0.0,145,,15,0,0,2,212.250397,212.250397,0,2,0,2,0,2,0,0,0,0,14,4,1,20211203
157690130,Methane;tetradec-1-ene,SCHEMBL17707757|SCHEMBL29758263,C15H32,"InChI=1S/C14H28.CH4/c1-3-5-7-9-11-13-14-12-10-8-6-4-2;/h3H,1,4-14H2,2H3;1H4",C.CCCCCCCCCCCCC=C,GUMDLGOMJMDLCP-UHFFFAOYSA-N,methane;tetradec-1-ene,,Patents,,Google Patents|SureChEMBL,Curation Efforts|Research and Development,,212.41,0.0,105,,15,0,0,11,212.250397,212.250397,0,2,0,0,0,0,0,0,0,0,13,9,1,20211203
157701501,"1,3-Dimethylbicyclo[1.1.1]pentane;1,3-dimethylcyclobutane;methane",,C15H32,"InChI=1S/C7H12.C6H12.2CH4/c1-6-3-7(2,4-6)5-6;1-5-3-6(2)4-5;;/h3-5H2,1-2H3;5-6H,3-4H2,1-2H3;2*1H4",C.C.CC1CC(C1)C.CC12CC(C1)(C2)C,CVFHGPRIMWULRA-UHFFFAOYSA-N,"1,3-dimethylbicyclo[1.1.1]pentane;1,3-dimethylcyclobutane;methane",,Patents,,Google Patents,Research and Development,,212.41,0.0,105,,15,0,0,0,212.250397,212.250397,0,4,0,0,0,0,0,0,0,0,2,1,1,20211203
157819647,"3,7,8-Trimethyldodecane",,C15H32,"InChI=1S/C15H32/c1-6-8-11-14(4)15(5)12-9-10-13(3)7-2/h13-15H,6-12H2,1-5H3",CCCCC(C)C(C)CCCC(C)CC,DIUSARUTKXCVSN-UHFFFAOYSA-N,"3,7,8-trimethyldodecane",,Patents,,Google Patents,Research and Development,,212.41,0.0,128,7.5,15,0,0,9,212.250397,212.250397,0,1,0,3,0,3,0,0,0,0,2,1,1,20211203
157847518,Propane;tetrakis(prop-1-ene),SCHEMBL27863395,C15H32,"InChI=1S/C3H8.4C3H6/c5*1-3-2/h3H2,1-2H3;4*3H,1H2,2H3",CCC.CC=C.CC=C.CC=C.CC=C,DMAUVQUXOALHPW-UHFFFAOYSA-N,propane;tetrakis(prop-1-ene),,Patents,,Google Patents|SureChEMBL,Curation Efforts|Research and Development,,212.41,0.0,7,,15,0,0,0,212.250397,212.250397,0,5,0,0,0,0,0,0,0,0,4,4,1,20211203
157879725,Ethylcyclobutane;ethylcyclohexane;methane,,C15H32,"InChI=1S/C8H16.C6H12.CH4/c1-2-8-6-4-3-5-7-8;1-2-6-4-3-5-6;/h8H,2-7H2,1H3;6H,2-5H2,1H3;1H4",C.CCC1CCCCC1.CCC1CCC1,DPSOVDHZSJHGQK-UHFFFAOYSA-N,ethylcyclobutane;ethylcyclohexane;methane,,Patents,,Google Patents,Research and Development,,212.41,0.0,86,,15,0,0,2,212.250397,212.250397,0,3,0,0,0,0,0,0,0,0,3,1,1,20211203
157881095,"2,3-Dimethylbut-2-ene;2,2,4,4-tetramethylpentane",,C15H32,"InChI=1S/C9H20.C6H12/c1-8(2,3)7-9(4,5)6;1-5(2)6(3)4/h7H2,1-6H3;1-4H3",CC(=C(C)C)C.CC(C)(C)CC(C)(C)C,DPWSLIUBUCIXJX-UHFFFAOYSA-N,"2,3-dimethylbut-2-ene;2,2,4,4-tetramethylpentane",,Patents,,Google Patents,Research and Development,,212.41,0.0,115,,15,0,0,2,212.250397,212.250397,0,2,0,0,0,0,0,0,0,0,2,1,1,20211203
158001882,Benzene;cyclohexane;methane;molecular hydrogen,,C15H32,InChI=1S/C6H12.C6H6.3CH4.H2/c2*1-2-4-6-5-3-1;;;;/h1-6H2;1-6H;3*1H4;1H,[HH].C.C.C.C1CCCCC1.C1=CC=CC=C1,FDVHIXLIAFSVGE-UHFFFAOYSA-N,benzene;cyclohexane;methane;molecular hydrogen,,Patents,,Google Patents,Research and Development,,212.41,0.0,31,,15,0,0,0,212.250397,212.250397,0,6,0,0,0,0,0,0,0,0,1,1,1,20211203
158011624,2-Methylpropane;undec-1-ene,,C15H32,"InChI=1S/C11H22.C4H10/c1-3-5-7-9-11-10-8-6-4-2;1-4(2)3/h3H,1,4-11H2,2H3;4H,1-3H3",CCCCCCCCCC=C.CC(C)C,FEYLTHTVKLJJHK-UHFFFAOYSA-N,2-methylpropane;undec-1-ene,,Patents,,Google Patents,Research and Development,,212.41,0.0,78,,15,0,0,8,212.250397,212.250397,0,2,0,0,0,0,0,0,0,0,2,1,1,20211203
158025582,Butan-2-ylbenzene;ethane;methane,,C15H32,"InChI=1S/C10H14.C2H6.3CH4/c1-3-9(2)10-7-5-4-6-8-10;1-2;;;/h4-9H,3H2,1-2H3;1-2H3;3*1H4",C.C.C.CC.CCC(C)C1=CC=CC=C1,FGOLGHSMHSXXND-UHFFFAOYSA-N,butan-2-ylbenzene;ethane;methane,,Patents,,Google Patents,Research and Development,,212.41,0.0,80,,15,0,0,2,212.250397,212.250397,0,5,0,1,0,1,0,0,0,0,1,1,1,20211203
158026076,"5-Deuterio-4,6-dipropylnonane",,C15H32,"InChI=1S/C15H32/c1-5-9-14(10-6-2)13-15(11-7-3)12-8-4/h14-15H,5-13H2,1-4H3/i13D",[2H]C(C(CCC)CCC)C(CCC)CCC,FGPTZISWCYETRU-YSOHJTORSA-N,"5-deuterio-4,6-dipropylnonane",,Patents,,Google Patents,Research and Development,,213.42,0.0,91,7.8,15,0,0,10,213.256683,213.256683,0,1,1,0,0,0,0,0,0,0,4,3,1,20211203
158099366,Cyclobutane;propane,,C15H32,"InChI=1S/3C4H8.C3H8/c3*1-2-4-3-1;1-3-2/h3*1-4H2;3H2,1-2H3",CCC.C1CCC1.C1CCC1.C1CCC1,FPBLEOMPEXQTJW-UHFFFAOYSA-N,cyclobutane;propane,,Patents,,Google Patents,Research and Development,,212.41,0.0,8,,15,0,0,0,212.250397,212.250397,0,4,0,0,0,0,0,0,0,0,1,1,1,20211203
158163453,"(E)-2,5-dimethylhex-3-ene;2,4-dimethylpentane",,C15H32,"InChI=1S/C8H16.C7H16/c1-7(2)5-6-8(3)4;1-6(2)5-7(3)4/h5-8H,1-4H3;6-7H,5H2,1-4H3/b6-5+;",CC(C)CC(C)C.CC(C)/C=C/C(C)C,FWNZGIMFRZJTAG-IPZCTEOASA-N,"(E)-2,5-dimethylhex-3-ene;2,4-dimethylpentane",,Patents,,Google Patents,Research and Development,,212.41,0.0,87,,15,0,0,4,212.250397,212.250397,0,2,0,0,0,0,1,1,0,0,3,3,1,20211203
158191795,"3-Tert-butyl-2,2,3-trimethyl-4-methylidenehexane;methane",,C15H32,"InChI=1S/C14H28.CH4/c1-10-11(2)14(9,12(3,4)5)13(6,7)8;/h2,10H2,1,3-9H3;1H4",C.CCC(=C)C(C)(C(C)(C)C)C(C)(C)C,FZVRGXHUAVKFGO-UHFFFAOYSA-N,"3-tert-butyl-2,2,3-trimethyl-4-methylidenehexane;methane",,Patents,,Google Patents,Research and Development,,212.41,0.0,193,,15,0,0,4,212.250397,212.250397,0,2,0,0,0,0,0,0,0,0,1,1,1,20211203
158299490,Hept-1-ene;octane,,C15H32,"InChI=1S/C8H18.C7H14/c1-3-5-7-8-6-4-2;1-3-5-7-6-4-2/h3-8H2,1-2H3;3H,1,4-7H2,2H3",CCCCCCCC.CCCCCC=C,GMIDAOBWHJRJAD-UHFFFAOYSA-N,hept-1-ene;octane,,Patents,,Google Patents,Research and Development,,212.41,0.0,62,,15,0,0,9,212.250397,212.250397,0,2,0,0,0,0,0,0,0,0,13,7,1,20211203
158345958,"Methane;2,6,9,9-tetramethyldec-2-ene",,C15H32,"InChI=1S/C14H28.CH4/c1-12(2)8-7-9-13(3)10-11-14(4,5)6;/h8,13H,7,9-11H2,1-6H3;1H4",C.CC(CCC=C(C)C)CCC(C)(C)C,GRSUKABRMKVZTO-UHFFFAOYSA-N,"methane;2,6,9,9-tetramethyldec-2-ene",,Patents,,Google Patents,Research and Development,,212.41,0.0,165,,15,0,0,6,212.250397,212.250397,0,2,0,1,0,1,0,0,0,0,2,1,1,20211203
158456080,"Ethane;1-propan-2-yl-1,2,3,3a,4,5,6,6a-octahydropentalene",,C15H32,"InChI=1S/C11H20.2C2H6/c1-8(2)10-7-6-9-4-3-5-11(9)10;2*1-2/h8-11H,3-7H2,1-2H3;2*1-2H3",CC.CC.CC(C)C1CCC2C1CCC2,HEOWMBYVVIRDNY-UHFFFAOYSA-N,"ethane;1-propan-2-yl-1,2,3,3a,4,5,6,6a-octahydropentalene",,Patents,,Google Patents,Research and Development,,212.41,0.0,137,,15,0,0,1,212.250397,212.250397,0,3,0,3,0,3,0,0,0,0,2,1,1,20211203
158514120,(Z)-but-2-ene;methane;toluene,,C15H32,"InChI=1S/C7H8.C4H8.4CH4/c1-7-5-3-2-4-6-7;1-3-4-2;;;;/h2-6H,1H3;3-4H,1-2H3;4*1H4/b;4-3-;;;;",C.C.C.C.C/C=C\C.CC1=CC=CC=C1,HLKOCZJAMPUISD-BQRHYOBJSA-N,(Z)-but-2-ene;methane;toluene,,Patents,,Google Patents,Research and Development,,212.41,0.0,57,,15,0,0,0,212.250397,212.250397,0,6,0,0,0,0,1,1,0,0,1,1,1,20211203
158536111,"1,4-Dibutylcyclohexane;methane",,C15H32,"InChI=1S/C14H28.CH4/c1-3-5-7-13-9-11-14(12-10-13)8-6-4-2;/h13-14H,3-12H2,1-2H3;1H4",C.CCCCC1CCC(CC1)CCCC,HNYQHFMNISKXMV-UHFFFAOYSA-N,"1,4-dibutylcyclohexane;methane",,Patents,,Google Patents,Research and Development,,212.41,0.0,104,,15,0,0,6,212.250397,212.250397,0,2,0,0,0,0,0,0,0,0,1,1,1,20211203
158626801,"2,2,5,7,9-Pentamethyldecane",,C15H32,"InChI=1S/C15H32/c1-12(2)10-14(4)11-13(3)8-9-15(5,6)7/h12-14H,8-11H2,1-7H3",CC(C)CC(C)CC(C)CCC(C)(C)C,HYRRIPQXWJUVCP-UHFFFAOYSA-N,"2,2,5,7,9-pentamethyldecane",,Patents,,Google Patents,Research and Development,,212.41,0.0,150,7.0,15,0,0,7,212.250397,212.250397,0,1,0,2,0,2,0,0,0,0,3,2,1,20211203
158704799,"6,6-Dimethyloct-3-ene;2,2-dimethylpropane",,C15H32,"InChI=1S/C10H20.C5H12/c1-5-7-8-9-10(3,4)6-2;1-5(2,3)4/h7-8H,5-6,9H2,1-4H3;1-4H3",CCC=CCC(C)(C)CC.CC(C)(C)C,IHZDRGZWVRCLHT-UHFFFAOYSA-N,"6,6-dimethyloct-3-ene;2,2-dimethylpropane",,Patents,,Google Patents,Research and Development,,212.41,0.0,114,,15,0,0,4,212.250397,212.250397,0,2,0,0,0,0,1,0,1,0,2,1,1,20211203
158766448,Ethene;2-methylpropane;propane,,C15H32,"InChI=1S/C4H10.C3H6.4C2H4/c1-4(2)3;1-3-2;4*1-2/h4H,1-3H3;1-3H2;4*1-2H2",CC(C)C.[CH2-]C[CH2+].C=C.C=C.C=C.C=C,IPHYYCOPRWDPNN-UHFFFAOYSA-N,ethene;2-methylpropane;propane,,Patents,,Google Patents,Research and Development,,212.41,0.0,4,,15,0,1,0,212.250397,212.250397,0,6,0,0,0,0,0,0,0,0,1,1,1,20211203
158772657,"ethane;(1S,2R,3S,5S)-2,3,6,6-tetramethylbicyclo[3.1.1]heptane",,C15H32,"InChI=1S/C11H20.2C2H6/c1-7-5-9-6-10(8(7)2)11(9,3)4;2*1-2/h7-10H,5-6H2,1-4H3;2*1-2H3/t7-,8+,9-,10-;;/m0../s1",CC.CC.C[C@H]1C[C@H]2C[C@@H]([C@@H]1C)C2(C)C,IQBKRHHMVJQEJY-YSEIKAKISA-N,"ethane;(1S,2R,3S,5S)-2,3,6,6-tetramethylbicyclo[3.1.1]heptane",,Patents,,Google Patents,Research and Development,,212.41,0.0,169,,15,0,0,0,212.250397,212.250397,0,3,0,4,4,0,0,0,0,0,2,1,1,20211203
158775440,"1,1-Ditert-butyl-3-methylcyclobutane;ethane",,C15H32,"InChI=1S/C13H26.C2H6/c1-10-8-13(9-10,11(2,3)4)12(5,6)7;1-2/h10H,8-9H2,1-7H3;1-2H3",CC.CC1CC(C1)(C(C)(C)C)C(C)(C)C,IQKMEKPOCQZNCT-UHFFFAOYSA-N,"1,1-ditert-butyl-3-methylcyclobutane;ethane",,Patents,,Google Patents,Research and Development,,212.41,0.0,165,,15,0,0,2,212.250397,212.250397,0,2,0,0,0,0,0,0,0,0,2,1,1,20211203
158850851,Cyclopentane;decane,SCHEMBL8996518|SCHEMBL28103662,C15H32,"InChI=1S/C10H22.C5H10/c1-3-5-7-9-10-8-6-4-2;1-2-4-5-3-1/h3-10H2,1-2H3;1-5H2",CCCCCCCCCC.C1CCCC1,IZKVLHWJERVMFO-UHFFFAOYSA-N,cyclopentane;decane,,Patents,,Google Patents|SureChEMBL,Curation Efforts|Research and Development,,212.41,0.0,51,,15,0,0,7,212.250397,212.250397,0,2,0,0,0,0,0,0,0,0,25,21,1,20211203
158867610,"1-Ethyl-1,3,3,5-tetramethylcyclohexane;propane",,C15H32,"InChI=1S/C12H24.C3H8/c1-6-12(5)8-10(2)7-11(3,4)9-12;1-3-2/h10H,6-9H2,1-5H3;3H2,1-2H3",CCC.CCC1(CC(CC(C1)(C)C)C)C,JBLASWVSEQKNFK-UHFFFAOYSA-N,"1-ethyl-1,3,3,5-tetramethylcyclohexane;propane",,Patents,,Google Patents,Research and Development,,212.41,0.0,157,,15,0,0,1,212.250397,212.250397,0,2,0,2,0,2,0,0,0,0,1,1,1,20211203
158966264,"Ethene;hepta-1,6-diene;methane",,C15H32,"InChI=1S/C7H12.3C2H4.2CH4/c1-3-5-7-6-4-2;3*1-2;;/h3-4H,1-2,5-7H2;3*1-2H2;2*1H4",C.C.C=C.C=C.C=C.C=CCCCC=C,JNFYHBRHXZYMFD-UHFFFAOYSA-N,"ethene;hepta-1,6-diene;methane",,Patents,,Google Patents,Research and Development,,212.41,0.0,45,,15,0,0,4,212.250397,212.250397,0,6,0,0,0,0,0,0,0,0,1,1,1,20211203
158994073,"1-Methyl-1-propan-2-ylcyclobutane;2,2,3-trimethylbutane",,C15H32,"InChI=1S/C8H16.C7H16/c1-7(2)8(3)5-4-6-8;1-6(2)7(3,4)5/h7H,4-6H2,1-3H3;6H,1-5H3",CC(C)C1(CCC1)C.CC(C)C(C)(C)C,JQNDGGHCIZHYIJ-UHFFFAOYSA-N,"1-methyl-1-propan-2-ylcyclobutane;2,2,3-trimethylbutane",,Patents,,Google Patents,Research and Development,,212.41,0.0,124,,15,0,0,2,212.250397,212.250397,0,2,0,0,0,0,0,0,0,0,3,1,1,20211203
159058331,Decane;pent-1-ene,,C15H32,"InChI=1S/C10H22.C5H10/c1-3-5-7-9-10-8-6-4-2;1-3-5-4-2/h3-10H2,1-2H3;3H,1,4-5H2,2H3",CCCCCCCCCC.CCCC=C,JYDJORPVCNGOGY-UHFFFAOYSA-N,decane;pent-1-ene,,Patents,,Google Patents,Research and Development,,212.41,0.0,61,,15,0,0,9,212.250397,212.250397,0,2,0,0,0,0,0,0,0,0,11,10,1,20211203
159156298,1-Methyl-4-[(4-methylcyclohexyl)methyl]cyclohexane;molecular hydrogen,,C15H32,"InChI=1S/C15H28.2H2/c1-12-3-7-14(8-4-12)11-15-9-5-13(2)6-10-15;;/h12-15H,3-11H2,1-2H3;2*1H",[HH].[HH].CC1CCC(CC1)CC2CCC(CC2)C,KJXXHBQGEBIKCV-UHFFFAOYSA-N,1-methyl-4-[(4-methylcyclohexyl)methyl]cyclohexane;molecular hydrogen,,Patents,,Google Patents,Research and Development,,212.41,0.0,148,,15,0,0,2,212.250397,212.250397,0,3,0,0,0,0,0,0,0,0,11,8,1,20211203
159156656,Adamantane;methane;propane,,C15H32,"InChI=1S/C10H16.C3H8.2CH4/c1-7-2-9-4-8(1)5-10(3-7)6-9;1-3-2;;/h7-10H,1-6H2;3H2,1-2H3;2*1H4",C.C.CCC.C1C2CC3CC1CC(C2)C3,KJZAGCNVNUDNKW-UHFFFAOYSA-N,adamantane;methane;propane,,Patents,,Google Patents,Research and Development,,212.41,0.0,75,,15,0,0,0,212.250397,212.250397,0,4,0,0,0,0,0,0,0,0,1,1,1,20211203
159187572,"2,2-Dimethylundecane;ethene",,C15H32,"InChI=1S/C13H28.C2H4/c1-5-6-7-8-9-10-11-12-13(2,3)4;1-2/h5-12H2,1-4H3;1-2H2",CCCCCCCCCC(C)(C)C.C=C,KNRKLOGFJUUBMJ-UHFFFAOYSA-N,"2,2-dimethylundecane;ethene",,Patents,,Google Patents,Research and Development,,212.41,0.0,97,,15,0,0,8,212.250397,212.250397,0,2,0,0,0,0,0,0,0,0,20,16,1,20211203
159191448,Benzene;ethane;methane;propane,,C15H32,"InChI=1S/C6H6.2C3H8.C2H6.CH4/c1-2-4-6-5-3-1;2*1-3-2;1-2;/h1-6H;2*3H2,1-2H3;1-2H3;1H4",C.CC.CCC.CCC.C1=CC=CC=C1,KODFCCZJKCHBKJ-UHFFFAOYSA-N,benzene;ethane;methane;propane,,Patents,,Google Patents,Research and Development,,212.41,0.0,15,,15,0,0,0,212.250397,212.250397,0,5,0,0,0,0,0,0,0,0,1,1,1,20211203
159200423,2-Ethyl-1-methyl-4-propylcyclohexane;propane,,C15H32,"InChI=1S/C12H24.C3H8/c1-4-6-11-8-7-10(3)12(5-2)9-11;1-3-2/h10-12H,4-9H2,1-3H3;3H2,1-2H3",CCC.CCCC1CCC(C(C1)CC)C,KPFDBZBIFHKQHD-UHFFFAOYSA-N,2-ethyl-1-methyl-4-propylcyclohexane;propane,,Patents,,Google Patents,Research and Development,,212.41,0.0,117,,15,0,0,3,212.250397,212.250397,0,2,0,3,0,3,0,0,0,0,1,1,1,20211203
159250586,"(5S)-5-ethyl-2,2-dimethylundecane",,C15H32,"InChI=1S/C15H32/c1-6-8-9-10-11-14(7-2)12-13-15(3,4)5/h14H,6-13H2,1-5H3/t14-/m0/s1",CCCCCC[C@H](CC)CCC(C)(C)C,KVGALVOEPJBSPG-AWEZNQCLSA-N,"(5S)-5-ethyl-2,2-dimethylundecane",,Patents,,Google Patents,Research and Development,,212.41,0.0,129,7.6,15,0,0,9,212.250397,212.250397,0,1,0,1,1,0,0,0,0,0,1,1,1,20211203
159269970,"methane;(E)-2,2,9,9-tetramethyldec-4-ene",,C15H32,"InChI=1S/C14H28.CH4/c1-13(2,3)11-9-7-8-10-12-14(4,5)6;/h7,9H,8,10-12H2,1-6H3;1H4/b9-7+;",C.CC(C)(C)CCC/C=C/CC(C)(C)C,KXOUMVFSBIXUBJ-BXTVWIJMSA-N,"methane;(E)-2,2,9,9-tetramethyldec-4-ene",,Patents,,Google Patents,Research and Development,,212.41,0.0,161,,15,0,0,6,212.250397,212.250397,0,2,0,0,0,0,1,1,0,0,2,1,1,20211203
159280520,Benzene;butane;ethane;methane,,C15H32,"InChI=1S/C6H6.C4H10.2C2H6.CH4/c1-2-4-6-5-3-1;1-3-4-2;2*1-2;/h1-6H;3-4H2,1-2H3;2*1-2H3;1H4",C.CC.CC.CCCC.C1=CC=CC=C1,KYVWQVNZOAXEQD-UHFFFAOYSA-N,benzene;butane;ethane;methane,,Patents,,Google Patents,Research and Development,,212.41,0.0,17,,15,0,0,1,212.250397,212.250397,0,5,0,0,0,0,0,0,0,0,9,6,1,20211203
159331352,"Methylcyclohexane;2,2,4-trimethylpentane",,C15H32,"InChI=1S/C8H18.C7H14/c1-7(2)6-8(3,4)5;1-7-5-3-2-4-6-7/h7H,6H2,1-5H3;7H,2-6H2,1H3",CC1CCCCC1.CC(C)CC(C)(C)C,LEZWHOFJOMADHW-UHFFFAOYSA-N,"methylcyclohexane;2,2,4-trimethylpentane",,Patents,,Google Patents,Research and Development,,212.41,0.0,96,,15,0,0,2,212.250397,212.250397,0,2,0,0,0,0,0,0,0,0,6,6,1,20211203
159335422,2-Methyl-8-propan-2-ylundecane,,C15H32,"InChI=1S/C15H32/c1-6-10-15(14(4)5)12-9-7-8-11-13(2)3/h13-15H,6-12H2,1-5H3",CCCC(CCCCCC(C)C)C(C)C,WMEDBUALQJLXCR-UHFFFAOYSA-N,2-methyl-8-propan-2-ylundecane,,Patents,,Google Patents,Research and Development,,212.41,0.0,124,7.5,15,0,0,9,212.250397,212.250397,0,1,0,1,0,1,0,0,0,0,2,1,1,20211203
159359133,"Propan-2-ylcyclobutane;2,2,4-trimethylpentane",,C15H32,"InChI=1S/C8H18.C7H14/c1-7(2)6-8(3,4)5;1-6(2)7-4-3-5-7/h7H,6H2,1-5H3;6-7H,3-5H2,1-2H3",CC(C)CC(C)(C)C.CC(C)C1CCC1,LIHRJJAZONVHOG-UHFFFAOYSA-N,"propan-2-ylcyclobutane;2,2,4-trimethylpentane",,Patents,,Google Patents,Research and Development,,212.41,0.0,106,,15,0,0,3,212.250397,212.250397,0,2,0,0,0,0,0,0,0,0,1,1,1,20211203
159479654,"Cyclohexene;2,2-dimethylpropane;2-methylpropane",,C15H32,"InChI=1S/C6H10.C5H12.C4H10/c1-2-4-6-5-3-1;1-5(2,3)4;1-4(2)3/h1-2H,3-6H2;1-4H3;4H,1-3H3",CC(C)C.CC(C)(C)C.C1CCC=CC1,LWVLKDLRXQDORQ-UHFFFAOYSA-N,"cyclohexene;2,2-dimethylpropane;2-methylpropane",,Patents,,Google Patents,Research and Development,,212.41,0.0,65,,15,0,0,0,212.250397,212.250397,0,3,0,0,0,0,0,0,0,0,2,1,1,20211203
159572654,"2,2-Dimethylbutane;tris(prop-1-ene)",SCHEMBL27564665,C15H32,"InChI=1S/C6H14.3C3H6/c1-5-6(2,3)4;3*1-3-2/h5H2,1-4H3;3*3H,1H2,2H3",CCC(C)(C)C.CC=C.CC=C.CC=C,MIAANJJEJDUQTN-UHFFFAOYSA-N,"2,2-dimethylbutane;tris(prop-1-ene)",,Patents,,Google Patents|SureChEMBL,Curation Efforts|Research and Development,,212.41,0.0,37,,15,0,0,1,212.250397,212.250397,0,4,0,0,0,0,0,0,0,0,7,4,1,20211203
159648803,"Bis(1,2-dimethylcyclopentane);methane",,C15H32,"InChI=1S/2C7H14.CH4/c2*1-6-4-3-5-7(6)2;/h2*6-7H,3-5H2,1-2H3;1H4",C.CC1CCCC1C.CC1CCCC1C,MRHNQQLNJZXWDY-UHFFFAOYSA-N,"bis(1,2-dimethylcyclopentane);methane",,Patents,,Google Patents,Research and Development,,212.41,0.0,49,,15,0,0,0,212.250397,212.250397,0,3,0,4,0,4,0,0,0,0,1,1,1,20211203
159650757,"Deuterium monohydride;ethane;2-methylpropane;2-methyl-3-propan-2-ylcyclopenta-1,3-diene",,C15H32,"InChI=1S/C9H14.C4H10.C2H6.H2/c1-7(2)9-6-4-5-8(9)3;1-4(2)3;1-2;/h5-7H,4H2,1-3H3;4H,1-3H3;1-2H3;1H/i;;;1+1",[2HH].CC.CC1=CCC=C1C(C)C.CC(C)C,MRNQKOBPOCXEJK-SGNQUONSSA-N,"deuterium monohydride;ethane;2-methylpropane;2-methyl-3-propan-2-ylcyclopenta-1,3-diene",,Patents,,Google Patents,Research and Development,,213.42,0.0,164,,15,0,0,1,213.256683,213.256683,0,4,1,0,0,0,0,0,0,0,1,1,1,20211203
159782565,Butane;ethane;methane;toluene,,C15H32,"InChI=1S/C7H8.C4H10.C2H6.2CH4/c1-7-5-3-2-4-6-7;1-3-4-2;1-2;;/h2-6H,1H3;3-4H2,1-2H3;1-2H3;2*1H4",C.C.CC.CCCC.CC1=CC=CC=C1,NHNRNHGWOHSQDV-UHFFFAOYSA-N,butane;ethane;methane;toluene,,Patents,,Google Patents,Research and Development,,212.41,0.0,44,,15,0,0,1,212.250397,212.250397,0,5,0,0,0,0,0,0,0,0,1,1,1,20211203
159942667,2-Methylbut-1-ene;pentane;pent-2-ene,,C15H32,"InChI=1S/C5H10.C5H12.C5H10/c1-4-5(2)3;2*1-3-5-4-2/h2,4H2,1,3H3;3-5H2,1-2H3;3,5H,4H2,1-2H3",CCCCC.CCC=CC.CCC(=C)C,OBBSJVMJNVEMBO-UHFFFAOYSA-N,2-methylbut-1-ene;pentane;pent-2-ene,,Patents,,Google Patents,Research and Development,,212.41,0.0,69,,15,0,0,4,212.250397,212.250397,0,3,0,0,0,0,1,0,1,0,1,1,1,20211203
160010864,Pentane;pent-1-ene;pent-2-ene,,C15H32,"InChI=1S/C5H12.2C5H10/c3*1-3-5-4-2/h3-5H2,1-2H3;3,5H,4H2,1-2H3;3H,1,4-5H2,2H3",CCCCC.CCCC=C.CCC=CC,OJJLMUNJEYISIB-UHFFFAOYSA-N,pentane;pent-1-ene;pent-2-ene,,Patents,,Google Patents,Research and Development,,212.41,0.0,55,,15,0,0,5,212.250397,212.250397,0,3,0,0,0,0,1,0,1,0,2,1,1,20211203
160020516,methane;(Z)-3-methylhex-3-ene;(E)-3-methylhex-3-ene,,C15H32,"InChI=1S/2C7H14.CH4/c2*1-4-6-7(3)5-2;/h2*6H,4-5H2,1-3H3;1H4/b7-6+;7-6-;",C.CC/C=C(\C)/CC.CC/C=C(/C)\CC,OKOCAGDOMXGHOK-RWANGNOISA-N,methane;(Z)-3-methylhex-3-ene;(E)-3-methylhex-3-ene,,Patents,,Google Patents,Research and Development,,212.41,0.0,60,,15,0,0,4,212.250397,212.250397,0,3,0,0,0,0,2,2,0,0,1,1,1,20211203
160090802,"2,5-Dimethyl-3,4-di(propan-2-yl)hex-3-ene;methane",,C15H32,"InChI=1S/C14H28.CH4/c1-9(2)13(10(3)4)14(11(5)6)12(7)8;/h9-12H,1-8H3;1H4",C.CC(C)C(=C(C(C)C)C(C)C)C(C)C,OTDFYUAUTDQBKX-UHFFFAOYSA-N,"2,5-dimethyl-3,4-di(propan-2-yl)hex-3-ene;methane",,Patents,,Google Patents,Research and Development,,212.41,0.0,150,,15,0,0,4,212.250397,212.250397,0,2,0,0,0,0,0,0,0,0,2,1,1,20211203
160101713,"3,5-Dimethylheptane;3-methylpent-1-ene",,C15H32,"InChI=1S/C9H20.C6H12/c1-5-8(3)7-9(4)6-2;1-4-6(3)5-2/h8-9H,5-7H2,1-4H3;4,6H,1,5H2,2-3H3",CCC(C)CC(C)CC.CCC(C)C=C,OUMDZCBYMKBRAU-UHFFFAOYSA-N,"3,5-dimethylheptane;3-methylpent-1-ene",,Patents,,Google Patents,Research and Development,,212.41,0.0,86,,15,0,0,6,212.250397,212.250397,0,2,0,3,0,3,0,0,0,0,2,1,1,20211203
160122390,Cyclobutane;ethane;1-ethyl-4-methylcyclohexane,,C15H32,"InChI=1S/C9H18.C4H8.C2H6/c1-3-9-6-4-8(2)5-7-9;1-2-4-3-1;1-2/h8-9H,3-7H2,1-2H3;1-4H2;1-2H3",CC.CCC1CCC(CC1)C.C1CCC1,OWZVUWMOVKOGCG-UHFFFAOYSA-N,cyclobutane;ethane;1-ethyl-4-methylcyclohexane,,Patents,,Google Patents,Research and Development,,212.41,0.0,76,,15,0,0,1,212.250397,212.250397,0,3,0,0,0,0,0,0,0,0,1,1,1,20211203
160251692,"1,2-Dimethylcyclopropane;ethylcyclopropane;methane;methylcyclopropane",,C15H32,"InChI=1S/2C5H10.C4H8.CH4/c1-4-3-5(4)2;1-2-5-3-4-5;1-4-2-3-4;/h4-5H,3H2,1-2H3;5H,2-4H2,1H3;4H,2-3H2,1H3;1H4",C.CCC1CC1.CC1CC1.CC1CC1C,PMYBMKMIGGRAMA-UHFFFAOYSA-N,"1,2-dimethylcyclopropane;ethylcyclopropane;methane;methylcyclopropane",,Patents,,Google Patents,Research and Development,,212.41,0.0,79,,15,0,0,1,212.250397,212.250397,0,4,0,2,0,2,0,0,0,0,2,1,1,20211203
160292819,Cyclohexane;nonane,SCHEMBL10945513|SCHEMBL28290807,C15H32,"InChI=1S/C9H20.C6H12/c1-3-5-7-9-8-6-4-2;1-2-4-6-5-3-1/h3-9H2,1-2H3;1-6H2",CCCCCCCCC.C1CCCCC1,PSBBBGFHJKCTPS-UHFFFAOYSA-N,cyclohexane;nonane,,Patents,,Google Patents|SureChEMBL,Curation Efforts|Research and Development,,212.41,0.0,48,,15,0,0,6,212.250397,212.250397,0,2,0,0,0,0,0,0,0,0,11,7,1,20211203
160314855,"1,2-Dibutylcyclohexane;methane",,C15H32,"InChI=1S/C14H28.CH4/c1-3-5-9-13-11-7-8-12-14(13)10-6-4-2;/h13-14H,3-12H2,1-2H3;1H4",C.CCCCC1CCCCC1CCCC,PUSQXWYHYQGRJD-UHFFFAOYSA-N,"1,2-dibutylcyclohexane;methane",,Patents,,Google Patents,Research and Development,,212.41,0.0,112,,15,0,0,6,212.250397,212.250397,0,2,0,2,0,2,0,0,0,0,1,1,1,20211203
160349780,"Methane;1,2,6,7-tetramethylcyclodecane",,C15H32,"InChI=1S/C14H28.CH4/c1-11-7-5-9-13(3)14(4)10-6-8-12(11)2;/h11-14H,5-10H2,1-4H3;1H4",C.CC1CCCC(C(CCCC1C)C)C,PZAWEBBHAKBKIE-UHFFFAOYSA-N,"methane;1,2,6,7-tetramethylcyclodecane",,Patents,,Google Patents,Research and Development,,212.41,0.0,116,,15,0,0,0,212.250397,212.250397,0,2,0,4,0,4,0,0,0,0,2,1,1,20211203
160365219,"Ethane;methane;tricyclo[5.2.1.02,6]decane",,C15H32,"InChI=1S/C10H16.2C2H6.CH4/c1-2-9-7-4-5-8(6-7)10(9)3-1;2*1-2;/h7-10H,1-6H2;2*1-2H3;1H4",C.CC.CC.C1CC2C3CCC(C3)C2C1,QAXTWGFYWOZKNZ-UHFFFAOYSA-N,"ethane;methane;tricyclo[5.2.1.02,6]decane",,Patents,,Google Patents,Research and Development,,212.41,0.0,134,,15,0,0,0,212.250397,212.250397,0,4,0,4,0,4,0,0,0,0,4,2,1,20211203
160482221,"Butane;but-2-yne;2,3-dimethylbut-2-ene;methane",,C15H32,"InChI=1S/C6H12.C4H10.C4H6.CH4/c1-5(2)6(3)4;2*1-3-4-2;/h1-4H3;3-4H2,1-2H3;1-2H3;1H4",C.CCCC.CC#CC.CC(=C(C)C)C,QPLHFCOFDXLJGF-UHFFFAOYSA-N,"butane;but-2-yne;2,3-dimethylbut-2-ene;methane",,Patents,,Google Patents,Research and Development,,212.41,0.0,95,,15,0,0,1,212.250397,212.250397,0,4,0,0,0,0,0,0,0,0,3,3,1,20211203
160521965,Cyclohexene;methane;methylcyclohexane,,C15H32,"InChI=1S/C7H14.C6H10.2CH4/c1-7-5-3-2-4-6-7;1-2-4-6-5-3-1;;/h7H,2-6H2,1H3;1-2H,3-6H2;2*1H4",C.C.CC1CCCCC1.C1CCC=CC1,QUJVCVHGBMNXFQ-UHFFFAOYSA-N,cyclohexene;methane;methylcyclohexane,,Patents,,Google Patents,Research and Development,,212.41,0.0,87,,15,0,0,0,212.250397,212.250397,0,4,0,0,0,0,0,0,0,0,1,1,1,20211203
160565028,"3,5,9-Trimethyldodecane",,C15H32,"InChI=1S/C15H32/c1-6-9-14(4)10-8-11-15(5)12-13(3)7-2/h13-15H,6-12H2,1-5H3",CCCC(C)CCCC(C)CC(C)CC,QZUONDNMFZTIJX-UHFFFAOYSA-N,"3,5,9-trimethyldodecane",,Patents,,Google Patents,Research and Development,,212.41,0.0,128,7.5,15,0,0,9,212.250397,212.250397,0,1,0,3,0,3,0,0,0,0,2,1,1,20211203
160571218,"Methane;undeca-4,6-diyne",,C15H32,"InChI=1S/C11H16.4CH4/c1-3-5-7-9-11-10-8-6-4-2;;;;/h3-7H2,1-2H3;4*1H4",C.C.C.C.CCCCC#CC#CCCC,RAOPLMSHCHJNRJ-UHFFFAOYSA-N,"methane;undeca-4,6-diyne",,Patents,,Google Patents,Research and Development,,212.41,0.0,197,,15,0,0,4,212.250397,212.250397,0,5,0,0,0,0,0,0,0,0,2,1,1,20211203
160648286,"(4R)-2,9-dimethyl-4-propan-2-yldecane",,C15H32,"InChI=1S/C15H32/c1-12(2)9-7-8-10-15(14(5)6)11-13(3)4/h12-15H,7-11H2,1-6H3/t15-/m1/s1",CC(C)CCCC[C@H](CC(C)C)C(C)C,RKBRVDNGCIKKQB-OAHLLOKOSA-N,"(4R)-2,9-dimethyl-4-propan-2-yldecane",,Patents,,Google Patents,Research and Development,,212.41,0.0,133,7.2,15,0,0,8,212.250397,212.250397,0,1,0,1,1,0,0,0,0,0,1,1,1,20211203
160655549,Benzene;ethane;methane;pentane,,C15H32,"InChI=1S/C6H6.C5H12.C2H6.2CH4/c1-2-4-6-5-3-1;1-3-5-4-2;1-2;;/h1-6H;3-5H2,1-2H3;1-2H3;2*1H4",C.C.CC.CCCCC.C1=CC=CC=C1,RKZMANCCMNJTFV-UHFFFAOYSA-N,benzene;ethane;methane;pentane,,Patents,,Google Patents,Research and Development,,212.41,0.0,23,,15,0,0,2,212.250397,212.250397,0,5,0,0,0,0,0,0,0,0,2,1,1,20211203
160669826,"methane;propane;(1S,2R,3S,5S)-2,3,6,6-tetramethylbicyclo[3.1.1]heptane",,C15H32,"InChI=1S/C11H20.C3H8.CH4/c1-7-5-9-6-10(8(7)2)11(9,3)4;1-3-2;/h7-10H,5-6H2,1-4H3;3H2,1-2H3;1H4/t7-,8+,9-,10-;;/m0../s1",C.CCC.C[C@H]1C[C@H]2C[C@@H]([C@@H]1C)C2(C)C,RMTYVXQGYZLVPM-YSEIKAKISA-N,"methane;propane;(1S,2R,3S,5S)-2,3,6,6-tetramethylbicyclo[3.1.1]heptane",,Patents,,Google Patents,Research and Development,,212.41,0.0,169,,15,0,0,0,212.250397,212.250397,0,3,0,4,4,0,0,0,0,0,1,1,1,20211203
160747244,"1,3-Dimethylcyclobutane;1-ethyl-1,3-dimethylcyclobutane;methane",,C15H32,"InChI=1S/C8H16.C6H12.CH4/c1-4-8(3)5-7(2)6-8;1-5-3-6(2)4-5;/h7H,4-6H2,1-3H3;5-6H,3-4H2,1-2H3;1H4",C.CCC1(CC(C1)C)C.CC1CC(C1)C,RWIQJFATJVFMRE-UHFFFAOYSA-N,"1,3-dimethylcyclobutane;1-ethyl-1,3-dimethylcyclobutane;methane",,Patents,,Google Patents,Research and Development,,212.41,0.0,110,,15,0,0,1,212.250397,212.250397,0,3,0,0,0,0,0,0,0,0,1,1,1,20211203
160785882,Hexane;propan-2-ylcyclohexane,,C15H32,"InChI=1S/C9H18.C6H14/c1-8(2)9-6-4-3-5-7-9;1-3-5-6-4-2/h8-9H,3-7H2,1-2H3;3-6H2,1-2H3",CCCCCC.CC(C)C1CCCCC1,SBEVHXYTZFVQAR-UHFFFAOYSA-N,hexane;propan-2-ylcyclohexane,,Patents,,Google Patents,Research and Development,,212.41,0.0,80,,15,0,0,4,212.250397,212.250397,0,2,0,0,0,0,0,0,0,0,2,1,1,20211203
160995509,"1,4-Ditert-butylcyclohexane;methane",,C15H32,"InChI=1S/C14H28.CH4/c1-13(2,3)11-7-9-12(10-8-11)14(4,5)6;/h11-12H,7-10H2,1-6H3;1H4",C.CC(C)(C)C1CCC(CC1)C(C)(C)C,TVEQKECIGCYPGL-UHFFFAOYSA-N,"1,4-ditert-butylcyclohexane;methane",,Patents,,Google Patents,Research and Development,,212.41,0.0,147,,15,0,0,2,212.250397,212.250397,0,2,0,0,0,0,0,0,0,0,10,6,1,20211203
161040118,"1,1-Ditert-butylcyclopentane;ethane",,C15H32,"InChI=1S/C13H26.C2H6/c1-11(2,3)13(12(4,5)6)9-7-8-10-13;1-2/h7-10H2,1-6H3;1-2H3",CC.CC(C)(C)C1(CCCC1)C(C)(C)C,UATQYOIOJJNROK-UHFFFAOYSA-N,"1,1-ditert-butylcyclopentane;ethane",,Patents,,Google Patents,Research and Development,,212.41,0.0,153,,15,0,0,2,212.250397,212.250397,0,2,0,0,0,0,0,0,0,0,49,14,1,20211203
161130755,Ethane;methane;2-methylpropane;toluene,,C15H32,"InChI=1S/C7H8.C4H10.C2H6.2CH4/c1-7-5-3-2-4-6-7;1-4(2)3;1-2;;/h2-6H,1H3;4H,1-3H3;1-2H3;2*1H4",C.C.CC.CC1=CC=CC=C1.CC(C)C,UMDNLZXZEUAZCX-UHFFFAOYSA-N,ethane;methane;2-methylpropane;toluene,,Patents,,Google Patents,Research and Development,,212.41,0.0,46,,15,0,0,0,212.250397,212.250397,0,5,0,0,0,0,0,0,0,0,1,1,1,20211203
161157037,Ethene;undecane,,C15H32,"InChI=1S/C11H24.2C2H4/c1-3-5-7-9-11-10-8-6-4-2;2*1-2/h3-11H2,1-2H3;2*1-2H2",CCCCCCCCCCC.C=C.C=C,UPKUXUSQTNVRNI-UHFFFAOYSA-N,ethene;undecane,,Patents,,Google Patents,Research and Development,,212.41,0.0,49,,15,0,0,8,212.250397,212.250397,0,3,0,0,0,0,0,0,0,0,1,1,1,20211203
161208836,"(7aS)-3a,4,5,6,7,7a-hexahydro-1H-indene;ethane",,C15H32,"InChI=1S/C9H14.3C2H6/c1-2-5-9-7-3-6-8(9)4-1;3*1-2/h3,6,8-9H,1-2,4-5,7H2;3*1-2H3/t8?,9-;;;/m0.../s1",CC.CC.CC.C1CCC2C=CC[C@@H]2C1,UVYSITFACZOBNW-VBWSOLROSA-N,"(7aS)-3a,4,5,6,7,7a-hexahydro-1H-indene;ethane",,Patents,,Google Patents,Research and Development,,212.41,0.0,124,,15,0,0,0,212.250397,212.250397,0,4,0,2,1,1,0,0,0,0,1,1,1,20211203
161266914,Cycloheptane;octane,,C15H32,"InChI=1S/C8H18.C7H14/c1-3-5-7-8-6-4-2;1-2-4-6-7-5-3-1/h3-8H2,1-2H3;1-7H2",CCCCCCCC.C1CCCCCC1,VDHPIAOZNQCLJE-UHFFFAOYSA-N,cycloheptane;octane,,Patents,,Google Patents,Research and Development,,212.41,0.0,44,,15,0,0,5,212.250397,212.250397,0,2,0,0,0,0,0,0,0,0,4,4,1,20211203
161304456,1-Cyclopropylethylcyclopropane;ethylcyclopropane;methane,,C15H32,"InChI=1S/C8H14.C5H10.2CH4/c1-6(7-2-3-7)8-4-5-8;1-2-5-3-4-5;;/h6-8H,2-5H2,1H3;5H,2-4H2,1H3;2*1H4",C.C.CCC1CC1.CC(C1CC1)C2CC2,VIBDUNGPMWVEID-UHFFFAOYSA-N,1-cyclopropylethylcyclopropane;ethylcyclopropane;methane,,Patents,,Google Patents,Research and Development,,212.41,0.0,103,,15,0,0,3,212.250397,212.250397,0,4,0,0,0,0,0,0,0,0,2,1,1,20211203
161320761,(E)-but-2-ene;but-2-yne;methane;2-methylbut-2-ene,,C15H32,"InChI=1S/C5H10.C4H8.C4H6.2CH4/c1-4-5(2)3;2*1-3-4-2;;/h4H,1-3H3;3-4H,1-2H3;1-2H3;2*1H4/b;4-3+;;;",C.C.C/C=C/C.CC=C(C)C.CC#CC,VKCPHFWYEVVIHP-COMVAPIWSA-N,(E)-but-2-ene;but-2-yne;methane;2-methylbut-2-ene,,Patents,,Google Patents,Research and Development,,212.41,0.0,96,,15,0,0,0,212.250397,212.250397,0,5,0,0,0,0,1,1,0,0,3,1,1,20211203
161411427,"1,2-Ditert-butylcyclohexane;methane",,C15H32,"InChI=1S/C14H28.CH4/c1-13(2,3)11-9-7-8-10-12(11)14(4,5)6;/h11-12H,7-10H2,1-6H3;1H4",C.CC(C)(C)C1CCCCC1C(C)(C)C,VVNCFOBNSPLKOZ-UHFFFAOYSA-N,"1,2-ditert-butylcyclohexane;methane",,Patents,,Google Patents,Research and Development,,212.41,0.0,155,,15,0,0,2,212.250397,212.250397,0,2,0,2,0,2,0,0,0,0,3,2,1,20211203
161595671,1-Ethyl-4-(4-methylcyclohexyl)cyclohexane;molecular hydrogen,,C15H32,"InChI=1S/C15H28.2H2/c1-3-13-6-10-15(11-7-13)14-8-4-12(2)5-9-14;;/h12-15H,3-11H2,1-2H3;2*1H",[HH].[HH].CCC1CCC(CC1)C2CCC(CC2)C,WSSKNTSVCVWJIT-UHFFFAOYSA-N,1-ethyl-4-(4-methylcyclohexyl)cyclohexane;molecular hydrogen,,Patents,,Google Patents,Research and Development,,212.41,0.0,168,,15,0,0,2,212.250397,212.250397,0,3,0,0,0,0,0,0,0,0,1,1,1,20211203
161686952,Methylcyclopentane;nonane,,C15H32,"InChI=1S/C9H20.C6H12/c1-3-5-7-9-8-6-4-2;1-6-4-2-3-5-6/h3-9H2,1-2H3;6H,2-5H2,1H3",CCCCCCCCC.CC1CCCC1,XEHITXHETAAEFL-UHFFFAOYSA-N,methylcyclopentane;nonane,,Patents,,Google Patents,Research and Development,,212.41,0.0,66,,15,0,0,6,212.250397,212.250397,0,2,0,0,0,0,0,0,0,0,2,2,1,20211203
161752444,"Cyclohexane;2,3,5-trimethylhexane",,C15H32,"InChI=1S/C9H20.C6H12/c1-7(2)6-9(5)8(3)4;1-2-4-6-5-3-1/h7-9H,6H2,1-5H3;1-6H2",CC(C)CC(C)C(C)C.C1CCCCC1,XMNXRCNGTKMYHK-UHFFFAOYSA-N,"cyclohexane;2,3,5-trimethylhexane",,Patents,,Google Patents,Research and Development,,212.41,0.0,77,,15,0,0,3,212.250397,212.250397,0,2,0,1,0,1,0,0,0,0,1,1,1,20211203
161812435,"3,3,7,7-Tetramethylundecane",SCHEMBL306915|SCHEMBL306916,C15H32,"InChI=1S/C15H32/c1-7-9-11-15(5,6)13-10-12-14(3,4)8-2/h7-13H2,1-6H3",CCCCC(C)(C)CCCC(C)(C)CC,KVEQNWOSAWPDLW-UHFFFAOYSA-N,"3,3,7,7-tetramethylundecane",,Patents,,Google Patents|SureChEMBL,Curation Efforts|Research and Development,,212.41,0.0,153,7.5,15,0,0,8,212.250397,212.250397,0,1,0,0,0,0,0,0,0,0,40,12,1,20211203
161938780,"propane;(E)-2,2,7,7-tetramethyloct-4-ene",,C15H32,"InChI=1S/C12H24.C3H8/c1-11(2,3)9-7-8-10-12(4,5)6;1-3-2/h7-8H,9-10H2,1-6H3;3H2,1-2H3/b8-7+;",CCC.CC(C)(C)C/C=C/CC(C)(C)C,YKFWICWVLWEJKP-USRGLUTNSA-N,"propane;(E)-2,2,7,7-tetramethyloct-4-ene",,Patents,,Google Patents,Research and Development,,212.41,0.0,120,,15,0,0,4,212.250397,212.250397,0,2,0,0,0,0,1,1,0,0,1,1,1,20211203
162003969,"2,8-Dimethyl-4-(2-methylpropyl)nonane",SCHEMBL28317891,C15H32,"InChI=1S/C15H32/c1-12(2)8-7-9-15(10-13(3)4)11-14(5)6/h12-15H,7-11H2,1-6H3",CC(C)CCCC(CC(C)C)CC(C)C,RPDCOXUCXBJNGP-UHFFFAOYSA-N,"2,8-dimethyl-4-(2-methylpropyl)nonane",,Patents,,Google Patents|SureChEMBL,Curation Efforts|Research and Development,,212.41,0.0,123,7.2,15,0,0,8,212.250397,212.250397,0,1,0,0,0,0,0,0,0,0,1,1,1,20211203
162073368,2-Methylhexane;propylcyclopentane,,C15H32,"InChI=1S/C8H16.C7H16/c1-2-5-8-6-3-4-7-8;1-4-5-6-7(2)3/h8H,2-7H2,1H3;7H,4-6H2,1-3H3",CCCCC(C)C.CCCC1CCCC1,ZBJQWVVWDFGXCA-UHFFFAOYSA-N,2-methylhexane;propylcyclopentane,,Patents,,Google Patents,Research and Development,,212.41,0.0,80,,15,0,0,5,212.250397,212.250397,0,2,0,0,0,0,0,0,0,0,5,1,1,20211203
162128993,"2,2-dimethylpropane;(Z)-2,2,5,5-tetramethylhex-3-ene",,C15H32,"InChI=1S/C10H20.C5H12/c1-9(2,3)7-8-10(4,5)6;1-5(2,3)4/h7-8H,1-6H3;1-4H3/b8-7-;",CC(C)(C)C.CC(C)(C)/C=C\C(C)(C)C,ZIKMOMZIURESGN-CFYXSCKTSA-N,"2,2-dimethylpropane;(Z)-2,2,5,5-tetramethylhex-3-ene",,Patents,,Google Patents,Research and Development,,212.41,0.0,115,,15,0,0,2,212.250397,212.250397,0,2,0,0,0,0,1,1,0,0,4,3,1,20211203
162205094,"(5S)-5-ethyl-2,2,9-trimethyldecane",,C15H32,"InChI=1S/C15H32/c1-7-14(10-8-9-13(2)3)11-12-15(4,5)6/h13-14H,7-12H2,1-6H3/t14-/m0/s1",CC[C@@H](CCCC(C)C)CCC(C)(C)C,ZSBVUPSBESTZFI-AWEZNQCLSA-N,"(5S)-5-ethyl-2,2,9-trimethyldecane",,Patents,,Google Patents,Research and Development,,212.41,0.0,139,7.3,15,0,0,8,212.250397,212.250397,0,1,0,1,1,0,0,0,0,0,1,1,1,20211203
162205095,"(5R)-5-ethyl-2,2,9-trimethyldecane",,C15H32,"InChI=1S/C15H32/c1-7-14(10-8-9-13(2)3)11-12-15(4,5)6/h13-14H,7-12H2,1-6H3/t14-/m1/s1",CC[C@H](CCCC(C)C)CCC(C)(C)C,ZSBVUPSBESTZFI-CQSZACIVSA-N,"(5R)-5-ethyl-2,2,9-trimethyldecane",,Patents,,Google Patents,Research and Development,,212.41,0.0,139,7.3,15,0,0,8,212.250397,212.250397,0,1,0,1,1,0,0,0,0,0,1,1,1,20211203
162269571,"bis(buta-1,3-diene);(Z)-but-2-ene;methane",,C15H32,"InChI=1S/C4H8.2C4H6.3CH4/c3*1-3-4-2;;;/h3-4H,1-2H3;2*3-4H,1-2H2;3*1H4/b4-3-;;;;;",C.C.C.C/C=C\C.C=CC=C.C=CC=C,WDCZGAHRAGPKKR-GLUPTGNJSA-N,"bis(buta-1,3-diene);(Z)-but-2-ene;methane",,Patents,,Google Patents,Research and Development,,212.41,0.0,36,,15,0,0,2,212.250397,212.250397,0,6,0,0,0,0,1,1,0,0,4,1,1,20211203
162280363,Tert-butylcyclopentane;hexane,,C15H32,"InChI=1S/C9H18.C6H14/c1-9(2,3)8-6-4-5-7-8;1-3-5-6-4-2/h8H,4-7H2,1-3H3;3-6H2,1-2H3",CCCCCC.CC(C)(C)C1CCCC1,BAZAVLNIFKTZMG-UHFFFAOYSA-N,tert-butylcyclopentane;hexane,,Patents,,Google Patents,Research and Development,,212.41,0.0,92,,15,0,0,4,212.250397,212.250397,0,2,0,0,0,0,0,0,0,0,5,1,1,20211203
162280800,"1,2-Di(propan-2-yl)cyclopentane;2-methylpropane",,C15H32,"InChI=1S/C11H22.C4H10/c1-8(2)10-6-5-7-11(10)9(3)4;1-4(2)3/h8-11H,5-7H2,1-4H3;4H,1-3H3",CC(C)C.CC(C)C1CCCC1C(C)C,UCSAKJWOKRCMKF-UHFFFAOYSA-N,"1,2-di(propan-2-yl)cyclopentane;2-methylpropane",,Patents,,Google Patents,Research and Development,,212.41,0.0,104,,15,0,0,2,212.250397,212.250397,0,2,0,2,0,2,0,0,0,0,1,1,1,20211203
162280827,"1-Deuterio-3,4-diethyl-2,5-dimethylcyclopentane;2-methylpropane",,C15H32,"InChI=1S/C11H22.C4H10/c1-5-10-8(3)7-9(4)11(10)6-2;1-4(2)3/h8-11H,5-7H2,1-4H3;4H,1-3H3/i7D;",[2H]C1C(C(C(C1C)CC)CC)C.CC(C)C,JXWXLTDWOBQTHE-DRGWXPQLSA-N,"1-deuterio-3,4-diethyl-2,5-dimethylcyclopentane;2-methylpropane",,Patents,,Google Patents,Research and Development,,213.42,0.0,108,,15,0,0,2,213.256683,213.256683,0,2,1,4,0,4,0,0,0,0,2,1,1,20211203
162282596,"5,5-Dimethylhexylcyclopentane;ethane",,C15H32,"InChI=1S/C13H26.C2H6/c1-13(2,3)11-7-6-10-12-8-4-5-9-12;1-2/h12H,4-11H2,1-3H3;1-2H3",CC.CC(C)(C)CCCCC1CCCC1,CIGUPRJAHILYOD-UHFFFAOYSA-N,"5,5-dimethylhexylcyclopentane;ethane",,Patents,,Google Patents,Research and Development,,212.41,0.0,123,,15,0,0,5,212.250397,212.250397,0,2,0,0,0,0,0,0,0,0,11,4,1,20211203
162282651,"2,3,3a,4,5,6,7,7a-octahydro-1H-indene;ethane;2-methylpropane",,C15H32,"InChI=1S/C9H16.C4H10.C2H6/c1-2-5-9-7-3-6-8(9)4-1;1-4(2)3;1-2/h8-9H,1-7H2;4H,1-3H3;1-2H3",CC.CC(C)C.C1CCC2CCCC2C1,IGONTCGSIIADTR-UHFFFAOYSA-N,"2,3,3a,4,5,6,7,7a-octahydro-1H-indene;ethane;2-methylpropane",,Patents,,Google Patents,Research and Development,,212.41,0.0,89,,15,0,0,0,212.250397,212.250397,0,3,0,2,0,2,0,0,0,0,2,1,1,20211203
162284142,Cyclopentane;ethane;ethene;methylcyclopentane,,C15H32,"InChI=1S/C6H12.C5H10.C2H6.C2H4/c1-6-4-2-3-5-6;1-2-4-5-3-1;2*1-2/h6H,2-5H2,1H3;1-5H2;1-2H3;1-2H2",CC.CC1CCCC1.C=C.C1CCCC1,YMLVBHLNNDVUMF-UHFFFAOYSA-N,cyclopentane;ethane;ethene;methylcyclopentane,,Patents,,Google Patents,Research and Development,,212.41,0.0,44,,15,0,0,0,212.250397,212.250397,0,4,0,0,0,0,0,0,0,0,1,1,1,20211203
162288148,2-Methylbutane;bis(2-methylbut-2-ene),,C15H32,"InChI=1S/C5H12.2C5H10/c3*1-4-5(2)3/h5H,4H2,1-3H3;2*4H,1-3H3",CCC(C)C.CC=C(C)C.CC=C(C)C,GXRHWCWOTMULRR-UHFFFAOYSA-N,2-methylbutane;bis(2-methylbut-2-ene),,Patents,,Google Patents,Research and Development,,212.41,0.0,52,,15,0,0,1,212.250397,212.250397,0,3,0,0,0,0,0,0,0,0,1,1,1,20211203
162426706,"2,2-Dimethyl-5-propyldecane",,C15H32,"InChI=1S/C15H32/c1-6-8-9-11-14(10-7-2)12-13-15(3,4)5/h14H,6-13H2,1-5H3",CCCCCC(CCC)CCC(C)(C)C,LJLWKPPJAITONE-UHFFFAOYSA-N,"2,2-dimethyl-5-propyldecane",,Patents,,Google Patents|PATENTSCOPE (WIPO),Governmental Organizations|Research and Development,,212.41,0.0,129,7.6,15,0,0,9,212.250397,212.250397,0,1,0,1,0,1,0,0,0,0,0,0,1,20220205
162426712,"2,2,5,5,7-Pentamethyldecane",,C15H32,"InChI=1S/C15H32/c1-8-9-13(2)12-15(6,7)11-10-14(3,4)5/h13H,8-12H2,1-7H3",CCCC(C)CC(C)(C)CCC(C)(C)C,FWKXNJDTNPNOIG-UHFFFAOYSA-N,"2,2,5,5,7-pentamethyldecane",,Patents,,Google Patents|PATENTSCOPE (WIPO),Governmental Organizations|Research and Development,,212.41,0.0,159,7.2,15,0,0,7,212.250397,212.250397,0,1,0,1,0,1,0,0,0,0,0,0,1,20220205
162426718,"2,2,5,6,8-Pentamethyldecane",,C15H32,"InChI=1S/C15H32/c1-8-12(2)11-14(4)13(3)9-10-15(5,6)7/h12-14H,8-11H2,1-7H3",CCC(C)CC(C)C(C)CCC(C)(C)C,WHBMLYSYSRAZPK-UHFFFAOYSA-N,"2,2,5,6,8-pentamethyldecane",,Patents,,Google Patents|PATENTSCOPE (WIPO),Governmental Organizations|Research and Development,,212.41,0.0,152,7.0,15,0,0,7,212.250397,212.250397,0,1,0,3,0,3,0,0,0,0,0,0,1,20220205
162426724,"8-Ethyl-2,2,6-trimethyldecane",,C15H32,"InChI=1S/C15H32/c1-7-14(8-2)12-13(3)10-9-11-15(4,5)6/h13-14H,7-12H2,1-6H3",CCC(CC)CC(C)CCCC(C)(C)C,ZDMWQZXDMAKXCO-UHFFFAOYSA-N,"8-ethyl-2,2,6-trimethyldecane",,Patents,,Google Patents|PATENTSCOPE (WIPO),Governmental Organizations|Research and Development,,212.41,0.0,137,7.3,15,0,0,8,212.250397,212.250397,0,1,0,1,0,1,0,0,0,0,0,0,1,20220205
162438674,Ethane;methane;1-methyl-2-propan-2-ylbenzene,,C15H32,"InChI=1S/C10H14.C2H6.3CH4/c1-8(2)10-7-5-4-6-9(10)3;1-2;;;/h4-8H,1-3H3;1-2H3;3*1H4",C.C.C.CC.CC1=CC=CC=C1C(C)C,WDPNUYCUTUEVEL-UHFFFAOYSA-N,ethane;methane;1-methyl-2-propan-2-ylbenzene,,Patents,,PATENTSCOPE (WIPO),Governmental Organizations,,212.41,0.0,94,,15,0,0,1,212.250397,212.250397,0,5,0,0,0,0,0,0,0,0,0,0,1,20220206
162444135,"3,7-Dimethyl-3-propan-2-ylocta-1,6-diene;methane",,C15H32,"InChI=1S/C13H24.2CH4/c1-7-13(6,12(4)5)10-8-9-11(2)3;;/h7,9,12H,1,8,10H2,2-6H3;2*1H4",C.C.CC(C)C(C)(CCC=C(C)C)C=C,SNKYLFVZVRVFLK-UHFFFAOYSA-N,"3,7-dimethyl-3-propan-2-ylocta-1,6-diene;methane",,Patents,,PATENTSCOPE (WIPO),Governmental Organizations,,212.41,0.0,182,,15,0,0,5,212.250397,212.250397,0,3,0,1,0,1,0,0,0,0,0,0,1,20220206
162726576,1-Ethyl-3-propan-2-ylbenzene;methane,,C15H32,"InChI=1S/C11H16.4CH4/c1-4-10-6-5-7-11(8-10)9(2)3;;;;/h5-9H,4H2,1-3H3;4*1H4",C.C.C.C.CCC1=CC(=CC=C1)C(C)C,VGLWOXICVDKASH-UHFFFAOYSA-N,1-ethyl-3-propan-2-ylbenzene;methane,,Patents,,PATENTSCOPE (WIPO),Governmental Organizations,,212.41,0.0,105,,15,0,0,2,212.250397,212.250397,0,5,0,0,0,0,0,0,0,0,0,0,1,20220405
162766937,Ethane;1-(2-methylpropyl)-4-propylcyclohexane,,C15H32,"InChI=1S/C13H26.C2H6/c1-4-5-12-6-8-13(9-7-12)10-11(2)3;1-2/h11-13H,4-10H2,1-3H3;1-2H3",CC.CCCC1CCC(CC1)CC(C)C,MFTURQFJYLODTA-UHFFFAOYSA-N,ethane;1-(2-methylpropyl)-4-propylcyclohexane,,Patents,,PATENTSCOPE (WIPO),Governmental Organizations,,212.41,0.0,118,,15,0,0,4,212.250397,212.250397,0,2,0,0,0,0,0,0,0,0,0,0,1,20220405
163264059,Propane;1-propan-2-yl-4-propylcyclohexane,,C15H32,"InChI=1S/C12H24.C3H8/c1-4-5-11-6-8-12(9-7-11)10(2)3;1-3-2/h10-12H,4-9H2,1-3H3;3H2,1-2H3",CCC.CCCC1CCC(CC1)C(C)C,NOBXIQBZIAPBNB-UHFFFAOYSA-N,propane;1-propan-2-yl-4-propylcyclohexane,,Patents,,PATENTSCOPE (WIPO),Governmental Organizations,,212.41,0.0,107,,15,0,0,3,212.250397,212.250397,0,2,0,0,0,0,0,0,0,0,0,0,1,20220513
163264636,"(Z)-5,7-dimethyloct-3-ene;pentane",,C15H32,"InChI=1S/C10H20.C5H12/c1-5-6-7-10(4)8-9(2)3;1-3-5-4-2/h6-7,9-10H,5,8H2,1-4H3;3-5H2,1-2H3/b7-6-;",CCCCC.CC/C=C\C(C)CC(C)C,WNGCUIUNENYVGA-NAFXZHHSSA-N,"(Z)-5,7-dimethyloct-3-ene;pentane",,Patents,,PATENTSCOPE (WIPO),Governmental Organizations,,212.41,0.0,97,,15,0,0,6,212.250397,212.250397,0,2,0,1,0,1,1,1,0,0,0,0,1,20220513
163268474,Ethane;1-methyl-4-(4-methylpentyl)cyclohexane,,C15H32,"InChI=1S/C13H26.C2H6/c1-11(2)5-4-6-13-9-7-12(3)8-10-13;1-2/h11-13H,4-10H2,1-3H3;1-2H3",CC.CC1CCC(CC1)CCCC(C)C,AQEGGQOLDLVOPD-UHFFFAOYSA-N,ethane;1-methyl-4-(4-methylpentyl)cyclohexane,,Patents,,PATENTSCOPE (WIPO),Governmental Organizations,,212.41,0.0,118,,15,0,0,4,212.250397,212.250397,0,2,0,0,0,0,0,0,0,0,0,0,1,20220513
163268496,1-Ethyl-4-(4-methylpentyl)cyclohexane;methane,,C15H32,"InChI=1S/C14H28.CH4/c1-4-13-8-10-14(11-9-13)7-5-6-12(2)3;/h12-14H,4-11H2,1-3H3;1H4",C.CCC1CCC(CC1)CCCC(C)C,IWIOHHPJADAVGY-UHFFFAOYSA-N,1-ethyl-4-(4-methylpentyl)cyclohexane;methane,,Patents,,PATENTSCOPE (WIPO),Governmental Organizations,,212.41,0.0,129,,15,0,0,5,212.250397,212.250397,0,2,0,0,0,0,0,0,0,0,0,0,1,20220513
163377202,Ethane;1-ethyl-1-hexylcyclopentane,,C15H32,"InChI=1S/C13H26.C2H6/c1-3-5-6-7-10-13(4-2)11-8-9-12-13;1-2/h3-12H2,1-2H3;1-2H3",CC.CCCCCCC1(CCCC1)CC,FSDOQLBQXHDELT-UHFFFAOYSA-N,ethane;1-ethyl-1-hexylcyclopentane,,Patents,,PATENTSCOPE (WIPO),Governmental Organizations,,212.41,0.0,120,,15,0,0,6,212.250397,212.250397,0,2,0,0,0,0,0,0,0,0,0,0,1,20220623
163386246,"3,5-Dimethyl-5-propyloct-1-ene;ethane",,C15H32,"InChI=1S/C13H26.C2H6/c1-6-9-13(5,10-7-2)11-12(4)8-3;1-2/h8,12H,3,6-7,9-11H2,1-2,4-5H3;1-2H3",CC.CCCC(C)(CCC)CC(C)C=C,TZAZHFWWDCBDAM-UHFFFAOYSA-N,"3,5-dimethyl-5-propyloct-1-ene;ethane",,Patents,,PATENTSCOPE (WIPO),Governmental Organizations,,212.41,0.0,129,,15,0,0,7,212.250397,212.250397,0,2,0,1,0,1,0,0,0,0,0,0,1,20220623
163506534,"Cyclobutylcyclobutane;2,3-dimethylbutane;methane",,C15H32,"InChI=1S/C8H14.C6H14.CH4/c1-3-7(4-1)8-5-2-6-8;1-5(2)6(3)4;/h7-8H,1-6H2;5-6H,1-4H3;1H4",C.CC(C)C(C)C.C1CC(C1)C2CCC2,CZAKZWOLGPFCJD-UHFFFAOYSA-N,"cyclobutylcyclobutane;2,3-dimethylbutane;methane",,Patents,,Google Patents,Research and Development,,212.41,0.0,87,,15,0,0,2,212.250397,212.250397,0,3,0,0,0,0,0,0,0,0,1,1,1,20220706
163573168,Ethylcyclopropane;2-methylbutane;methylcyclobutane,,C15H32,"InChI=1S/2C5H10.C5H12/c1-5-3-2-4-5;1-2-5-3-4-5;1-4-5(2)3/h2*5H,2-4H2,1H3;5H,4H2,1-3H3",CCC1CC1.CCC(C)C.CC1CCC1,GBDIHTPVVQOACA-UHFFFAOYSA-N,ethylcyclopropane;2-methylbutane;methylcyclobutane,,Patents,,Google Patents,Research and Development,,212.41,0.0,68,,15,0,0,2,212.250397,212.250397,0,3,0,0,0,0,0,0,0,0,1,1,1,20220706
163608031,"2-Methyl-5,5-dipropyloctane",,C15H32,"InChI=1S/C15H32/c1-6-10-15(11-7-2,12-8-3)13-9-14(4)5/h14H,6-13H2,1-5H3",CCCC(CCC)(CCC)CCC(C)C,HDLZRLHXXZXLCJ-UHFFFAOYSA-N,"2-methyl-5,5-dipropyloctane",,Patents,,Google Patents,Research and Development,,212.41,0.0,118,7.6,15,0,0,9,212.250397,212.250397,0,1,0,0,0,0,0,0,0,0,5,5,1,20220706
163823758,"2,2-Dimethylpropane;ethene;bis(2-methylprop-1-ene)",,C15H32,"InChI=1S/C5H12.2C4H8.C2H4/c1-5(2,3)4;2*1-4(2)3;1-2/h1-4H3;2*1H2,2-3H3;1-2H2",CC(=C)C.CC(=C)C.CC(C)(C)C.C=C,NXQYNAOAVPOAHX-UHFFFAOYSA-N,"2,2-dimethylpropane;ethene;bis(2-methylprop-1-ene)",,Patents,,Google Patents,Research and Development,,212.41,0.0,38,,15,0,0,0,212.250397,212.250397,0,4,0,0,0,0,0,0,0,0,1,1,1,20220706
163948895,"Cyclohexane;2,2-dimethylheptane",,C15H32,"InChI=1S/C9H20.C6H12/c1-5-6-7-8-9(2,3)4;1-2-4-6-5-3-1/h5-8H2,1-4H3;1-6H2",CCCCCC(C)(C)C.C1CCCCC1,RXOJDTZXPOUCBM-UHFFFAOYSA-N,"cyclohexane;2,2-dimethylheptane",,Patents,,Google Patents,Research and Development,,212.41,0.0,72,,15,0,0,4,212.250397,212.250397,0,2,0,0,0,0,0,0,0,0,1,1,1,20220706
164599853,Hexylcyclobutane;pentane,,C15H32,"InChI=1S/C10H20.C5H12/c1-2-3-4-5-7-10-8-6-9-10;1-3-5-4-2/h10H,2-9H2,1H3;3-5H2,1-2H3",CCCCC.CCCCCCC1CCC1,ZSSUBFMKKCXPOG-UHFFFAOYSA-N,hexylcyclobutane;pentane,,Patents,,PATENTSCOPE (WIPO),Governmental Organizations,,212.41,0.0,79,,15,0,0,7,212.250397,212.250397,0,2,0,0,0,0,0,0,0,0,0,0,1,20220815
164599866,Acetylene;but-1-ene;ethane;2-methylhexane,,C15H32,"InChI=1S/C7H16.C4H8.C2H6.C2H2/c1-4-5-6-7(2)3;1-3-4-2;2*1-2/h7H,4-6H2,1-3H3;3H,1,4H2,2H3;1-2H3;1-2H",CC.CCCCC(C)C.CCC=C.C#C,VEIVPRPTIVFCAW-UHFFFAOYSA-N,acetylene;but-1-ene;ethane;2-methylhexane,,Patents,,PATENTSCOPE (WIPO),Governmental Organizations,,212.41,0.0,51,,15,0,0,4,212.250397,212.250397,0,4,0,0,0,0,0,0,0,0,0,0,1,20220815
164713795,"3,7-Diethylundecane",SCHEMBL1579602,C15H32,"InChI=1S/C15H32/c1-5-9-11-15(8-4)13-10-12-14(6-2)7-3/h14-15H,5-13H2,1-4H3",CCCCC(CC)CCCC(CC)CC,QGGFKQYGOAYCGO-UHFFFAOYSA-N,"3,7-diethylundecane",,Patents,,Google Patents|PATENTSCOPE (WIPO)|SureChEMBL,Curation Efforts|Governmental Organizations|Research and Development,,212.41,0.0,113,7.8,15,0,0,10,212.250397,212.250397,0,1,0,1,0,1,0,0,0,0,16,6,1,20220827
164714430,"2,2,5,8,9-Pentamethyldecane",,C15H32,"InChI=1S/C15H32/c1-12(2)14(4)9-8-13(3)10-11-15(5,6)7/h12-14H,8-11H2,1-7H3",CC(C)C(C)CCC(C)CCC(C)(C)C,IVXQRZFAJCAGHO-UHFFFAOYSA-N,"2,2,5,8,9-pentamethyldecane",,Patents,,Google Patents|PATENTSCOPE (WIPO),Governmental Organizations|Research and Development,,212.41,0.0,150,7.0,15,0,0,7,212.250397,212.250397,0,1,0,2,0,2,0,0,0,0,1,1,1,20220827
164714436,"2,2,5,7-Tetramethylundecane",,C15H32,"InChI=1S/C15H32/c1-7-8-9-13(2)12-14(3)10-11-15(4,5)6/h13-14H,7-12H2,1-6H3",CCCCC(C)CC(C)CCC(C)(C)C,FOCHEJKJNRWDLG-UHFFFAOYSA-N,"2,2,5,7-tetramethylundecane",,Patents,,Google Patents|PATENTSCOPE (WIPO),Governmental Organizations|Research and Development,,212.41,0.0,141,7.3,15,0,0,8,212.250397,212.250397,0,1,0,2,0,2,0,0,0,0,1,1,1,20220827
164714439,"4-Tert-butyl-4-ethyl-2,3-dimethylheptane",,C15H32,"InChI=1S/C15H32/c1-9-11-15(10-2,14(6,7)8)13(5)12(3)4/h12-13H,9-11H2,1-8H3",CCCC(CC)(C(C)C(C)C)C(C)(C)C,DNNXJBCAUWGDQE-UHFFFAOYSA-N,"4-tert-butyl-4-ethyl-2,3-dimethylheptane",,Patents,,Google Patents|PATENTSCOPE (WIPO),Governmental Organizations|Research and Development,,212.41,0.0,173,6.9,15,0,0,6,212.250397,212.250397,0,1,0,2,0,2,0,0,0,0,1,1,1,20220827
164714444,6-Tert-butyl-2-methyldecane,,C15H32,"InChI=1S/C15H32/c1-7-8-11-14(15(4,5)6)12-9-10-13(2)3/h13-14H,7-12H2,1-6H3",CCCCC(CCCC(C)C)C(C)(C)C,GEFDKOXGUZNJCU-UHFFFAOYSA-N,6-tert-butyl-2-methyldecane,,Patents,,Google Patents|PATENTSCOPE (WIPO),Governmental Organizations|Research and Development,,212.41,0.0,139,7.3,15,0,0,8,212.250397,212.250397,0,1,0,1,0,1,0,0,0,0,1,1,1,20220827
164714447,"4-Tert-butyl-5-ethyl-2,2-dimethylheptane",,C15H32,"InChI=1S/C15H32/c1-9-12(10-2)13(15(6,7)8)11-14(3,4)5/h12-13H,9-11H2,1-8H3",CCC(CC)C(CC(C)(C)C)C(C)(C)C,HCRFTXPUVGPESL-UHFFFAOYSA-N,"4-tert-butyl-5-ethyl-2,2-dimethylheptane",,Patents,,Google Patents|PATENTSCOPE (WIPO),Governmental Organizations|Research and Development,,212.41,0.0,161,6.9,15,0,0,6,212.250397,212.250397,0,1,0,1,0,1,0,0,0,0,1,1,1,20220827
164714450,4-Tert-butyl-3-methyl-4-propylheptane,,C15H32,"InChI=1S/C15H32/c1-8-11-15(12-9-2,13(4)10-3)14(5,6)7/h13H,8-12H2,1-7H3",CCCC(CCC)(C(C)CC)C(C)(C)C,PHRPJCDFUUWUFP-UHFFFAOYSA-N,4-tert-butyl-3-methyl-4-propylheptane,,Patents,,Google Patents|PATENTSCOPE (WIPO),Governmental Organizations|Research and Development,,212.41,0.0,155,7.2,15,0,0,7,212.250397,212.250397,0,1,0,1,0,1,0,0,0,0,1,1,1,20220827
164756389,5-Butyl-3-ethylnonane,,C15H32,"InChI=1S/C15H32/c1-5-9-11-15(12-10-6-2)13-14(7-3)8-4/h14-15H,5-13H2,1-4H3",CCCCC(CCCC)CC(CC)CC,HGHOWOWZGUOICW-UHFFFAOYSA-N,5-butyl-3-ethylnonane,,Patents,,PATENTSCOPE (WIPO),Governmental Organizations,,212.41,0.0,105,7.8,15,0,0,10,212.250397,212.250397,0,1,0,0,0,0,0,0,0,0,0,0,1,20220827
164823749,"2,4,8-Trimethyl-6-propan-2-ylnonane",SCHEMBL24894004,C15H32,"InChI=1S/C15H32/c1-11(2)8-14(7)10-15(13(5)6)9-12(3)4/h11-15H,8-10H2,1-7H3",CC(C)CC(C)CC(CC(C)C)C(C)C,HVDNQRUNWFKFIR-UHFFFAOYSA-N,"2,4,8-trimethyl-6-propan-2-ylnonane",,Patents,,Google Patents|PATENTSCOPE (WIPO)|SureChEMBL,Curation Efforts|Governmental Organizations|Research and Development,,212.41,0.0,144,6.9,15,0,0,7,212.250397,212.250397,0,1,0,2,0,2,0,0,0,0,1,1,1,20220827
164838595,"5-Butyl-2,2-dimethylnonane",,C15H32,"InChI=1S/C15H32/c1-6-8-10-14(11-9-7-2)12-13-15(3,4)5/h14H,6-13H2,1-5H3",CCCCC(CCCC)CCC(C)(C)C,VXKVLJFRICPJID-UHFFFAOYSA-N,"5-butyl-2,2-dimethylnonane",,Patents,,Google Patents|PATENTSCOPE (WIPO),Governmental Organizations|Research and Development,,212.41,0.0,121,7.6,15,0,0,9,212.250397,212.250397,0,1,0,0,0,0,0,0,0,0,0,0,1,20220827
164983921,"(Z)-2,5-dimethylhex-3-ene;2,4-dimethylpentane",,C15H32,"InChI=1S/C8H16.C7H16/c1-7(2)5-6-8(3)4;1-6(2)5-7(3)4/h5-8H,1-4H3;6-7H,5H2,1-4H3/b6-5-;",CC(C)CC(C)C.CC(C)/C=C\C(C)C,FWNZGIMFRZJTAG-YSMBQZINSA-N,"(Z)-2,5-dimethylhex-3-ene;2,4-dimethylpentane",,Patents,,Google Patents,Research and Development,,212.41,0.0,87,,15,0,0,4,212.250397,212.250397,0,2,0,0,0,0,1,1,0,0,1,1,1,20221001
165071018,"2,2-Dimethylpropane;methylcyclopentane;methylcyclopropane",,C15H32,"InChI=1S/C6H12.C5H12.C4H8/c1-6-4-2-3-5-6;1-5(2,3)4;1-4-2-3-4/h6H,2-5H2,1H3;1-4H3;4H,2-3H2,1H3",CC1CCCC1.CC1CC1.CC(C)(C)C,STILFKDWWAUOSR-UHFFFAOYSA-N,"2,2-dimethylpropane;methylcyclopentane;methylcyclopropane",,Patents,,Google Patents,Research and Development,,212.41,0.0,68,,15,0,0,0,212.250397,212.250397,0,3,0,0,0,0,0,0,0,0,1,1,1,20221001
165167557,"(4R)-6-ethyl-2,4-dimethylundecane",,C15H32,"InChI=1S/C15H32/c1-6-8-9-10-15(7-2)12-14(5)11-13(3)4/h13-15H,6-12H2,1-5H3/t14-,15?/m1/s1",CCCCCC(CC)C[C@H](C)CC(C)C,OFLMIYKGGCMHJI-GICMACPYSA-N,"(4R)-6-ethyl-2,4-dimethylundecane",,Patents,,Google Patents|PATENTSCOPE (WIPO),Governmental Organizations|Research and Development,,212.41,0.0,126,7.5,15,0,0,9,212.250397,212.250397,0,1,0,2,1,1,0,0,0,0,1,1,1,20221007
165167558,"(4S)-6-ethyl-2,4-dimethylundecane",,C15H32,"InChI=1S/C15H32/c1-6-8-9-10-15(7-2)12-14(5)11-13(3)4/h13-15H,6-12H2,1-5H3/t14-,15?/m0/s1",CCCCCC(CC)C[C@@H](C)CC(C)C,OFLMIYKGGCMHJI-MLCCFXAWSA-N,"(4S)-6-ethyl-2,4-dimethylundecane",,Patents,,Google Patents|PATENTSCOPE (WIPO),Governmental Organizations|Research and Development,,212.41,0.0,126,7.5,15,0,0,9,212.250397,212.250397,0,1,0,2,1,1,0,0,0,0,1,1,1,20221007
166045669,"3-Ethyl-2,2,3,7-tetramethylnonane",,C15H32,"InChI=1S/C15H32/c1-8-13(3)11-10-12-15(7,9-2)14(4,5)6/h13H,8-12H2,1-7H3",CCC(C)CCCC(C)(CC)C(C)(C)C,OMNTWTWAIZVXFE-UHFFFAOYSA-N,"3-ethyl-2,2,3,7-tetramethylnonane",,Patents,,Google Patents|PATENTSCOPE (WIPO),Governmental Organizations|Research and Development,,212.41,0.0,163,7.2,15,0,0,7,212.250397,212.250397,0,1,0,2,0,2,0,0,0,0,0,0,1,20221220
166459720,"1-(3,4-Dimethylpentyl)-1,3-dimethylcyclobutane;ethane",,C15H32,"InChI=1S/C13H26.C2H6/c1-10(2)12(4)6-7-13(5)8-11(3)9-13;1-2/h10-12H,6-9H2,1-5H3;1-2H3",CC.CC1CC(C1)(C)CCC(C)C(C)C,TVZADTJEKQYAGF-UHFFFAOYSA-N,"1-(3,4-dimethylpentyl)-1,3-dimethylcyclobutane;ethane",,Patents,,PATENTSCOPE (WIPO),Governmental Organizations,,212.41,0.0,151,,15,0,0,4,212.250397,212.250397,0,2,0,1,0,1,0,0,0,0,0,0,1,20230201
166510660,"2,2,3,9,9-Pentamethyldecane",SCHEMBL24811778,C15H32,"InChI=1S/C15H32/c1-13(15(5,6)7)11-9-8-10-12-14(2,3)4/h13H,8-12H2,1-7H3",CC(CCCCCC(C)(C)C)C(C)(C)C,VMQWBNFXVYCRAI-UHFFFAOYSA-N,"2,2,3,9,9-pentamethyldecane",,Patents,,Google Patents|PATENTSCOPE (WIPO)|SureChEMBL,Curation Efforts|Governmental Organizations|Research and Development,,212.41,0.0,154,7.2,15,0,0,7,212.250397,212.250397,0,1,0,1,0,1,0,0,0,0,1,1,1,20230201
166549682,"(4Z)-2,5-dimethylhepta-2,4-diene;ethane;ethene",,C15H32,"InChI=1S/C9H16.2C2H6.C2H4/c1-5-9(4)7-6-8(2)3;3*1-2/h6-7H,5H2,1-4H3;2*1-2H3;1-2H2/b9-7-;;;",CC.CC.CC/C(=C\C=C(C)C)/C.C=C,AFARQRNGGKJDMM-AXXLBGQXSA-N,"(4Z)-2,5-dimethylhepta-2,4-diene;ethane;ethene",,Patents,,PATENTSCOPE (WIPO),Governmental Organizations,,212.41,0.0,123,,15,0,0,2,212.250397,212.250397,0,4,0,0,0,0,1,1,0,0,0,0,1,20230202
166582417,"4-Tert-butyl-2,2,4-trimethyloctane",,C15H32,"InChI=1S/C15H32/c1-9-10-11-15(8,14(5,6)7)12-13(2,3)4/h9-12H2,1-8H3",CCCCC(C)(CC(C)(C)C)C(C)(C)C,OZSWDLYVHQDIJP-UHFFFAOYSA-N,"4-tert-butyl-2,2,4-trimethyloctane",,Patents,,PATENTSCOPE (WIPO),Governmental Organizations,,212.41,0.0,177,7.0,15,0,0,6,212.250397,212.250397,0,1,0,1,0,1,0,0,0,0,0,0,1,20230202
167537225,Methane;pentane;toluene,,C15H32,"InChI=1S/C7H8.C5H12.3CH4/c1-7-5-3-2-4-6-7;1-3-5-4-2;;;/h2-6H,1H3;3-5H2,1-2H3;3*1H4",C.C.C.CCCCC.CC1=CC=CC=C1,ASBQWJDKLKDHTH-UHFFFAOYSA-N,methane;pentane;toluene,,Patents,,Google Patents,Research and Development,,212.41,0.0,49,,15,0,0,2,212.250397,212.250397,0,5,0,0,0,0,0,0,0,0,1,1,1,20230411
167577139,3-Methylbicyclo[4.2.0]octane;propane,,C15H32,"InChI=1S/C9H16.2C3H8/c1-7-2-3-8-4-5-9(8)6-7;2*1-3-2/h7-9H,2-6H2,1H3;2*3H2,1-2H3",CCC.CCC.CC1CCC2CCC2C1,GRRBUVVQNMERET-UHFFFAOYSA-N,3-methylbicyclo[4.2.0]octane;propane,,Patents,,Google Patents,Research and Development,,212.41,0.0,107,,15,0,0,0,212.250397,212.250397,0,3,0,3,0,3,0,0,0,0,1,1,1,20230411
167662177,"Propan-2-ylcyclopentane;2,2,3-trimethylbutane",,C15H32,"InChI=1S/C8H16.C7H16/c1-7(2)8-5-3-4-6-8;1-6(2)7(3,4)5/h7-8H,3-6H2,1-2H3;6H,1-5H3",CC(C)C1CCCC1.CC(C)C(C)(C)C,SCKAKCHDIDXQGX-UHFFFAOYSA-N,"propan-2-ylcyclopentane;2,2,3-trimethylbutane",,Patents,,Google Patents|PATENTSCOPE (WIPO),Governmental Organizations|Research and Development,,212.41,0.0,104,,15,0,0,2,212.250397,212.250397,0,2,0,0,0,0,0,0,0,0,1,1,1,20230411
168179988,"Cyclopentane;1,1-dimethylcyclohexane;ethane",,C15H32,"InChI=1S/C8H16.C5H10.C2H6/c1-8(2)6-4-3-5-7-8;1-2-4-5-3-1;1-2/h3-7H2,1-2H3;1-5H2;1-2H3",CC.CC1(CCCCC1)C.C1CCCC1,KKMBFPUZAQMCCX-UHFFFAOYSA-N,"cyclopentane;1,1-dimethylcyclohexane;ethane",,Patents,,PATENTSCOPE (WIPO),Governmental Organizations,,212.41,0.0,75,,15,0,0,0,212.250397,212.250397,0,3,0,0,0,0,0,0,0,0,0,0,1,20230530
168407535,"2,4-Dimethyl-3-methylidenepentane;2,4-dimethylpentane",,C15H32,"InChI=1S/C8H16.C7H16/c1-6(2)8(5)7(3)4;1-6(2)5-7(3)4/h6-7H,5H2,1-4H3;6-7H,5H2,1-4H3",CC(C)CC(C)C.CC(C)C(=C)C(C)C,OTROBMKZIVTUSA-UHFFFAOYSA-N,"2,4-dimethyl-3-methylidenepentane;2,4-dimethylpentane",,Patents,,Google Patents,Research and Development,,212.41,0.0,97,,15,0,0,4,212.250397,212.250397,0,2,0,0,0,0,0,0,0,0,1,1,1,20230718
168890439,"2-Butan-2-yl-1-ethyl-1,5-dimethylcyclopentane;ethane",,C15H32,"InChI=1S/C13H26.C2H6/c1-6-10(3)12-9-8-11(4)13(12,5)7-2;1-2/h10-12H,6-9H2,1-5H3;1-2H3",CC.CCC(C)C1CCC(C1(C)CC)C,JSVVSWLGGFWOIN-UHFFFAOYSA-N,"2-butan-2-yl-1-ethyl-1,5-dimethylcyclopentane;ethane",,Patents,,PATENTSCOPE (WIPO),Governmental Organizations,,212.41,0.0,161,,15,0,0,3,212.250397,212.250397,0,2,0,4,0,4,0,0,0,0,0,0,1,20231109
169000931,Ethane;1-methyl-3-(4-methylpentyl)cyclohexane,,C15H32,"InChI=1S/C13H26.C2H6/c1-11(2)6-4-8-13-9-5-7-12(3)10-13;1-2/h11-13H,4-10H2,1-3H3;1-2H3",CC.CC1CCCC(C1)CCCC(C)C,LFKTZEYPBCKCQQ-UHFFFAOYSA-N,ethane;1-methyl-3-(4-methylpentyl)cyclohexane,,Patents,,PATENTSCOPE (WIPO),Governmental Organizations,,212.41,0.0,126,,15,0,0,4,212.250397,212.250397,0,2,0,2,0,2,0,0,0,0,0,0,1,20231109
169109581,"Ethane;methane;1-methyl-4-propan-2-ylcyclohexa-1,3-diene",,C15H32,"InChI=1S/C10H16.2C2H6.CH4/c1-8(2)10-6-4-9(3)5-7-10;2*1-2;/h4,6,8H,5,7H2,1-3H3;2*1-2H3;1H4",C.CC.CC.CC1=CC=C(CC1)C(C)C,BCRNLODBFSVHOT-UHFFFAOYSA-N,"ethane;methane;1-methyl-4-propan-2-ylcyclohexa-1,3-diene",,Patents,,PATENTSCOPE (WIPO),Governmental Organizations,,212.41,0.0,170,,15,0,0,1,212.250397,212.250397,0,4,0,0,0,0,0,0,0,0,0,0,1,20231109
169162361,"2,2-Dimethylspiro[3.5]nonane;ethane",,C15H32,"InChI=1S/C11H20.2C2H6/c1-10(2)8-11(9-10)6-4-3-5-7-11;2*1-2/h3-9H2,1-2H3;2*1-2H3",CC.CC.CC1(CC2(C1)CCCCC2)C,DIIAYWCPVXELMP-UHFFFAOYSA-N,"2,2-dimethylspiro[3.5]nonane;ethane",,Patents,,PATENTSCOPE (WIPO),Governmental Organizations,,212.41,0.0,139,,15,0,0,0,212.250397,212.250397,0,3,0,0,0,0,0,0,0,0,0,0,1,20231109
169191024,Ethane;8-methylspiro[4.5]decane,,C15H32,"InChI=1S/C11H20.2C2H6/c1-10-4-8-11(9-5-10)6-2-3-7-11;2*1-2/h10H,2-9H2,1H3;2*1-2H3",CC.CC.CC1CCC2(CCCC2)CC1,MOLFENCHXNJNKJ-UHFFFAOYSA-N,ethane;8-methylspiro[4.5]decane,,Patents,,PATENTSCOPE (WIPO),Governmental Organizations,,212.41,0.0,121,,15,0,0,0,212.250397,212.250397,0,3,0,0,0,0,0,0,0,0,0,0,1,20231109
169242861,Butane;1-butan-2-yl-2-methylcyclohexane,,C15H32,"InChI=1S/C11H22.C4H10/c1-4-9(2)11-8-6-5-7-10(11)3;1-3-4-2/h9-11H,4-8H2,1-3H3;3-4H2,1-2H3",CCCC.CCC(C)C1CCCCC1C,JVPBBZSLVCRUMQ-UHFFFAOYSA-N,butane;1-butan-2-yl-2-methylcyclohexane,,Patents,,PATENTSCOPE (WIPO),Governmental Organizations,,212.41,0.0,109,,15,0,0,3,212.250397,212.250397,0,2,0,3,0,3,0,0,0,0,0,0,1,20231109
169265906,1-Tert-butyl-4-propan-2-ylcyclohexane;ethane,,C15H32,"InChI=1S/C13H26.C2H6/c1-10(2)11-6-8-12(9-7-11)13(3,4)5;1-2/h10-12H,6-9H2,1-5H3;1-2H3",CC.CC(C)C1CCC(CC1)C(C)(C)C,GDIDZJNYQCXQML-UHFFFAOYSA-N,1-tert-butyl-4-propan-2-ylcyclohexane;ethane,,Patents,,PATENTSCOPE (WIPO),Governmental Organizations,,212.41,0.0,142,,15,0,0,2,212.250397,212.250397,0,2,0,0,0,0,0,0,0,0,0,0,1,20231109
169289979,"2,6,6,10-Tetramethylundecane",,C15H32,"InChI=1S/C15H32/c1-13(2)9-7-11-15(5,6)12-8-10-14(3)4/h13-14H,7-12H2,1-6H3",CC(C)CCCC(C)(C)CCCC(C)C,IJIZEOPFAMGGBJ-UHFFFAOYSA-N,"2,6,6,10-tetramethylundecane",,Patents,,PATENTSCOPE (WIPO),Governmental Organizations,,212.41,0.0,126,7.3,15,0,0,8,212.250397,212.250397,0,1,0,0,0,0,0,0,0,0,0,0,1,20231109
169292791,"4-Ethyl-2,2,8-trimethyldecane",,C15H32,"InChI=1S/C15H32/c1-7-13(3)10-9-11-14(8-2)12-15(4,5)6/h13-14H,7-12H2,1-6H3",CCC(C)CCCC(CC)CC(C)(C)C,FFUKREHPKHGQKK-UHFFFAOYSA-N,"4-ethyl-2,2,8-trimethyldecane",,Patents,,PATENTSCOPE (WIPO),Governmental Organizations,,212.41,0.0,141,7.3,15,0,0,8,212.250397,212.250397,0,1,0,2,0,2,0,0,0,0,0,0,1,20231109
169426379,Ethane;methane;propane;toluene,,C15H32,"InChI=1S/C7H8.C3H8.2C2H6.CH4/c1-7-5-3-2-4-6-7;1-3-2;2*1-2;/h2-6H,1H3;3H2,1-2H3;2*1-2H3;1H4",C.CC.CC.CCC.CC1=CC=CC=C1,JBRVBOSQMGUWFJ-UHFFFAOYSA-N,ethane;methane;propane;toluene,,Patents,,Google Patents,Research and Development,,212.41,0.0,42,,15,0,0,0,212.250397,212.250397,0,5,0,0,0,0,0,0,0,0,1,1,1,20231130
170572962,ethane;(E)-4-ethenyl-3-methylhept-3-ene;propane,,C15H32,"InChI=1S/C10H18.C3H8.C2H6/c1-5-8-10(7-3)9(4)6-2;1-3-2;1-2/h7H,3,5-6,8H2,1-2,4H3;3H2,1-2H3;1-2H3/b10-9-;;",CC.CCC.CCC/C(=C(/C)\CC)/C=C,FYNJQHXWIAEFFJ-XXAVUKJNSA-N,ethane;(E)-4-ethenyl-3-methylhept-3-ene;propane,,Patents,,PATENTSCOPE (WIPO),Governmental Organizations,,212.41,0.0,129,,15,0,0,4,212.250397,212.250397,0,3,0,0,0,0,1,1,0,0,0,0,1,20240226
170594220,"ethane;methane;(3Z,5Z)-2,3,5-trimethylhepta-1,3,5-triene",,C15H32,"InChI=1S/C10H16.2C2H6.CH4/c1-6-9(4)7-10(5)8(2)3;2*1-2;/h6-7H,2H2,1,3-5H3;2*1-2H3;1H4/b9-6-,10-7-;;;",C.CC.CC.C/C=C(/C)\C=C(\C)/C(=C)C,DXIMLFFFIIFVML-XURGJFIQSA-N,"ethane;methane;(3Z,5Z)-2,3,5-trimethylhepta-1,3,5-triene",,Patents,,PATENTSCOPE (WIPO),Governmental Organizations,,212.41,0.0,180,,15,0,0,2,212.250397,212.250397,0,4,0,0,0,0,2,2,0,0,0,0,1,20240226
170615167,1-Tert-butyl-4-ethylcycloheptane;ethane,,C15H32,"InChI=1S/C13H26.C2H6/c1-5-11-7-6-8-12(10-9-11)13(2,3)4;1-2/h11-12H,5-10H2,1-4H3;1-2H3",CC.CCC1CCCC(CC1)C(C)(C)C,ISNCSGNUNZOVGU-UHFFFAOYSA-N,1-tert-butyl-4-ethylcycloheptane;ethane,,Patents,,PATENTSCOPE (WIPO),Governmental Organizations,,212.41,0.0,141,,15,0,0,2,212.250397,212.250397,0,2,0,2,0,2,0,0,0,0,0,0,1,20240226
170616685,"1,3-Dimethyl-1-(3-methylhexyl)cyclobutane;ethane",,C15H32,"InChI=1S/C13H26.C2H6/c1-5-6-11(2)7-8-13(4)9-12(3)10-13;1-2/h11-12H,5-10H2,1-4H3;1-2H3",CC.CCCC(C)CCC1(CC(C1)C)C,ZCSUVJWGKCLEJB-UHFFFAOYSA-N,"1,3-dimethyl-1-(3-methylhexyl)cyclobutane;ethane",,Patents,,PATENTSCOPE (WIPO),Governmental Organizations,,212.41,0.0,142,,15,0,0,5,212.250397,212.250397,0,2,0,1,0,1,0,0,0,0,0,0,1,20240226
170638807,Cyclohexene;ethane;heptane,,C15H32,"InChI=1S/C7H16.C6H10.C2H6/c1-3-5-7-6-4-2;1-2-4-6-5-3-1;1-2/h3-7H2,1-2H3;1-2H,3-6H2;1-2H3",CC.CCCCCCC.C1CCC=CC1,RQPVPANMNLQNLE-UHFFFAOYSA-N,cyclohexene;ethane;heptane,,Patents,,PATENTSCOPE (WIPO),Governmental Organizations,,212.41,0.0,64,,15,0,0,4,212.250397,212.250397,0,3,0,0,0,0,0,0,0,0,0,0,1,20240226
170707005,"4,4-Dimethylhexan-3-ylcyclohexane;methane",,C15H32,"InChI=1S/C14H28.CH4/c1-5-13(14(3,4)6-2)12-10-8-7-9-11-12;/h12-13H,5-11H2,1-4H3;1H4",C.CCC(C1CCCCC1)C(C)(C)CC,CBUWLMAAOLCIHV-UHFFFAOYSA-N,"4,4-dimethylhexan-3-ylcyclohexane;methane",,Patents,,PATENTSCOPE (WIPO),Governmental Organizations,,212.41,0.0,151,,15,0,0,4,212.250397,212.250397,0,2,0,1,0,1,0,0,0,0,0,0,1,20240226
170788254,"ethane;ethene;(2R)-1,1,2-trimethyl-2-propan-2-ylcyclopentane",,C15H32,"InChI=1S/C11H22.C2H6.C2H4/c1-9(2)11(5)8-6-7-10(11,3)4;2*1-2/h9H,6-8H2,1-5H3;1-2H3;1-2H2/t11-;;/m1../s1",CC.CC(C)[C@]1(CCCC1(C)C)C.C=C,GCIZBFBTHZVSTA-NVJADKKVSA-N,"ethane;ethene;(2R)-1,1,2-trimethyl-2-propan-2-ylcyclopentane",,Patents,,PATENTSCOPE (WIPO),Governmental Organizations,,212.41,0.0,144,,15,0,0,1,212.250397,212.250397,0,3,0,1,1,0,0,0,0,0,0,0,1,20240226
170983863,"3-Ethyl-2,3-dimethylundecane",,C15H32,"InChI=1S/C15H32/c1-6-8-9-10-11-12-13-15(5,7-2)14(3)4/h14H,6-13H2,1-5H3",CCCCCCCCC(C)(CC)C(C)C,JPCLWIBYSDFFEU-UHFFFAOYSA-N,"3-ethyl-2,3-dimethylundecane",,Patents,,PATENTSCOPE (WIPO),Governmental Organizations,,212.41,0.0,137,7.6,15,0,0,9,212.250397,212.250397,0,1,0,1,0,1,0,0,0,0,0,0,1,20240318
172064750,2-Methyl-8-propylundecane,SCHEMBL29009375,C15H32,"InChI=1S/C15H32/c1-5-10-15(11-6-2)13-9-7-8-12-14(3)4/h14-15H,5-13H2,1-4H3",CCCC(CCC)CCCCCC(C)C,WEYSQWKMXNLLEP-UHFFFAOYSA-N,2-methyl-8-propylundecane,,Patents,,PATENTSCOPE (WIPO)|SureChEMBL,Curation Efforts|Governmental Organizations|Research and Development,,212.41,0.0,109,7.8,15,0,0,10,212.250397,212.250397,0,1,0,0,0,0,0,0,0,0,24,24,1,20241101
172542872,"(3R)-4-ethyl-2,2,3,4-tetramethyl-3-propan-2-ylhexane",,C15H32,"InChI=1S/C15H32/c1-10-14(8,11-2)15(9,12(3)4)13(5,6)7/h12H,10-11H2,1-9H3/t15-/m1/s1",CCC(C)(CC)[C@](C)(C(C)C)C(C)(C)C,NXJDFAUSLCPOQP-OAHLLOKOSA-N,"(3R)-4-ethyl-2,2,3,4-tetramethyl-3-propan-2-ylhexane",,Patents,,PATENTSCOPE (WIPO),Governmental Organizations,,212.41,0.0,191,6.7,15,0,0,5,212.250397,212.250397,0,1,0,1,1,0,0,0,0,0,0,0,1,20241218
172542891,"3-Tert-butyl-4-ethyl-2,2,3-trimethylhexane",,C15H32,"InChI=1S/C15H32/c1-10-12(11-2)15(9,13(3,4)5)14(6,7)8/h12H,10-11H2,1-9H3",CCC(CC)C(C)(C(C)(C)C)C(C)(C)C,QRFZVBXGHHZUPX-UHFFFAOYSA-N,"3-tert-butyl-4-ethyl-2,2,3-trimethylhexane",,Patents,,PATENTSCOPE (WIPO),Governmental Organizations,,212.41,0.0,169,6.7,15,0,0,5,212.250397,212.250397,0,1,0,0,0,0,0,0,0,0,0,0,1,20241218
172617462,"1,1-Dipropylcycloheptane;ethane",,C15H32,"InChI=1S/C13H26.C2H6/c1-3-9-13(10-4-2)11-7-5-6-8-12-13;1-2/h3-12H2,1-2H3;1-2H3",CC.CCCC1(CCCCCC1)CCC,IAGXHJLEAALPSB-UHFFFAOYSA-N,"1,1-dipropylcycloheptane;ethane",,Patents,,PATENTSCOPE (WIPO),Governmental Organizations,,212.41,0.0,110,,15,0,0,4,212.250397,212.250397,0,2,0,0,0,0,0,0,0,0,0,0,1,20241218
173004487,"2,5,8,8-Tetramethylundecane",SCHEMBL306061,C15H32,"InChI=1S/C15H32/c1-7-11-15(5,6)12-10-14(4)9-8-13(2)3/h13-14H,7-12H2,1-6H3",CCCC(C)(C)CCC(C)CCC(C)C,BLUBYMOXXZRQQE-UHFFFAOYSA-N,"2,5,8,8-tetramethylundecane",,Patents,,SureChEMBL,Curation Efforts|Research and Development,,212.41,0.0,144,7.3,15,0,0,8,212.250397,212.250397,0,1,0,1,0,1,0,0,0,0,37,11,1,20250514
173004488,"2,2,7,10-Tetramethylundecane",SCHEMBL306062,C15H32,"InChI=1S/C15H32/c1-13(2)10-11-14(3)9-7-8-12-15(4,5)6/h13-14H,7-12H2,1-6H3",CC(C)CCC(C)CCCCC(C)(C)C,FPQGBJLKSCVJNX-UHFFFAOYSA-N,"2,2,7,10-tetramethylundecane",,Patents,,SureChEMBL,Curation Efforts|Research and Development,,212.41,0.0,139,7.3,15,0,0,8,212.250397,212.250397,0,1,0,1,0,1,0,0,0,0,39,13,1,20250514
173027495,"5-Ethyl-2,2,4,4-tetramethylnonane",SCHEMBL1024157,C15H32,"InChI=1S/C15H32/c1-8-10-11-13(9-2)15(6,7)12-14(3,4)5/h13H,8-12H2,1-7H3",CCCCC(CC)C(C)(C)CC(C)(C)C,LTBLNUVFHOWANP-UHFFFAOYSA-N,"5-ethyl-2,2,4,4-tetramethylnonane",,Patents,,SureChEMBL,Curation Efforts|Research and Development,,212.41,0.0,159,7.2,15,0,0,7,212.250397,212.250397,0,1,0,1,0,1,0,0,0,0,5,1,1,20250514
173027496,"4-Ethyl-2,2-dimethyl-3-propan-2-yloctane",SCHEMBL1024158,C15H32,"InChI=1S/C15H32/c1-8-10-11-13(9-2)14(12(3)4)15(5,6)7/h12-14H,8-11H2,1-7H3",CCCCC(CC)C(C(C)C)C(C)(C)C,RKPRLNCQNYFVDO-UHFFFAOYSA-N,"4-ethyl-2,2-dimethyl-3-propan-2-yloctane",,Patents,,SureChEMBL,Curation Efforts|Research and Development,,212.41,0.0,150,7.0,15,0,0,7,212.250397,212.250397,0,1,0,2,0,2,0,0,0,0,5,1,1,20250514
173030035,"3-Tert-butyl-2,2-dimethylnonane",SCHEMBL1082919,C15H32,"InChI=1S/C15H32/c1-8-9-10-11-12-13(14(2,3)4)15(5,6)7/h13H,8-12H2,1-7H3",CCCCCCC(C(C)(C)C)C(C)(C)C,JWZSOOLCUFZSHL-UHFFFAOYSA-N,"3-tert-butyl-2,2-dimethylnonane",,Patents,,SureChEMBL,Curation Efforts|Research and Development,,212.41,0.0,140,7.2,15,0,0,7,212.250397,212.250397,0,1,0,0,0,0,0,0,0,0,1,1,1,20250514
173045017,"4,4,7,7-Tetramethylundecane",SCHEMBL1579175,C15H32,"InChI=1S/C15H32/c1-7-9-11-15(5,6)13-12-14(3,4)10-8-2/h7-13H2,1-6H3",CCCCC(C)(C)CCC(C)(C)CCC,NLMPORYUMJKWFE-UHFFFAOYSA-N,"4,4,7,7-tetramethylundecane",,Patents,,PATENTSCOPE (WIPO)|SureChEMBL,Curation Efforts|Governmental Organizations|Research and Development,,212.41,0.0,153,7.5,15,0,0,8,212.250397,212.250397,0,1,0,0,0,0,0,0,0,0,16,5,1,20250514
173045018,"3,3,8,8-Tetramethylundecane",SCHEMBL1579187,C15H32,"InChI=1S/C15H32/c1-7-11-15(5,6)13-10-9-12-14(3,4)8-2/h7-13H2,1-6H3",CCCC(C)(C)CCCCC(C)(C)CC,FEPOENMUPLFXSR-UHFFFAOYSA-N,"3,3,8,8-tetramethylundecane",,Patents,,SureChEMBL,Curation Efforts|Research and Development,,212.41,0.0,153,7.5,15,0,0,8,212.250397,212.250397,0,1,0,0,0,0,0,0,0,0,15,5,1,20250514
173045072,"3,3,10-Trimethyldodecane",SCHEMBL1580562,C15H32,"InChI=1S/C15H32/c1-6-14(3)12-10-8-9-11-13-15(4,5)7-2/h14H,6-13H2,1-5H3",CCC(C)CCCCCCC(C)(C)CC,DVAHVFGGEOMEAB-UHFFFAOYSA-N,"3,3,10-trimethyldodecane",,Patents,,SureChEMBL,Curation Efforts|Research and Development,,212.41,0.0,135,7.6,15,0,0,9,212.250397,212.250397,0,1,0,1,0,1,0,0,0,0,15,5,1,20250514
173077600,"2,2,4,4-Tetramethylundecane",SCHEMBL2727626|SCHEMBL6830551,C15H32,"InChI=1S/C15H32/c1-7-8-9-10-11-12-15(5,6)13-14(2,3)4/h7-13H2,1-6H3",CCCCCCCC(C)(C)CC(C)(C)C,HIGDJXNRMZCOLD-UHFFFAOYSA-N,"2,2,4,4-tetramethylundecane",,Patents,,SureChEMBL,Curation Efforts|Research and Development,,212.41,0.0,148,7.5,15,0,0,8,212.250397,212.250397,0,1,0,0,0,0,0,0,0,0,3,2,1,20250514
173120030,"5-Tert-butyl-2,6-dimethylnonane",SCHEMBL4037984,C15H32,"InChI=1S/C15H32/c1-8-9-13(4)14(15(5,6)7)11-10-12(2)3/h12-14H,8-11H2,1-7H3",CCCC(C)C(CCC(C)C)C(C)(C)C,KPROBHVZYRVHGW-UHFFFAOYSA-N,"5-tert-butyl-2,6-dimethylnonane",,Patents,,SureChEMBL,Curation Efforts|Research and Development,,212.41,0.0,150,7.0,15,0,0,7,212.250397,212.250397,0,1,0,2,0,2,0,0,0,0,1,1,1,20250514
173141656,"5-Ethyl-3,6,8-trimethyldecane",SCHEMBL4652950,C15H32,"InChI=1S/C15H32/c1-7-12(4)10-14(6)15(9-3)11-13(5)8-2/h12-15H,7-11H2,1-6H3",CCC(C)CC(C)C(CC)CC(C)CC,DIGADCVZNYNSQS-UHFFFAOYSA-N,"5-ethyl-3,6,8-trimethyldecane",,Patents,,SureChEMBL,Curation Efforts|Research and Development,,212.41,0.0,139,7.2,15,0,0,8,212.250397,212.250397,0,1,0,4,0,4,0,0,0,0,2,1,1,20250514
173141659,"5-Butan-2-yl-3,7-dimethylnonane",SCHEMBL4653007,C15H32,"InChI=1S/C15H32/c1-7-12(4)10-15(14(6)9-3)11-13(5)8-2/h12-15H,7-11H2,1-6H3",CCC(C)CC(CC(C)CC)C(C)CC,XFKIODDYVVQBET-UHFFFAOYSA-N,"5-butan-2-yl-3,7-dimethylnonane",,Patents,,SureChEMBL,Curation Efforts|Research and Development,,212.41,0.0,127,7.2,15,0,0,8,212.250397,212.250397,0,1,0,3,0,3,0,0,0,0,2,1,1,20250514
173141660,"4-Ethyl-2,2,5,7,7-pentamethyloctane",SCHEMBL4653027,C15H32,"InChI=1S/C15H32/c1-9-13(11-15(6,7)8)12(2)10-14(3,4)5/h12-13H,9-11H2,1-8H3",CCC(CC(C)(C)C)C(C)CC(C)(C)C,CYUHSNUKEYPUFA-UHFFFAOYSA-N,"4-ethyl-2,2,5,7,7-pentamethyloctane",,Patents,,SureChEMBL,Curation Efforts|Research and Development,,212.41,0.0,165,6.9,15,0,0,6,212.250397,212.250397,0,1,0,2,0,2,0,0,0,0,2,1,1,20250514
173141811,"5-Ethyl-4,6,7-trimethyldecane",SCHEMBL4655250,C15H32,"InChI=1S/C15H32/c1-7-10-12(4)14(6)15(9-3)13(5)11-8-2/h12-15H,7-11H2,1-6H3",CCCC(C)C(C)C(CC)C(C)CCC,USGPETSZFGDFMJ-UHFFFAOYSA-N,"5-ethyl-4,6,7-trimethyldecane",,Patents,,SureChEMBL,Curation Efforts|Research and Development,,212.41,0.0,139,7.2,15,0,0,8,212.250397,212.250397,0,1,0,4,0,4,0,0,0,0,2,1,1,20250514
173210034,"3,4,6-Triethyl-5-methyloctane",SCHEMBL6389936,C15H32,"InChI=1S/C15H32/c1-7-13(8-2)12(6)15(11-5)14(9-3)10-4/h12-15H,7-11H2,1-6H3",CCC(CC)C(C)C(CC)C(CC)CC,HXWDXXZUEBOCOY-UHFFFAOYSA-N,"3,4,6-triethyl-5-methyloctane",,Patents,,SureChEMBL,Curation Efforts|Research and Development,,212.41,0.0,131,7.2,15,0,0,8,212.250397,212.250397,0,1,0,2,0,2,0,0,0,0,1,1,1,20250514
173210035,3-Ethyl-4-pentan-3-yloctane,SCHEMBL6389938,C15H32,"InChI=1S/C15H32/c1-6-11-12-15(13(7-2)8-3)14(9-4)10-5/h13-15H,6-12H2,1-5H3",CCCCC(C(CC)CC)C(CC)CC,HNTANSCEDIQLDT-UHFFFAOYSA-N,3-ethyl-4-pentan-3-yloctane,,Patents,,SureChEMBL,Curation Efforts|Research and Development,,212.41,0.0,108,7.5,15,0,0,9,212.250397,212.250397,0,1,0,0,0,0,0,0,0,0,1,1,1,20250514
173215302,"3,3-Diethyl-5-propyloctane",SCHEMBL6530883,C15H32,"InChI=1S/C15H32/c1-6-11-14(12-7-2)13-15(8-3,9-4)10-5/h14H,6-13H2,1-5H3",CCCC(CCC)CC(CC)(CC)CC,ICDZSQGNAAELFI-UHFFFAOYSA-N,"3,3-diethyl-5-propyloctane",,Patents,,SureChEMBL,Curation Efforts|Research and Development,,212.41,0.0,119,7.6,15,0,0,9,212.250397,212.250397,0,1,0,0,0,0,0,0,0,0,1,1,1,20250514
173249867,"3,5-Dimethyl-5-(2-methylpropyl)nonane",SCHEMBL7276821,C15H32,"InChI=1S/C15H32/c1-7-9-10-15(6,11-13(3)4)12-14(5)8-2/h13-14H,7-12H2,1-6H3",CCCCC(C)(CC(C)C)CC(C)CC,GDWCKVPOZVGPTA-UHFFFAOYSA-N,"3,5-dimethyl-5-(2-methylpropyl)nonane",,Patents,,SureChEMBL,Curation Efforts|Research and Development,,212.41,0.0,148,7.3,15,0,0,8,212.250397,212.250397,0,1,0,2,0,2,0,0,0,0,1,1,1,20250514
173256628,"(5R,8S)-2,8-dimethyl-5-propyldecane",SCHEMBL7518811,C15H32,"InChI=1S/C15H32/c1-6-8-15(11-9-13(3)4)12-10-14(5)7-2/h13-15H,6-12H2,1-5H3/t14-,15+/m0/s1",CCC[C@@H](CC[C@@H](C)CC)CCC(C)C,WSNMASDFIVTBAB-LSDHHAIUSA-N,"(5R,8S)-2,8-dimethyl-5-propyldecane",,Patents,,SureChEMBL,Curation Efforts|Research and Development,,212.41,0.0,126,7.5,15,0,0,9,212.250397,212.250397,0,1,0,2,2,0,0,0,0,0,1,1,1,20250514
173258312,"4,5-Diethyl-2,2,3,4-tetramethylheptane",SCHEMBL7551173,C15H32,"InChI=1S/C15H32/c1-9-13(10-2)15(8,11-3)12(4)14(5,6)7/h12-13H,9-11H2,1-8H3",CCC(CC)C(C)(CC)C(C)C(C)(C)C,SARDRWLUOSFKIN-UHFFFAOYSA-N,"4,5-diethyl-2,2,3,4-tetramethylheptane",,Patents,,SureChEMBL,Curation Efforts|Research and Development,,212.41,0.0,171,6.9,15,0,0,6,212.250397,212.250397,0,1,0,2,0,2,0,0,0,0,2,1,1,20250514
173301268,"5,7-Diethyl-3-methyldecane",SCHEMBL8389319,C15H32,"InChI=1S/C15H32/c1-6-10-14(8-3)12-15(9-4)11-13(5)7-2/h13-15H,6-12H2,1-5H3",CCCC(CC)CC(CC)CC(C)CC,IHOKJTYWGMYKQS-UHFFFAOYSA-N,"5,7-diethyl-3-methyldecane",,Patents,,SureChEMBL,Curation Efforts|Research and Development,,212.41,0.0,128,7.5,15,0,0,9,212.250397,212.250397,0,1,0,3,0,3,0,0,0,0,2,1,1,20250515
173326274,Acetylene;heptane;hexane,SCHEMBL8844426,C15H32,"InChI=1S/C7H16.C6H14.C2H2/c1-3-5-7-6-4-2;1-3-5-6-4-2;1-2/h3-7H2,1-2H3;3-6H2,1-2H3;1-2H",CCCCCC.CCCCCCC.C#C,NZELRCOSAITEFF-UHFFFAOYSA-N,acetylene;heptane;hexane,,Patents,,SureChEMBL,Curation Efforts|Research and Development,,212.41,0.0,39,,15,0,0,7,212.250397,212.250397,0,3,0,0,0,0,0,0,0,0,1,1,1,20250515
173347137,"2,2,4,7,8-Pentamethyldecane",SCHEMBL9244958,C15H32,"InChI=1S/C15H32/c1-8-13(3)14(4)10-9-12(2)11-15(5,6)7/h12-14H,8-11H2,1-7H3",CCC(C)C(C)CCC(C)CC(C)(C)C,XPKQKVNNOORNIM-UHFFFAOYSA-N,"2,2,4,7,8-pentamethyldecane",,Patents,,SureChEMBL,Curation Efforts|Research and Development,,212.41,0.0,152,7.0,15,0,0,7,212.250397,212.250397,0,1,0,3,0,3,0,0,0,0,1,1,1,20250515
173415273,"3-Ethyl-2,4-dimethylpentane;bis(prop-1-ene)",SCHEMBL10898122,C15H32,"InChI=1S/C9H20.2C3H6/c1-6-9(7(2)3)8(4)5;2*1-3-2/h7-9H,6H2,1-5H3;2*3H,1H2,2H3",CCC(C(C)C)C(C)C.CC=C.CC=C,RMMFDEMEVXVSNA-UHFFFAOYSA-N,"3-ethyl-2,4-dimethylpentane;bis(prop-1-ene)",,Patents,,SureChEMBL,Curation Efforts|Research and Development,,212.41,0.0,61,,15,0,0,3,212.250397,212.250397,0,3,0,0,0,0,0,0,0,0,1,1,1,20250515
173421595,5-Propan-2-yl-5-propylnonane,SCHEMBL11026302,C15H32,"InChI=1S/C15H32/c1-6-9-12-15(11-8-3,14(4)5)13-10-7-2/h14H,6-13H2,1-5H3",CCCCC(CCC)(CCCC)C(C)C,DBEGYOBMAPQYRG-UHFFFAOYSA-N,5-propan-2-yl-5-propylnonane,,Patents,,SureChEMBL,Curation Efforts|Research and Development,,212.41,0.0,127,7.6,15,0,0,9,212.250397,212.250397,0,1,0,0,0,0,0,0,0,0,1,1,1,20250515
173426868,"1,3-Bis(2-methylpropyl)cyclohexane;methane",SCHEMBL11125986,C15H32,"InChI=1S/C14H28.CH4/c1-11(2)8-13-6-5-7-14(10-13)9-12(3)4;/h11-14H,5-10H2,1-4H3;1H4",C.CC(C)CC1CCCC(C1)CC(C)C,FDBHFAUXVRXKBJ-UHFFFAOYSA-N,"1,3-bis(2-methylpropyl)cyclohexane;methane",,Patents,,SureChEMBL,Curation Efforts|Research and Development,,212.41,0.0,130,,15,0,0,4,212.250397,212.250397,0,2,0,2,0,2,0,0,0,0,1,1,1,20250515
173453517,"6-Ethyl-2,2,3-trimethyldecane",SCHEMBL11676584,C15H32,"InChI=1S/C15H32/c1-7-9-10-14(8-2)12-11-13(3)15(4,5)6/h13-14H,7-12H2,1-6H3",CCCCC(CC)CCC(C)C(C)(C)C,RSKRUDULZVPMOW-UHFFFAOYSA-N,"6-ethyl-2,2,3-trimethyldecane",,Patents,,SureChEMBL,Curation Efforts|Research and Development,,212.41,0.0,141,7.3,15,0,0,8,212.250397,212.250397,0,1,0,2,0,2,0,0,0,0,1,1,1,20250515
173501491,"2,2,3,3,5,7,7-Heptamethyloctane",SCHEMBL14691530,C15H32,"InChI=1S/C15H32/c1-12(10-13(2,3)4)11-15(8,9)14(5,6)7/h12H,10-11H2,1-9H3",CC(CC(C)(C)C)CC(C)(C)C(C)(C)C,LOTPNBIBCCUJEK-UHFFFAOYSA-N,"2,2,3,3,5,7,7-heptamethyloctane",,Patents,,SureChEMBL,Curation Efforts|Research and Development,,212.41,0.0,185,6.7,15,0,0,5,212.250397,212.250397,0,1,0,1,0,1,0,0,0,0,2,1,1,20250515
173538015,1-Butyl-2-methylcyclobutane;hexane,SCHEMBL15657348,C15H32,"InChI=1S/C9H18.C6H14/c1-3-4-5-9-7-6-8(9)2;1-3-5-6-4-2/h8-9H,3-7H2,1-2H3;3-6H2,1-2H3",CCCCCC.CCCCC1CCC1C,WOWGNTLQSLUNFI-UHFFFAOYSA-N,1-butyl-2-methylcyclobutane;hexane,,Patents,,SureChEMBL,Curation Efforts|Research and Development,,212.41,0.0,88,,15,0,0,6,212.250397,212.250397,0,2,0,2,0,2,0,0,0,0,6,1,1,20250515
173553720,"5,5-Diethyl-4-methyldecane",SCHEMBL16148720,C15H32,"InChI=1S/C15H32/c1-6-10-11-13-15(8-3,9-4)14(5)12-7-2/h14H,6-13H2,1-5H3",CCCCCC(CC)(CC)C(C)CCC,IOACPRLGVGOSRP-UHFFFAOYSA-N,"5,5-diethyl-4-methyldecane",,Patents,,SureChEMBL,Curation Efforts|Research and Development,,212.41,0.0,133,7.6,15,0,0,9,212.250397,212.250397,0,1,0,1,0,1,0,0,0,0,2,1,1,20250515
173647438,"2,3,6,6-Tetramethylundecane",SCHEMBL18044118,C15H32,"InChI=1S/C15H32/c1-7-8-9-11-15(5,6)12-10-14(4)13(2)3/h13-14H,7-12H2,1-6H3",CCCCCC(C)(C)CCC(C)C(C)C,ATFFIKBLJRPUBE-UHFFFAOYSA-N,"2,3,6,6-tetramethylundecane",,Patents,,SureChEMBL,Curation Efforts|Research and Development,,212.41,0.0,144,7.3,15,0,0,8,212.250397,212.250397,0,1,0,1,0,1,0,0,0,0,1,1,1,20250515
173667245,"2,2,4,6,6-Pentamethyl-4-propylheptane",SCHEMBL18429623,C15H32,"InChI=1S/C15H32/c1-9-10-15(8,11-13(2,3)4)12-14(5,6)7/h9-12H2,1-8H3",CCCC(C)(CC(C)(C)C)CC(C)(C)C,TZBZQGGFLKWGSD-UHFFFAOYSA-N,"2,2,4,6,6-pentamethyl-4-propylheptane",,Patents,,SureChEMBL,Curation Efforts|Research and Development,,212.41,0.0,159,7.0,15,0,0,6,212.250397,212.250397,0,1,0,0,0,0,0,0,0,0,1,1,1,20250515
173667412,2-Methyl-6-propylundecane,SCHEMBL18432779,C15H32,"InChI=1S/C15H32/c1-5-7-8-12-15(10-6-2)13-9-11-14(3)4/h14-15H,5-13H2,1-4H3",CCCCCC(CCC)CCCC(C)C,ZSHAPLWHRHEZDV-UHFFFAOYSA-N,2-methyl-6-propylundecane,,Patents,,SureChEMBL,Curation Efforts|Research and Development,,212.41,0.0,115,7.8,15,0,0,10,212.250397,212.250397,0,1,0,1,0,1,0,0,0,0,1,1,1,20250515
173668664,"2,3,7-Trimethyl-5-(2-methylpropyl)octane",SCHEMBL18469125,C15H32,"InChI=1S/C15H32/c1-11(2)8-15(9-12(3)4)10-14(7)13(5)6/h11-15H,8-10H2,1-7H3",CC(C)CC(CC(C)C)CC(C)C(C)C,CNNOGVOACUTYJI-UHFFFAOYSA-N,"2,3,7-trimethyl-5-(2-methylpropyl)octane",,Patents,,SureChEMBL,Curation Efforts|Research and Development,,212.41,0.0,134,6.9,15,0,0,7,212.250397,212.250397,0,1,0,1,0,1,0,0,0,0,1,1,1,20250515
173695216,"3-Tert-butyl-2,2,3-trimethyloctane",SCHEMBL18995199,C15H32,"InChI=1S/C15H32/c1-9-10-11-12-15(8,13(2,3)4)14(5,6)7/h9-12H2,1-8H3",CCCCCC(C)(C(C)(C)C)C(C)(C)C,AIVQXUGSZUXRMF-UHFFFAOYSA-N,"3-tert-butyl-2,2,3-trimethyloctane",,Patents,,SureChEMBL,Curation Efforts|Research and Development,,212.41,0.0,161,7.0,15,0,0,6,212.250397,212.250397,0,1,0,0,0,0,0,0,0,0,1,1,1,20250515
173695663,"3,4-Diethyl-2,2,4-trimethyloctane",SCHEMBL19012456,C15H32,"InChI=1S/C15H32/c1-8-11-12-15(7,10-3)13(9-2)14(4,5)6/h13H,8-12H2,1-7H3",CCCCC(C)(CC)C(CC)C(C)(C)C,QVLMQSWCCOIKGZ-UHFFFAOYSA-N,"3,4-diethyl-2,2,4-trimethyloctane",,Patents,,SureChEMBL,Curation Efforts|Research and Development,,212.41,0.0,163,7.2,15,0,0,7,212.250397,212.250397,0,1,0,2,0,2,0,0,0,0,1,1,1,20250515
173710964,"4,5-Diethyl-4-propyloctane",SCHEMBL19326557,C15H32,"InChI=1S/C15H32/c1-6-11-14(9-4)15(10-5,12-7-2)13-8-3/h14H,6-13H2,1-5H3",CCCC(CC)C(CC)(CCC)CCC,AGSYHHPCTMJINC-UHFFFAOYSA-N,"4,5-diethyl-4-propyloctane",,Patents,,SureChEMBL,Curation Efforts|Research and Development,,212.41,0.0,131,7.6,15,0,0,9,212.250397,212.250397,0,1,0,1,0,1,0,0,0,0,1,1,1,20250515
173710967,"5-Butyl-4,4-dimethylnonane",SCHEMBL19326560,C15H32,"InChI=1S/C15H32/c1-6-9-11-14(12-10-7-2)15(4,5)13-8-3/h14H,6-13H2,1-5H3",CCCCC(CCCC)C(C)(C)CCC,DGXRNLUADBGALE-UHFFFAOYSA-N,"5-butyl-4,4-dimethylnonane",,Patents,,SureChEMBL,Curation Efforts|Research and Development,,212.41,0.0,127,7.6,15,0,0,9,212.250397,212.250397,0,1,0,0,0,0,0,0,0,0,1,1,1,20250515
173765420,4-Ethyl-2-methyl-4-propylnonane,SCHEMBL20298952,C15H32,"InChI=1S/C15H32/c1-6-9-10-12-15(8-3,11-7-2)13-14(4)5/h14H,6-13H2,1-5H3",CCCCCC(CC)(CCC)CC(C)C,XGOUJMNMUHONRE-UHFFFAOYSA-N,4-ethyl-2-methyl-4-propylnonane,,Patents,,SureChEMBL,Curation Efforts|Research and Development,,212.41,0.0,137,7.6,15,0,0,9,212.250397,212.250397,0,1,0,1,0,1,0,0,0,0,2,1,1,20250515
173775186,"4,4-Diethyl-2-methyldecane",SCHEMBL20471393,C15H32,"InChI=1S/C15H32/c1-6-9-10-11-12-15(7-2,8-3)13-14(4)5/h14H,6-13H2,1-5H3",CCCCCCC(CC)(CC)CC(C)C,GJJRXIBDUXQYGK-UHFFFAOYSA-N,"4,4-diethyl-2-methyldecane",,Patents,,SureChEMBL,Curation Efforts|Research and Development,,212.41,0.0,131,7.6,15,0,0,9,212.250397,212.250397,0,1,0,0,0,0,0,0,0,0,3,1,1,20250515
173856568,"(3S,6R)-3-ethyl-2,6,7,7-tetramethylnonane",SCHEMBL21927833,C15H32,"InChI=1S/C15H32/c1-8-14(12(3)4)11-10-13(5)15(6,7)9-2/h12-14H,8-11H2,1-7H3/t13-,14+/m1/s1",CC[C@@H](CC[C@@H](C)C(C)(C)CC)C(C)C,JALHDUYZVYRYKN-KGLIPLIRSA-N,"(3S,6R)-3-ethyl-2,6,7,7-tetramethylnonane",,Patents,,SureChEMBL,Curation Efforts|Research and Development,,212.41,0.0,155,7.0,15,0,0,7,212.250397,212.250397,0,1,0,2,2,0,0,0,0,0,1,1,1,20250515
174030960,"8-Ethyl-2,2,9-trimethyldecane",SCHEMBL24811776,C15H32,"InChI=1S/C15H32/c1-7-14(13(2)3)11-9-8-10-12-15(4,5)6/h13-14H,7-12H2,1-6H3",CCC(CCCCCC(C)(C)C)C(C)C,ZTJVLCWKRVCDSB-UHFFFAOYSA-N,"8-ethyl-2,2,9-trimethyldecane",,Patents,,SureChEMBL,Curation Efforts|Research and Development,,212.41,0.0,139,7.3,15,0,0,8,212.250397,212.250397,0,1,0,1,0,1,0,0,0,0,1,1,1,20250515
174057497,"2,2,8-Trimethyldodecane",SCHEMBL25384623,C15H32,"InChI=1S/C15H32/c1-6-7-11-14(2)12-9-8-10-13-15(3,4)5/h14H,6-13H2,1-5H3",CCCCC(C)CCCCCC(C)(C)C,XIZVWJVQHKXJIX-UHFFFAOYSA-N,"2,2,8-trimethyldodecane",,Patents,,SureChEMBL,Curation Efforts|Research and Development,,212.41,0.0,129,7.6,15,0,0,9,212.250397,212.250397,0,1,0,1,0,1,0,0,0,0,7,5,1,20250515
174057533,"2,2,9-Trimethyldodecane",SCHEMBL25385484,C15H32,"InChI=1S/C15H32/c1-6-11-14(2)12-9-7-8-10-13-15(3,4)5/h14H,6-13H2,1-5H3",CCCC(C)CCCCCCC(C)(C)C,XFWXKDPBYXKDSN-UHFFFAOYSA-N,"2,2,9-trimethyldodecane",,Patents,,SureChEMBL,Curation Efforts|Research and Development,,212.41,0.0,129,7.6,15,0,0,9,212.250397,212.250397,0,1,0,1,0,1,0,0,0,0,7,5,1,20250515
174057574,"2,2,7-Trimethyldodecane",SCHEMBL25386382,C15H32,"InChI=1S/C15H32/c1-6-7-8-11-14(2)12-9-10-13-15(3,4)5/h14H,6-13H2,1-5H3",CCCCCC(C)CCCCC(C)(C)C,RZPIJUKUNFJLIS-UHFFFAOYSA-N,"2,2,7-trimethyldodecane",,Patents,,SureChEMBL,Curation Efforts|Research and Development,,212.41,0.0,129,7.6,15,0,0,9,212.250397,212.250397,0,1,0,1,0,1,0,0,0,0,7,5,1,20250515
174097841,"3-Ethyl-2,2,5-trimethyldecane",SCHEMBL25968852,C15H32,"InChI=1S/C15H32/c1-7-9-10-11-13(3)12-14(8-2)15(4,5)6/h13-14H,7-12H2,1-6H3",CCCCCC(C)CC(CC)C(C)(C)C,HZAWWWDEHWXSOD-UHFFFAOYSA-N,"3-ethyl-2,2,5-trimethyldecane",,Patents,,SureChEMBL,Curation Efforts|Research and Development,,212.41,0.0,141,7.3,15,0,0,8,212.250397,212.250397,0,1,0,2,0,2,0,0,0,0,1,1,1,20250515
174368944,"5-Butan-2-yl-3,5-dimethylnonane",SCHEMBL27460631,C15H32,"InChI=1S/C15H32/c1-7-10-11-15(6,14(5)9-3)12-13(4)8-2/h13-14H,7-12H2,1-6H3",CCCCC(C)(CC(C)CC)C(C)CC,WIFBVLOXIOULAZ-UHFFFAOYSA-N,"5-butan-2-yl-3,5-dimethylnonane",,Patents,,SureChEMBL,Curation Efforts|Research and Development,,212.41,0.0,150,7.3,15,0,0,8,212.250397,212.250397,0,1,0,3,0,3,0,0,0,0,1,1,1,20250515
174488710,"3-Methyl-4,4-di(propan-2-yl)octane",SCHEMBL27631178,C15H32,"InChI=1S/C15H32/c1-8-10-11-15(12(3)4,13(5)6)14(7)9-2/h12-14H,8-11H2,1-7H3",CCCCC(C(C)C)(C(C)C)C(C)CC,VQTBFOIYXMRDIJ-UHFFFAOYSA-N,"3-methyl-4,4-di(propan-2-yl)octane",,Patents,,SureChEMBL,Curation Efforts|Research and Development,,212.41,0.0,147,7.0,15,0,0,7,212.250397,212.250397,0,1,0,1,0,1,0,0,0,0,1,1,1,20250515
174560839,Dec-1-ene;2-methylbutane,SCHEMBL27733519,C15H32,"InChI=1S/C10H20.C5H12/c1-3-5-7-9-10-8-6-4-2;1-4-5(2)3/h3H,1,4-10H2,2H3;5H,4H2,1-3H3",CCCCCCCCC=C.CCC(C)C,LMUNBMHWGSQKTQ-UHFFFAOYSA-N,dec-1-ene;2-methylbutane,,Patents,,SureChEMBL,Curation Efforts|Research and Development,,212.41,0.0,78,,15,0,0,8,212.250397,212.250397,0,2,0,0,0,0,0,0,0,0,2,1,1,20250515
174624867,"2,5,8-Trimethyl-5-propylnonane",SCHEMBL27823981,C15H32,"InChI=1S/C15H32/c1-7-10-15(6,11-8-13(2)3)12-9-14(4)5/h13-14H,7-12H2,1-6H3",CCCC(C)(CCC(C)C)CCC(C)C,BPLFTNUMQXVXAE-UHFFFAOYSA-N,"2,5,8-trimethyl-5-propylnonane",,Patents,,SureChEMBL,Curation Efforts|Research and Development,,212.41,0.0,132,7.3,15,0,0,8,212.250397,212.250397,0,1,0,0,0,0,0,0,0,0,1,1,1,20250515
174758066,"5-Ethyl-2,6,9-trimethyldecane",SCHEMBL28017760,C15H32,"InChI=1S/C15H32/c1-7-15(11-9-13(4)5)14(6)10-8-12(2)3/h12-15H,7-11H2,1-6H3",CCC(CCC(C)C)C(C)CCC(C)C,XRNVHFGGVYKLGM-UHFFFAOYSA-N,"5-ethyl-2,6,9-trimethyldecane",,Patents,,SureChEMBL,Curation Efforts|Research and Development,,212.41,0.0,135,7.2,15,0,0,8,212.250397,212.250397,0,1,0,2,0,2,0,0,0,0,2,1,1,20250515
174797834,Cyclopropane;dodecane,SCHEMBL28075929|SCHEMBL28192111,C15H32,"InChI=1S/C12H26.C3H6/c1-3-5-7-9-11-12-10-8-6-4-2;1-2-3-1/h3-12H2,1-2H3;1-3H2",CCCCCCCCCCCC.C1CC1,MYUDNCDXXVBENW-UHFFFAOYSA-N,cyclopropane;dodecane,,Patents,,SureChEMBL,Curation Efforts|Research and Development,,212.41,0.0,61,,15,0,0,9,212.250397,212.250397,0,2,0,0,0,0,0,0,0,0,4,3,1,20250515
174904055,"2,4-Dimethyl-5-(2-methylpropyl)nonane",SCHEMBL28223966,C15H32,"InChI=1S/C15H32/c1-7-8-9-15(11-13(4)5)14(6)10-12(2)3/h12-15H,7-11H2,1-6H3",CCCCC(CC(C)C)C(C)CC(C)C,XSYBYZKXIMJRJX-UHFFFAOYSA-N,"2,4-dimethyl-5-(2-methylpropyl)nonane",,Patents,,SureChEMBL,Curation Efforts|Research and Development,,212.41,0.0,135,7.2,15,0,0,8,212.250397,212.250397,0,1,0,2,0,2,0,0,0,0,2,2,1,20250515
174956223,5-Butan-2-yl-5-ethylnonane,SCHEMBL28298186,C15H32,"InChI=1S/C15H32/c1-6-10-12-15(9-4,13-11-7-2)14(5)8-3/h14H,6-13H2,1-5H3",CCCCC(CC)(CCCC)C(C)CC,OMHFORKOLUEJGW-UHFFFAOYSA-N,5-butan-2-yl-5-ethylnonane,,Patents,,SureChEMBL,Curation Efforts|Research and Development,,212.41,0.0,129,7.6,15,0,0,9,212.250397,212.250397,0,1,0,1,0,1,0,0,0,0,1,1,1,20250515
175065624,"2-Methyl-3,3-di(propan-2-yl)octane",SCHEMBL28475673,C15H32,"InChI=1S/C15H32/c1-8-9-10-11-15(12(2)3,13(4)5)14(6)7/h12-14H,8-11H2,1-7H3",CCCCCC(C(C)C)(C(C)C)C(C)C,FZGMDRSAGMFVFZ-UHFFFAOYSA-N,"2-methyl-3,3-di(propan-2-yl)octane",,Patents,,SureChEMBL,Curation Efforts|Research and Development,,212.41,0.0,132,7.0,15,0,0,7,212.250397,212.250397,0,1,0,0,0,0,0,0,0,0,1,1,1,20250515
175265590,"2,5-Dimethylhex-1-ene;3-methylhexane",SCHEMBL28785262,C15H32,"InChI=1S/C8H16.C7H16/c1-7(2)5-6-8(3)4;1-4-6-7(3)5-2/h8H,1,5-6H2,2-4H3;7H,4-6H2,1-3H3",CCCC(C)CC.CC(C)CCC(=C)C,IXMZLRDGRHXZLD-UHFFFAOYSA-N,"2,5-dimethylhex-1-ene;3-methylhexane",,Patents,,SureChEMBL,Curation Efforts|Research and Development,,212.41,0.0,101,,15,0,0,6,212.250397,212.250397,0,2,0,1,0,1,0,0,0,0,1,1,1,20250515
175332587,"6,6,7-Trimethyldodecane",SCHEMBL28880009,C15H32,"InChI=1S/C15H32/c1-6-8-10-12-14(3)15(4,5)13-11-9-7-2/h14H,6-13H2,1-5H3",CCCCCC(C)C(C)(C)CCCCC,BNXSMNHPASIIMK-UHFFFAOYSA-N,"6,6,7-trimethyldodecane",,Patents,,SureChEMBL,Curation Efforts|Research and Development,,212.41,0.0,135,7.6,15,0,0,9,212.250397,212.250397,0,1,0,1,0,1,0,0,0,0,2,2,1,20250515
175405482,"5-Ethyl-2,3,3,5,7-pentamethyloctane",SCHEMBL28988585,C15H32,"InChI=1S/C15H32/c1-9-15(8,10-12(2)3)11-14(6,7)13(4)5/h12-13H,9-11H2,1-8H3",CCC(C)(CC(C)C)CC(C)(C)C(C)C,NDXPMLXXDUVJPB-UHFFFAOYSA-N,"5-ethyl-2,3,3,5,7-pentamethyloctane",,Patents,,SureChEMBL,Curation Efforts|Research and Development,,212.41,0.0,176,6.9,15,0,0,6,212.250397,212.250397,0,1,0,1,0,1,0,0,0,0,1,1,1,20250515
175438598,"4-Ethyl-2,2,3-trimethyldecane",SCHEMBL29035274,C15H32,"InChI=1S/C15H32/c1-7-9-10-11-12-14(8-2)13(3)15(4,5)6/h13-14H,7-12H2,1-6H3",CCCCCCC(CC)C(C)C(C)(C)C,VRHXBLJCBQCFAQ-UHFFFAOYSA-N,"4-ethyl-2,2,3-trimethyldecane",,Patents,,SureChEMBL,Curation Efforts|Research and Development,,212.41,0.0,141,7.3,15,0,0,8,212.250397,212.250397,0,1,0,2,0,2,0,0,0,0,1,1,1,20250515
175454149,Methylcyclohexane;3-methylheptane,SCHEMBL29057322,C15H32,"InChI=1S/C8H18.C7H14/c1-4-6-7-8(3)5-2;1-7-5-3-2-4-6-7/h8H,4-7H2,1-3H3;7H,2-6H2,1H3",CCCCC(C)CC.CC1CCCCC1,SUHKQSRWEXXSKD-UHFFFAOYSA-N,methylcyclohexane;3-methylheptane,,Patents,,SureChEMBL,Curation Efforts|Research and Development,,212.41,0.0,81,,15,0,0,4,212.250397,212.250397,0,2,0,1,0,1,0,0,0,0,1,1,1,20250515
175471446,"7-Ethyl-3,5-dimethylundecane",SCHEMBL29082553,C15H32,"InChI=1S/C15H32/c1-6-9-10-15(8-3)12-14(5)11-13(4)7-2/h13-15H,6-12H2,1-5H3",CCCCC(CC)CC(C)CC(C)CC,VEICGJUILIYGKR-UHFFFAOYSA-N,"7-ethyl-3,5-dimethylundecane",,Patents,,SureChEMBL,Curation Efforts|Research and Development,,212.41,0.0,128,7.5,15,0,0,9,212.250397,212.250397,0,1,0,3,0,3,0,0,0,0,1,1,1,20250515
175544980,9-Ethyl-3-methyldodecane,SCHEMBL29190911,C15H32,"InChI=1S/C15H32/c1-5-11-15(7-3)13-10-8-9-12-14(4)6-2/h14-15H,5-13H2,1-4H3",CCCC(CC)CCCCCC(C)CC,DCGWQNZHLJHKGJ-UHFFFAOYSA-N,9-ethyl-3-methyldodecane,,Patents,,SureChEMBL,Curation Efforts|Research and Development,,212.41,0.0,117,7.8,15,0,0,10,212.250397,212.250397,0,1,0,2,0,2,0,0,0,0,1,1,1,20250515
175628293,"2,6-Dimethyl-7-propyldecane",SCHEMBL29328279,C15H32,"InChI=1S/C15H32/c1-6-9-15(10-7-2)14(5)12-8-11-13(3)4/h13-15H,6-12H2,1-5H3",CCCC(CCC)C(C)CCCC(C)C,ROFOCOQDTRGIPX-UHFFFAOYSA-N,"2,6-dimethyl-7-propyldecane",,Patents,,SureChEMBL,Curation Efforts|Research and Development,,212.41,0.0,120,7.5,15,0,0,9,212.250397,212.250397,0,1,0,1,0,1,0,0,0,0,1,1,1,20250515
176177862,"2,5,9-Trimethyldodecane",SCHEMBL31327341,C15H32,"InChI=1S/C15H32/c1-6-8-14(4)9-7-10-15(5)12-11-13(2)3/h13-15H,6-12H2,1-5H3",CCCC(C)CCCC(C)CCC(C)C,XLMVOZPRGGXZKL-UHFFFAOYSA-N,"2,5,9-trimethyldodecane",,Patents,,SureChEMBL,Curation Efforts|Research and Development,,212.41,0.0,126,7.5,15,0,0,9,212.250397,212.250397,0,1,0,2,0,2,0,0,0,0,1,1,1,20250710
176553631,"(6E)-5,5-dimethylocta-1,6-diene;ethane;propane",,C15H32,"InChI=1S/C10H18.C3H8.C2H6/c1-5-7-9-10(3,4)8-6-2;1-3-2;1-2/h5-6,8H,1,7,9H2,2-4H3;3H2,1-2H3;1-2H3/b8-6+;;",CC.CCC.C/C=C/C(C)(C)CCC=C,OAYKRQDPHRRMPF-OVGXCEQFSA-N,"(6E)-5,5-dimethylocta-1,6-diene;ethane;propane",,Patents,,PATENTSCOPE (WIPO),Governmental Organizations,,212.41,0.0,118,,15,0,0,4,212.250397,212.250397,0,3,0,0,0,0,1,1,0,0,0,0,1,20250925
176567735,"Ethane;1,1,2,4,4-pentamethylcyclopentane;prop-1-ene",,C15H32,"InChI=1S/C10H20.C3H6.C2H6/c1-8-6-9(2,3)7-10(8,4)5;1-3-2;1-2/h8H,6-7H2,1-5H3;3H,1H2,2H3;1-2H3",CC.CC=C.CC1CC(CC1(C)C)(C)C,RDBGOXCDELOHCR-UHFFFAOYSA-N,"ethane;1,1,2,4,4-pentamethylcyclopentane;prop-1-ene",,Patents,,PATENTSCOPE (WIPO),Governmental Organizations,,212.41,0.0,138,,15,0,0,0,212.250397,212.250397,0,3,0,1,0,1,0,0,0,0,0,0,1,20250925
176569864,ethane;methane;[(Z)-2-methylbut-2-enylidene]cyclopentane,,C15H32,"InChI=1S/C10H16.2C2H6.CH4/c1-3-9(2)8-10-6-4-5-7-10;2*1-2;/h3,8H,4-7H2,1-2H3;2*1-2H3;1H4/b9-3-;;;",C.CC.CC.C/C=C(/C)\C=C1CCCC1,BLCZHSSDBCKSEC-ASLDSJMCSA-N,ethane;methane;[(Z)-2-methylbut-2-enylidene]cyclopentane,,Patents,,PATENTSCOPE (WIPO),Governmental Organizations,,212.41,0.0,153,,15,0,0,1,212.250397,212.250397,0,4,0,0,0,0,1,1,0,0,0,0,1,20250925
176573213,Bicyclo[2.1.1]hexane;ethane;3-methylhexane,,C15H32,"InChI=1S/C7H16.C6H10.C2H6/c1-4-6-7(3)5-2;1-2-6-3-5(1)4-6;1-2/h7H,4-6H2,1-3H3;5-6H,1-4H2;1-2H3",CC.CCCC(C)CC.C1CC2CC1C2,GDMNUYYZPUOMID-UHFFFAOYSA-N,bicyclo[2.1.1]hexane;ethane;3-methylhexane,,Patents,,PATENTSCOPE (WIPO),Governmental Organizations,,212.41,0.0,79,,15,0,0,3,212.250397,212.250397,0,3,0,1,0,1,0,0,0,0,0,0,1,20250925
176715182,"Pent-1-ene;2,3,5-trimethylheptane",,C15H32,"InChI=1S/C10H22.C5H10/c1-6-9(4)7-10(5)8(2)3;1-3-5-4-2/h8-10H,6-7H2,1-5H3;3H,1,4-5H2,2H3",CCCC=C.CCC(C)CC(C)C(C)C,SSRDXSGBEKCWDA-UHFFFAOYSA-N,"pent-1-ene;2,3,5-trimethylheptane",,Patents,,PATENTSCOPE (WIPO),Governmental Organizations,,212.41,0.0,95,,15,0,0,6,212.250397,212.250397,0,2,0,2,0,2,0,0,0,0,0,0,1,20250925
176812505,"(4R,6S)-2,2,4,6,8,8-hexamethylnonane",,C15H32,"InChI=1S/C15H32/c1-12(10-14(3,4)5)9-13(2)11-15(6,7)8/h12-13H,9-11H2,1-8H3/t12-,13+",C[C@H](C[C@H](C)CC(C)(C)C)CC(C)(C)C,YGZFYWLTAWWZCP-BETUJISGSA-N,"(4R,6S)-2,2,4,6,8,8-hexamethylnonane",,Patents,,PATENTSCOPE (WIPO),Governmental Organizations,,212.41,0.0,145,6.9,15,0,0,6,212.250397,212.250397,0,1,0,2,2,0,0,0,0,0,0,0,1,20251113
176917087,"Ethane;1-methyl-3,5-di(propan-2-yl)cyclohexane",,C15H32,"InChI=1S/C13H26.C2H6/c1-9(2)12-6-11(5)7-13(8-12)10(3)4;1-2/h9-13H,6-8H2,1-5H3;1-2H3",CC.CC1CC(CC(C1)C(C)C)C(C)C,AVWUXKSWQVVIEX-UHFFFAOYSA-N,"ethane;1-methyl-3,5-di(propan-2-yl)cyclohexane",,Patents,,PATENTSCOPE (WIPO),Governmental Organizations,,212.41,0.0,130,,15,0,0,2,212.250397,212.250397,0,2,0,2,0,2,0,0,0,0,0,0,1,20251113
176957579,"ethane;methane;(3Z,5Z)-4-(2-methylpropyl)hepta-1,3,5-triene",,C15H32,"InChI=1S/C11H18.C2H6.2CH4/c1-5-7-11(8-6-2)9-10(3)4;1-2;;/h5-8,10H,1,9H2,2-4H3;1-2H3;2*1H4/b8-6-,11-7+;;;",C.C.CC.C/C=C\C(=C/C=C)\CC(C)C,LQKMMSMUKCGSBR-OJMLBIPNSA-N,"ethane;methane;(3Z,5Z)-4-(2-methylpropyl)hepta-1,3,5-triene",,Patents,,PATENTSCOPE (WIPO),Governmental Organizations,,212.41,0.0,159,,15,0,0,4,212.250397,212.250397,0,4,0,0,0,0,2,2,0,0,0,0,1,20251113
177137558,"Ethane;3-ethyl-1,1,6-trimethylcyclooctane",,C15H32,"InChI=1S/C13H26.C2H6/c1-5-12-7-6-11(2)8-9-13(3,4)10-12;1-2/h11-12H,5-10H2,1-4H3;1-2H3",CC.CCC1CCC(CCC(C1)(C)C)C,NURQYHCJFZDIOR-UHFFFAOYSA-N,"ethane;3-ethyl-1,1,6-trimethylcyclooctane",,Patents,,PATENTSCOPE (WIPO),Governmental Organizations,,212.41,0.0,146,,15,0,0,1,212.250397,212.250397,0,2,0,2,0,2,0,0,0,0,0,0,1,20251113
177921454,6-Butyl-4-methyldecane,SCHEMBL32675968,C15H32,"InChI=1S/C15H32/c1-5-8-11-15(12-9-6-2)13-14(4)10-7-3/h14-15H,5-13H2,1-4H3",CCCCC(CCCC)CC(C)CCC,GOSFWIUOHTTXNS-UHFFFAOYSA-N,6-butyl-4-methyldecane,,Patents,,PATENTSCOPE (WIPO)|SureChEMBL,Curation Efforts|Governmental Organizations|Research and Development,,212.41,0.0,109,7.8,15,0,0,10,212.250397,212.250397,0,1,0,1,0,1,0,0,0,0,0,0,1,20260307
177967170,"2,7-Diethylspiro[3.5]nonane;methane",,C15H32,"InChI=1S/C13H24.2CH4/c1-3-11-5-7-13(8-6-11)9-12(4-2)10-13;;/h11-12H,3-10H2,1-2H3;2*1H4",C.C.CCC1CCC2(CC1)CC(C2)CC,XMQNXQNRCSNBOE-UHFFFAOYSA-N,"2,7-diethylspiro[3.5]nonane;methane",,Patents,,PATENTSCOPE (WIPO),Governmental Organizations,,212.41,0.0,155,,15,0,0,2,212.250397,212.250397,0,3,0,0,0,0,0,0,0,0,0,0,1,20260326
177990872,"1-Butyl-1,2-dimethylcyclopentane;ethane;ethene",,C15H32,"InChI=1S/C11H22.C2H6.C2H4/c1-4-5-8-11(3)9-6-7-10(11)2;2*1-2/h10H,4-9H2,1-3H3;1-2H3;1-2H2",CC.CCCCC1(CCCC1C)C.C=C,PSBVBFDEJVQEHG-UHFFFAOYSA-N,"1-butyl-1,2-dimethylcyclopentane;ethane;ethene",,Patents,,PATENTSCOPE (WIPO),Governmental Organizations,,212.41,0.0,117,,15,0,0,3,212.250397,212.250397,0,3,0,2,0,2,0,0,0,0,0,0,1,20260326
178033131,"4,8-Dimethylbicyclo[5.1.1]nonane;ethane",,C15H32,"InChI=1S/C11H20.2C2H6/c1-8-3-5-10-7-11(6-4-8)9(10)2;2*1-2/h8-11H,3-7H2,1-2H3;2*1-2H3",CC.CC.CC1CCC2CC(C2C)CC1,LFUDABUJVNQLDS-UHFFFAOYSA-N,"4,8-dimethylbicyclo[5.1.1]nonane;ethane",,Patents,,PATENTSCOPE (WIPO),Governmental Organizations,,212.41,0.0,125,,15,0,0,0,212.250397,212.250397,0,3,0,2,0,2,0,0,0,0,0,0,1,20260326
178108265,"3,8-Dimethylspiro[4.4]nonane;ethane",,C15H32,"InChI=1S/C11H20.2C2H6/c1-9-3-5-11(7-9)6-4-10(2)8-11;2*1-2/h9-10H,3-8H2,1-2H3;2*1-2H3",CC.CC.CC1CCC2(C1)CCC(C2)C,RIBZNAOCHZNFOI-UHFFFAOYSA-N,"3,8-dimethylspiro[4.4]nonane;ethane",,Patents,,PATENTSCOPE (WIPO),Governmental Organizations,,212.41,0.0,130,,15,0,0,0,212.250397,212.250397,0,3,0,2,0,2,0,0,0,0,0,0,1,20260326
178167851,"(2Z,4Z,6E)-deca-2,4,6-triene;ethane;methane",,C15H32,"InChI=1S/C10H16.2C2H6.CH4/c1-3-5-7-9-10-8-6-4-2;2*1-2;/h3,5,7-10H,4,6H2,1-2H3;2*1-2H3;1H4/b5-3-,9-7-,10-8+;;;",C.CC.CC.CCC/C=C/C=C\C=C/C,ZTDSNBKGLYFRDW-MDQNNOBZSA-N,"(2Z,4Z,6E)-deca-2,4,6-triene;ethane;methane",,Patents,,PATENTSCOPE (WIPO),Governmental Organizations,,212.41,0.0,127,,15,0,0,4,212.250397,212.250397,0,4,0,0,0,0,3,3,0,0,0,0,1,20260326
20111953,"5-Ethyl-2,3,6-trimethyl-3-propan-2-ylheptane",,C15H32,"InChI=1S/C15H32/c1-9-14(11(2)3)10-15(8,12(4)5)13(6)7/h11-14H,9-10H2,1-8H3",CCC(CC(C)(C(C)C)C(C)C)C(C)C,UQEVJHXYOIRNJX-UHFFFAOYSA-N,"5-ethyl-2,3,6-trimethyl-3-propan-2-ylheptane",,,,ChemSpider,Legacy Depositors|Research and Development,,212.41,0.0,157,6.7,15,0,0,6,212.250397,212.250397,0,1,0,1,0,1,0,0,0,0,0,0,0,20071205
20375216,"1,4-Dimethylcyclohexane;3-ethylpentane",,C15H32,"InChI=1S/C8H16.C7H16/c1-7-3-5-8(2)6-4-7;1-4-7(5-2)6-3/h7-8H,3-6H2,1-2H3;7H,4-6H2,1-3H3",CCC(CC)CC.CC1CCC(CC1)C,MSRDVAJVGODCIL-UHFFFAOYSA-N,"1,4-dimethylcyclohexane;3-ethylpentane",,,,ChemSpider,Legacy Depositors|Research and Development,,212.41,0.0,69,,15,0,0,3,212.250397,212.250397,0,2,0,0,0,0,0,0,0,0,0,0,0,20071205
20755186,"2,2,4,4,6-Pentamethyl-3-propan-2-ylheptane",,C15H32,"InChI=1S/C15H32/c1-11(2)10-15(8,9)13(12(3)4)14(5,6)7/h11-13H,10H2,1-9H3",CC(C)CC(C)(C)C(C(C)C)C(C)(C)C,QNBODKIIXYTDGK-UHFFFAOYSA-N,"2,2,4,4,6-pentamethyl-3-propan-2-ylheptane",,,,Google Patents|SCRIPDB,Legacy Depositors|Research and Development,,212.41,0.0,179,6.6,15,0,0,5,212.250397,212.250397,0,1,0,1,0,1,0,0,0,0,0,0,0,20071205
20755191,"2,4,4,5,5,8-Hexamethylnonane",,C15H32,"InChI=1S/C15H32/c1-12(2)9-10-14(5,6)15(7,8)11-13(3)4/h12-13H,9-11H2,1-8H3",CC(C)CCC(C)(C)C(C)(C)CC(C)C,JCVISYALANWINS-UHFFFAOYSA-N,"2,4,4,5,5,8-hexamethylnonane",,,,Google Patents|SCRIPDB,Legacy Depositors|Research and Development,,212.41,0.0,172,6.9,15,0,0,6,212.250397,212.250397,0,1,0,0,0,0,0,0,0,0,0,0,0,20071205
20755254,"2,4,4,7-Tetramethyl-5-propan-2-yloctane",,C15H32,"InChI=1S/C15H32/c1-11(2)9-14(13(5)6)15(7,8)10-12(3)4/h11-14H,9-10H2,1-8H3",CC(C)CC(C(C)C)C(C)(C)CC(C)C,RQOVHOTYRXNVQJ-UHFFFAOYSA-N,"2,4,4,7-tetramethyl-5-propan-2-yloctane",,,,Google Patents|SCRIPDB,Legacy Depositors|Research and Development,,212.41,0.0,163,6.7,15,0,0,6,212.250397,212.250397,0,1,0,1,0,1,0,0,0,0,0,0,0,20071205
21055593,"2,3,3,7-Tetramethylundecane",,C15H32,"InChI=1S/C15H32/c1-7-8-10-14(4)11-9-12-15(5,6)13(2)3/h13-14H,7-12H2,1-6H3",CCCCC(C)CCCC(C)(C)C(C)C,LLTNGGVXWQEFQD-UHFFFAOYSA-N,"2,3,3,7-tetramethylundecane",,,,Google Patents|SCRIPDB,Legacy Depositors|Research and Development,,212.41,0.0,144,7.3,15,0,0,8,212.250397,212.250397,0,1,0,1,0,1,0,0,0,0,0,0,0,20071205
54185089,"5-Ethyl-4,4,6,6-tetramethylnonane",,C15H32,"InChI=1S/C15H32/c1-8-11-14(4,5)13(10-3)15(6,7)12-9-2/h13H,8-12H2,1-7H3",CCCC(C)(C)C(CC)C(C)(C)CCC,HPHONVWNUIQJNV-UHFFFAOYSA-N,"5-ethyl-4,4,6,6-tetramethylnonane",,,,IBM,Research and Development,,212.41,0.0,147,7.2,15,0,0,7,212.250397,212.250397,0,1,0,0,0,0,0,0,0,0,0,0,0,20111204
58193622,"6-Ethyl-2,2,4,4,6-pentamethyloctane",,C15H32,"InChI=1S/C15H32/c1-9-15(8,10-2)12-14(6,7)11-13(3,4)5/h9-12H2,1-8H3",CCC(C)(CC)CC(C)(C)CC(C)(C)C,NRKALMWJKXQIEC-UHFFFAOYSA-N,"6-ethyl-2,2,4,4,6-pentamethyloctane",,,,SCRIPDB,Legacy Depositors|Research and Development,,212.41,0.0,177,7.0,15,0,0,6,212.250397,212.250397,0,1,0,0,0,0,0,0,0,0,0,0,0,20120819
86160255,6-Ethyl-2-methyldodecane,,C15H32,"InChI=1S/C15H32/c1-5-7-8-9-12-15(6-2)13-10-11-14(3)4/h14-15H,5-13H2,1-4H3",CCCCCCC(CC)CCCC(C)C,SDGRXQBLKNAKFB-UHFFFAOYSA-N,6-ethyl-2-methyldodecane,,,,PATENTSCOPE (WIPO),Governmental Organizations,,212.41,0.0,115,7.8,15,0,0,10,212.250397,212.250397,0,1,0,1,0,1,0,0,0,0,0,0,0,20141103
91155805,"3,4,4,5,5,7-Hexamethylnonane",,C15H32,"InChI=1S/C15H32/c1-9-12(3)11-14(5,6)15(7,8)13(4)10-2/h12-13H,9-11H2,1-8H3",CCC(C)CC(C)(C)C(C)(C)C(C)CC,RCRXERWFXGQSEW-UHFFFAOYSA-N,"3,4,4,5,5,7-hexamethylnonane",,,,IBM,Research and Development,,212.41,0.0,176,6.9,15,0,0,6,212.250397,212.250397,0,1,0,2,0,2,0,0,0,0,0,0,0,20150317
92177376,"(6R)-2,6,11-trimethyldodecane",,C15H32,"InChI=1S/C15H32/c1-13(2)9-6-7-11-15(5)12-8-10-14(3)4/h13-15H,6-12H2,1-5H3/t15-/m1/s1",C[C@H](CCCCC(C)C)CCCC(C)C,FONXOARHSFUBAN-OAHLLOKOSA-N,"(6R)-2,6,11-trimethyldodecane",,,,Cheminformatics Friedrich-Schiller-University Jena|ZINC,Chemical Vendors|Legacy Depositors|Research and Development,,212.41,0.0,124,7.5,15,0,0,9,212.250397,212.250397,0,1,0,1,1,0,0,0,0,0,0,0,0,20151210
92178736,(4R)-4-methyltetradecane,,C15H32,"InChI=1S/C15H32/c1-4-6-7-8-9-10-11-12-14-15(3)13-5-2/h15H,4-14H2,1-3H3/t15-/m1/s1",CCCCCCCCCC[C@H](C)CCC,ITVMHPMCNRGCIY-OAHLLOKOSA-N,(4R)-4-methyltetradecane,,,,ZINC,Chemical Vendors|Legacy Depositors,,212.41,0.0,107,8.1,15,0,0,11,212.250397,212.250397,0,1,0,1,1,0,0,0,0,0,0,0,0,20151210
92178751,(5R)-5-methyltetradecane,,C15H32,"InChI=1S/C15H32/c1-4-6-8-9-10-11-12-14-15(3)13-7-5-2/h15H,4-14H2,1-3H3/t15-/m1/s1",CCCCCCCCC[C@H](C)CCCC,SQKZZFHVQCSUHZ-OAHLLOKOSA-N,(5R)-5-methyltetradecane,,,,Cheminformatics Friedrich-Schiller-University Jena|ZINC,Chemical Vendors|Legacy Depositors|Research and Development,,212.41,0.0,107,8.1,15,0,0,11,212.250397,212.250397,0,1,0,1,1,0,0,0,0,0,0,0,0,20151210
97046604,"(6S)-2,6,11-trimethyldodecane",,C15H32,"InChI=1S/C15H32/c1-13(2)9-6-7-11-15(5)12-8-10-14(3)4/h13-15H,6-12H2,1-5H3/t15-/m0/s1",C[C@@H](CCCCC(C)C)CCCC(C)C,FONXOARHSFUBAN-HNNXBMFYSA-N,"(6S)-2,6,11-trimethyldodecane",,,,ZINC,Chemical Vendors|Legacy Depositors,,212.41,0.0,124,7.5,15,0,0,9,212.250397,212.250397,0,1,0,1,1,0,0,0,0,0,0,0,0,20151211
101949676,"1,1,1-Trideuteriopentadecane",,C15H32,"InChI=1S/C15H32/c1-3-5-7-9-11-13-15-14-12-10-8-6-4-2/h3-15H2,1-2H3/i1D3",[2H]C([2H])([2H])CCCCCCCCCCCCCC,YCOZIPAWZNQLMR-FIBGUPNXSA-N,"1,1,1-trideuteriopentadecane",,,,Japan Chemical Substance Dictionary (Nikkaji),Governmental Organizations,,215.43,0.0,84,7.7,15,0,0,12,215.269226,215.269226,0,1,3,0,0,0,0,0,0,0,0,0,0,20151218
102000013,(3S)-3-methyltetradecane,,C15H32,"InChI=1S/C15H32/c1-4-6-7-8-9-10-11-12-13-14-15(3)5-2/h15H,4-14H2,1-3H3/t15-/m0/s1",CCCCCCCCCCC[C@@H](C)CC,HXUYUZCPGPKNGS-HNNXBMFYSA-N,(3S)-3-methyltetradecane,,,,Japan Chemical Substance Dictionary (Nikkaji),Governmental Organizations,,212.41,0.0,107,8.1,15,0,0,11,212.250397,212.250397,0,1,0,1,1,0,0,0,0,0,0,0,0,20151219
141769891,"(6S)-2,5,6,9-tetramethylundecane",,C15H32,"InChI=1S/C15H32/c1-7-13(4)9-11-15(6)14(5)10-8-12(2)3/h12-15H,7-11H2,1-6H3/t13?,14?,15-/m0/s1",CCC(C)CC[C@H](C)C(C)CCC(C)C,MAZOJQJYCLJCQD-NRXISQOPSA-N,"(6S)-2,5,6,9-tetramethylundecane",,,,PATENTSCOPE (WIPO),Governmental Organizations,,212.41,0.0,137,7.2,15,0,0,8,212.250397,212.250397,0,1,0,3,1,2,0,0,0,0,0,0,0,20191206
141790430,"(3S,4R,5S,7S)-3,4,5,6,7-pentamethyldecane",,C15H32,"InChI=1S/C15H32/c1-8-10-12(4)14(6)15(7)13(5)11(3)9-2/h11-15H,8-10H2,1-7H3/t11-,12-,13+,14?,15-/m0/s1",CCC[C@H](C)C(C)[C@@H](C)[C@H](C)[C@@H](C)CC,HJXOBUBKFKCKKS-WQKZHXONSA-N,"(3S,4R,5S,7S)-3,4,5,6,7-pentamethyldecane",,,,PATENTSCOPE (WIPO),Governmental Organizations,,212.41,0.0,150,6.9,15,0,0,7,212.250397,212.250397,0,1,0,5,4,1,0,0,0,0,0,0,0,20191206
141897796,"2,3-Dimethyl-5-(2-methylpropyl)nonane",,C15H32,"InChI=1S/C15H32/c1-7-8-9-15(10-12(2)3)11-14(6)13(4)5/h12-15H,7-11H2,1-6H3",CCCCC(CC(C)C)CC(C)C(C)C,ONBRKTHSPSHQTF-UHFFFAOYSA-N,"2,3-dimethyl-5-(2-methylpropyl)nonane",,,,PATENTSCOPE (WIPO),Governmental Organizations,,212.41,0.0,135,7.2,15,0,0,8,212.250397,212.250397,0,1,0,2,0,2,0,0,0,0,0,0,0,20191206
141953713,"2,3,5,7-Tetramethyl-5-propyloctane",,C15H32,"InChI=1S/C15H32/c1-8-9-15(7,10-12(2)3)11-14(6)13(4)5/h12-14H,8-11H2,1-7H3",CCCC(C)(CC(C)C)CC(C)C(C)C,XRLDQVQIYPWZHJ-UHFFFAOYSA-N,"2,3,5,7-tetramethyl-5-propyloctane",,,,PATENTSCOPE (WIPO),Governmental Organizations,,212.41,0.0,157,7.0,15,0,0,7,212.250397,212.250397,0,1,0,2,0,2,0,0,0,0,0,0,0,20191206
142001320,"6-Ethyl-3,3,4,4-tetramethylnonane",,C15H32,"InChI=1S/C15H32/c1-8-11-13(9-2)12-15(6,7)14(4,5)10-3/h13H,8-12H2,1-7H3",CCCC(CC)CC(C)(C)C(C)(C)CC,BCQIGPHIMXYSAJ-UHFFFAOYSA-N,"6-ethyl-3,3,4,4-tetramethylnonane",,,,PATENTSCOPE (WIPO),Governmental Organizations,,212.41,0.0,165,7.2,15,0,0,7,212.250397,212.250397,0,1,0,1,0,1,0,0,0,0,0,0,0,20191206
142015812,"4-Ethyl-4,7,7-trimethyldecane",,C15H32,"InChI=1S/C15H32/c1-7-10-14(4,5)12-13-15(6,9-3)11-8-2/h7-13H2,1-6H3",CCCC(C)(C)CCC(C)(CC)CCC,MEZYRQVCLHIGIQ-UHFFFAOYSA-N,"4-ethyl-4,7,7-trimethyldecane",,,,PATENTSCOPE (WIPO),Governmental Organizations,,212.41,0.0,157,7.5,15,0,0,8,212.250397,212.250397,0,1,0,1,0,1,0,0,0,0,0,0,0,20191206
142030381,"3-Ethyl-3,5-dimethyl-5-propyloctane",,C15H32,"InChI=1S/C15H32/c1-7-11-15(6,12-8-2)13-14(5,9-3)10-4/h7-13H2,1-6H3",CCCC(C)(CCC)CC(C)(CC)CC,KGCIWFACBRGSQR-UHFFFAOYSA-N,"3-ethyl-3,5-dimethyl-5-propyloctane",,,,PATENTSCOPE (WIPO),Governmental Organizations,,212.41,0.0,147,7.5,15,0,0,8,212.250397,212.250397,0,1,0,0,0,0,0,0,0,0,0,0,0,20191206
142343356,"4,6-Diethyl-2,8-dimethylnonane",,C15H32,"InChI=1S/C15H32/c1-7-14(9-12(3)4)11-15(8-2)10-13(5)6/h12-15H,7-11H2,1-6H3",CCC(CC(C)C)CC(CC)CC(C)C,AMAZXRAQCSNYNO-UHFFFAOYSA-N,"4,6-diethyl-2,8-dimethylnonane",,,,PATENTSCOPE (WIPO),Governmental Organizations,,212.41,0.0,119,7.2,15,0,0,8,212.250397,212.250397,0,1,0,2,0,2,0,0,0,0,0,0,0,20191206
142384626,"3,8-Dimethyl-4-propyldecane",,C15H32,"InChI=1S/C15H32/c1-6-10-15(14(5)8-3)12-9-11-13(4)7-2/h13-15H,6-12H2,1-5H3",CCCC(CCCC(C)CC)C(C)CC,FWZHZWBJBPRTJS-UHFFFAOYSA-N,"3,8-dimethyl-4-propyldecane",,,,PATENTSCOPE (WIPO),Governmental Organizations,,212.41,0.0,128,7.5,15,0,0,9,212.250397,212.250397,0,1,0,3,0,3,0,0,0,0,0,0,0,20191206
142386777,"(5S)-5-ethyl-2,3,8-trimethyldecane",,C15H32,"InChI=1S/C15H32/c1-7-13(5)9-10-15(8-2)11-14(6)12(3)4/h12-15H,7-11H2,1-6H3/t13?,14?,15-/m0/s1",CC[C@@H](CCC(C)CC)CC(C)C(C)C,NIGORWVYGJILJF-NRXISQOPSA-N,"(5S)-5-ethyl-2,3,8-trimethyldecane",,,,PATENTSCOPE (WIPO),Governmental Organizations,,212.41,0.0,137,7.2,15,0,0,8,212.250397,212.250397,0,1,0,3,1,2,0,0,0,0,0,0,0,20191206
142803775,"7-Ethyl-2,3-dimethylundecane",,C15H32,"InChI=1S/C15H32/c1-6-8-11-15(7-2)12-9-10-14(5)13(3)4/h13-15H,6-12H2,1-5H3",CCCCC(CC)CCCC(C)C(C)C,CYWLWXNVQCGJJK-UHFFFAOYSA-N,"7-ethyl-2,3-dimethylundecane",,,,PATENTSCOPE (WIPO),Governmental Organizations,,212.41,0.0,126,7.5,15,0,0,9,212.250397,212.250397,0,1,0,2,0,2,0,0,0,0,0,0,0,20191207
143071607,"7,7-Diethyl-3-methyldecane",,C15H32,"InChI=1S/C15H32/c1-6-12-15(8-3,9-4)13-10-11-14(5)7-2/h14H,6-13H2,1-5H3",CCCC(CC)(CC)CCCC(C)CC,GBNVBFXVKMEOKH-UHFFFAOYSA-N,"7,7-diethyl-3-methyldecane",,,,PATENTSCOPE (WIPO),Governmental Organizations,,212.41,0.0,133,7.6,15,0,0,9,212.250397,212.250397,0,1,0,1,0,1,0,0,0,0,0,0,0,20191207
143570012,"(4S,5R,8S)-2,4,5,6,8-pentamethyldecane",,C15H32,"InChI=1S/C15H32/c1-8-12(4)10-14(6)15(7)13(5)9-11(2)3/h11-15H,8-10H2,1-7H3/t12-,13-,14?,15+/m0/s1",CC[C@H](C)CC(C)[C@H](C)[C@@H](C)CC(C)C,HWFAYGZAEJLVRW-ZAQQFOKRSA-N,"(4S,5R,8S)-2,4,5,6,8-pentamethyldecane",,,,PATENTSCOPE (WIPO),Governmental Organizations,,212.41,0.0,148,6.9,15,0,0,7,212.250397,212.250397,0,1,0,4,3,1,0,0,0,0,0,0,0,20191207
143712896,"3,4-Diethyl-2,7-dimethylnonane",,C15H32,"InChI=1S/C15H32/c1-7-13(6)10-11-14(8-2)15(9-3)12(4)5/h12-15H,7-11H2,1-6H3",CCC(C)CCC(CC)C(CC)C(C)C,YYPWYZXJOBWWCL-UHFFFAOYSA-N,"3,4-diethyl-2,7-dimethylnonane",,,,PATENTSCOPE (WIPO),Governmental Organizations,,212.41,0.0,137,7.2,15,0,0,8,212.250397,212.250397,0,1,0,3,0,3,0,0,0,0,0,0,0,20191207
144048116,"9-Ethyl-2,7-dimethylundecane",,C15H32,"InChI=1S/C15H32/c1-6-15(7-2)12-14(5)11-9-8-10-13(3)4/h13-15H,6-12H2,1-5H3",CCC(CC)CC(C)CCCCC(C)C,MLLTUZNGCZFGBX-UHFFFAOYSA-N,"9-ethyl-2,7-dimethylundecane",,,,PATENTSCOPE (WIPO),Governmental Organizations,,212.41,0.0,122,7.5,15,0,0,9,212.250397,212.250397,0,1,0,1,0,1,0,0,0,0,0,0,0,20191207
144462578,"(9R)-2,5,6,9-tetramethylundecane",,C15H32,"InChI=1S/C15H32/c1-7-13(4)9-11-15(6)14(5)10-8-12(2)3/h12-15H,7-11H2,1-6H3/t13-,14?,15?/m1/s1",CC[C@@H](C)CCC(C)C(C)CCC(C)C,MAZOJQJYCLJCQD-WLYUNCDWSA-N,"(9R)-2,5,6,9-tetramethylundecane",,,,PATENTSCOPE (WIPO),Governmental Organizations,,212.41,0.0,137,7.2,15,0,0,8,212.250397,212.250397,0,1,0,3,1,2,0,0,0,0,0,0,0,20191207
144514281,5-Ethyl-2-methyldodecane,,C15H32,"InChI=1S/C15H32/c1-5-7-8-9-10-11-15(6-2)13-12-14(3)4/h14-15H,5-13H2,1-4H3",CCCCCCCC(CC)CCC(C)C,XUDQRGVUSDQYKI-UHFFFAOYSA-N,5-ethyl-2-methyldodecane,,,,PATENTSCOPE (WIPO),Governmental Organizations,,212.41,0.0,115,7.8,15,0,0,10,212.250397,212.250397,0,1,0,1,0,1,0,0,0,0,0,0,0,20191207
144897121,6-Ethyl-2-methyl-4-propylnonane,,C15H32,"InChI=1S/C15H32/c1-6-9-14(8-3)12-15(10-7-2)11-13(4)5/h13-15H,6-12H2,1-5H3",CCCC(CC)CC(CCC)CC(C)C,AOXZSGVKBYSUIK-UHFFFAOYSA-N,6-ethyl-2-methyl-4-propylnonane,,,,PATENTSCOPE (WIPO),Governmental Organizations,,212.41,0.0,126,7.5,15,0,0,9,212.250397,212.250397,0,1,0,2,0,2,0,0,0,0,0,0,0,20191207
145269637,5-Tert-butyl-4-ethyl-2-methyloctane,,C15H32,"InChI=1S/C15H32/c1-8-10-14(15(5,6)7)13(9-2)11-12(3)4/h12-14H,8-11H2,1-7H3",CCCC(C(CC)CC(C)C)C(C)(C)C,FEOUPNUULDOYED-UHFFFAOYSA-N,5-tert-butyl-4-ethyl-2-methyloctane,,,,PATENTSCOPE (WIPO),Governmental Organizations,,212.41,0.0,150,7.0,15,0,0,7,212.250397,212.250397,0,1,0,2,0,2,0,0,0,0,0,0,0,20191207
145442889,"6,6-Diethyl-2,3-dimethylnonane",,C15H32,"InChI=1S/C15H32/c1-7-11-15(8-2,9-3)12-10-14(6)13(4)5/h13-14H,7-12H2,1-6H3",CCCC(CC)(CC)CCC(C)C(C)C,YLERBNYGSSLMFE-UHFFFAOYSA-N,"6,6-diethyl-2,3-dimethylnonane",,,,PATENTSCOPE (WIPO),Governmental Organizations,,212.41,0.0,142,7.3,15,0,0,8,212.250397,212.250397,0,1,0,1,0,1,0,0,0,0,0,0,0,20191207
153337387,"2,2,4,4,7,7-Hexamethylnonane",,C15H32,"InChI=1S/C15H32/c1-9-14(5,6)10-11-15(7,8)12-13(2,3)4/h9-12H2,1-8H3",CCC(C)(C)CCC(C)(C)CC(C)(C)C,WADJXGINYAMKAF-UHFFFAOYSA-N,"2,2,4,4,7,7-hexamethylnonane",,,,PATENTSCOPE (WIPO),Governmental Organizations,,212.41,0.0,179,7.0,15,0,0,6,212.250397,212.250397,0,1,0,0,0,0,0,0,0,0,0,0,0,20200813
153545033,"2,2,4,6,7,7-Hexamethylnonane",,C15H32,"InChI=1S/C15H32/c1-9-15(7,8)13(3)10-12(2)11-14(4,5)6/h12-13H,9-11H2,1-8H3",CCC(C)(C)C(C)CC(C)CC(C)(C)C,MIOPQFIJCHJPMJ-UHFFFAOYSA-N,"2,2,4,6,7,7-hexamethylnonane",,,,PATENTSCOPE (WIPO),Governmental Organizations,,212.41,0.0,171,6.9,15,0,0,6,212.250397,212.250397,0,1,0,2,0,2,0,0,0,0,0,0,0,20200813
157182048,"2,2,8,8-Tetramethylundecane",,C15H32,"InChI=1S/C15H32/c1-7-11-15(5,6)13-10-8-9-12-14(2,3)4/h7-13H2,1-6H3",CCCC(C)(C)CCCCCC(C)(C)C,PUJVEGRPXVWMJH-UHFFFAOYSA-N,"2,2,8,8-tetramethylundecane",,,,Google Patents,Research and Development,,212.41,0.0,148,7.5,15,0,0,8,212.250397,212.250397,0,1,0,0,0,0,0,0,0,0,0,0,0,20211203
157239476,"4-Ethyl-2,6-dimethyl-4-(2-methylpropyl)heptane",,C15H32,"InChI=1S/C15H32/c1-8-15(9-12(2)3,10-13(4)5)11-14(6)7/h12-14H,8-11H2,1-7H3",CCC(CC(C)C)(CC(C)C)CC(C)C,FGVBLBXKAVPZPQ-UHFFFAOYSA-N,"4-ethyl-2,6-dimethyl-4-(2-methylpropyl)heptane",,,,Google Patents,Research and Development,,212.41,0.0,127,7.0,15,0,0,7,212.250397,212.250397,0,1,0,0,0,0,0,0,0,0,0,0,0,20211203
157756250,"(3S,5S,7R,9R)-3,5,7,9-tetramethylundecane",,C15H32,"InChI=1S/C15H32/c1-7-12(3)9-14(5)11-15(6)10-13(4)8-2/h12-15H,7-11H2,1-6H3/t12-,13+,14-,15+",CC[C@@H](C)C[C@@H](C)C[C@@H](C)C[C@@H](C)CC,OLTIWTYLBPINGE-NMWPEEMBSA-N,"(3S,5S,7R,9R)-3,5,7,9-tetramethylundecane",,,,Google Patents,Research and Development,,212.41,0.0,123,7.2,15,0,0,8,212.250397,212.250397,0,1,0,4,4,0,0,0,0,0,0,0,0,20211203
157850613,"(5R,7S,9S)-3,5,7,9-tetramethylundecane",,C15H32,"InChI=1S/C15H32/c1-7-12(3)9-14(5)11-15(6)10-13(4)8-2/h12-15H,7-11H2,1-6H3/t12-,13?,14-,15+/m0/s1",CC[C@H](C)C[C@H](C)C[C@H](C)CC(C)CC,OLTIWTYLBPINGE-AVOUXACISA-N,"(5R,7S,9S)-3,5,7,9-tetramethylundecane",,,,Google Patents,Research and Development,,212.41,0.0,123,7.2,15,0,0,8,212.250397,212.250397,0,1,0,4,3,1,0,0,0,0,0,0,0,20211203
157983607,"2,2,3,5,5,6,6-Heptamethyloctane",,C15H32,"InChI=1S/C15H32/c1-10-14(6,7)15(8,9)11-12(2)13(3,4)5/h12H,10-11H2,1-9H3",CCC(C)(C)C(C)(C)CC(C)C(C)(C)C,PYBGEHDSQBIFOX-UHFFFAOYSA-N,"2,2,3,5,5,6,6-heptamethyloctane",,,,Google Patents,Research and Development,,212.41,0.0,191,6.7,15,0,0,5,212.250397,212.250397,0,1,0,1,0,1,0,0,0,0,0,0,0,20211203
158057918,"4-Ethyl-2-methyl-3,3-di(propan-2-yl)hexane",,C15H32,"InChI=1S/C15H32/c1-9-14(10-2)15(11(3)4,12(5)6)13(7)8/h11-14H,9-10H2,1-8H3",CCC(CC)C(C(C)C)(C(C)C)C(C)C,ITXGGJCSUMYTEV-UHFFFAOYSA-N,"4-ethyl-2-methyl-3,3-di(propan-2-yl)hexane",,,,Google Patents,Research and Development,,212.41,0.0,139,6.7,15,0,0,6,212.250397,212.250397,0,1,0,0,0,0,0,0,0,0,0,0,0,20211203
158662888,"7-Ethyl-3,5,7-trimethyldecane",,C15H32,"InChI=1S/C15H32/c1-7-10-15(6,9-3)12-14(5)11-13(4)8-2/h13-14H,7-12H2,1-6H3",CCCC(C)(CC)CC(C)CC(C)CC,KAQLGBUDRXYHLY-UHFFFAOYSA-N,"7-ethyl-3,5,7-trimethyldecane",,,,Google Patents,Research and Development,,212.41,0.0,150,7.3,15,0,0,8,212.250397,212.250397,0,1,0,3,0,3,0,0,0,0,0,0,0,20211203
160020836,"4-Ethyl-2,3,3,5,5,6-hexamethylheptane",,C15H32,"InChI=1S/C15H32/c1-10-13(14(6,7)11(2)3)15(8,9)12(4)5/h11-13H,10H2,1-9H3",CCC(C(C)(C)C(C)C)C(C)(C)C(C)C,UKUBIGGEYKOCHN-UHFFFAOYSA-N,"4-ethyl-2,3,3,5,5,6-hexamethylheptane",,,,Google Patents,Research and Development,,212.41,0.0,164,6.6,15,0,0,5,212.250397,212.250397,0,1,0,0,0,0,0,0,0,0,0,0,0,20211203
160073606,"2,5-Dimethyl-5-propan-2-yldecane",,C15H32,"InChI=1S/C15H32/c1-7-8-9-11-15(6,14(4)5)12-10-13(2)3/h13-14H,7-12H2,1-6H3",CCCCCC(C)(CCC(C)C)C(C)C,GOIAPWBXWXEBPM-UHFFFAOYSA-N,"2,5-dimethyl-5-propan-2-yldecane",,,,Google Patents,Research and Development,,212.41,0.0,146,7.3,15,0,0,8,212.250397,212.250397,0,1,0,1,0,1,0,0,0,0,0,0,0,20211203
160342575,"(5S)-2,3,3,4,5,6,6-heptamethyloctane",,C15H32,"InChI=1S/C15H32/c1-10-14(6,7)12(4)13(5)15(8,9)11(2)3/h11-13H,10H2,1-9H3/t12-,13?/m0/s1",CCC(C)(C)[C@@H](C)C(C)C(C)(C)C(C)C,LJPIMGHDISPYMD-UEWDXFNNSA-N,"(5S)-2,3,3,4,5,6,6-heptamethyloctane",,,,Google Patents,Research and Development,,212.41,0.0,186,6.6,15,0,0,5,212.250397,212.250397,0,1,0,2,1,1,0,0,0,0,0,0,0,20211203
160367523,7-Ethyl-2-methyldodecane,,C15H32,"InChI=1S/C15H32/c1-5-7-8-12-15(6-2)13-10-9-11-14(3)4/h14-15H,5-13H2,1-4H3",CCCCCC(CC)CCCCC(C)C,MOXXZVNXACEKPA-UHFFFAOYSA-N,7-ethyl-2-methyldodecane,,,,Google Patents|SureChEMBL,Curation Efforts|Research and Development,,212.41,0.0,115,7.8,15,0,0,10,212.250397,212.250397,0,1,0,1,0,1,0,0,0,0,0,0,0,20211203
160488169,"3-Ethyl-2,4,4,8-tetramethylnonane",,C15H32,"InChI=1S/C15H32/c1-8-14(13(4)5)15(6,7)11-9-10-12(2)3/h12-14H,8-11H2,1-7H3",CCC(C(C)C)C(C)(C)CCCC(C)C,QJNGVCLTRZLJLZ-UHFFFAOYSA-N,"3-ethyl-2,4,4,8-tetramethylnonane",,,,Google Patents,Research and Development,,212.41,0.0,153,7.0,15,0,0,7,212.250397,212.250397,0,1,0,1,0,1,0,0,0,0,0,0,0,20211203
160715074,5-Ethyl-5-(2-methylpropyl)nonane,,C15H32,"InChI=1S/C15H32/c1-6-9-11-15(8-3,12-10-7-2)13-14(4)5/h14H,6-13H2,1-5H3",CCCCC(CC)(CCCC)CC(C)C,RSZMONMLXUGCQT-UHFFFAOYSA-N,5-ethyl-5-(2-methylpropyl)nonane,,,,Google Patents,Research and Development,,212.41,0.0,127,7.6,15,0,0,9,212.250397,212.250397,0,1,0,0,0,0,0,0,0,0,0,0,0,20211203
160736119,"2,2,3,3,9-Pentamethyldecane",,C15H32,"InChI=1S/C15H32/c1-13(2)11-9-8-10-12-15(6,7)14(3,4)5/h13H,8-12H2,1-7H3",CC(C)CCCCCC(C)(C)C(C)(C)C,UMACVVXMTANLEZ-UHFFFAOYSA-N,"2,2,3,3,9-pentamethyldecane",,,,Google Patents,Research and Development,,212.41,0.0,157,7.2,15,0,0,7,212.250397,212.250397,0,1,0,0,0,0,0,0,0,0,0,0,0,20211203
160783605,"(6R)-2,4,6,9-tetramethylundecane",,C15H32,"InChI=1S/C15H32/c1-7-13(4)8-9-14(5)11-15(6)10-12(2)3/h12-15H,7-11H2,1-6H3/t13?,14-,15?/m1/s1",CCC(C)CC[C@@H](C)CC(C)CC(C)C,QSYFDFMQNGFXDN-SHARSMKWSA-N,"(6R)-2,4,6,9-tetramethylundecane",,,,Google Patents,Research and Development,,212.41,0.0,137,7.2,15,0,0,8,212.250397,212.250397,0,1,0,3,1,2,0,0,0,0,0,0,0,20211203
162268789,"3,4,4-Triethyl-3,5-dimethylheptane",,C15H32,"InChI=1S/C15H32/c1-8-13(6)15(11-4,12-5)14(7,9-2)10-3/h13H,8-12H2,1-7H3",CCC(C)C(CC)(CC)C(C)(CC)CC,MSQFHFOWWFXHKY-UHFFFAOYSA-N,"3,4,4-triethyl-3,5-dimethylheptane",,,,Google Patents,Research and Development,,212.41,0.0,161,7.2,15,0,0,7,212.250397,212.250397,0,1,0,1,0,1,0,0,0,0,0,0,0,20211203
162268790,"3,4,5-Triethyl-3,5-dimethylheptane",,C15H32,"InChI=1S/C15H32/c1-8-13(14(6,9-2)10-3)15(7,11-4)12-5/h13H,8-12H2,1-7H3",CCC(C(C)(CC)CC)C(C)(CC)CC,DUSGWARHGIKFSK-UHFFFAOYSA-N,"3,4,5-triethyl-3,5-dimethylheptane",,,,Google Patents,Research and Development,,212.41,0.0,143,7.2,15,0,0,7,212.250397,212.250397,0,1,0,0,0,0,0,0,0,0,0,0,0,20211203
162375277,"4-Ethyl-2,2-dimethyl-5-propyloctane",,C15H32,"InChI=1S/C15H32/c1-7-10-14(11-8-2)13(9-3)12-15(4,5)6/h13-14H,7-12H2,1-6H3",CCCC(CCC)C(CC)CC(C)(C)C,ZOHHJOZCFTXBBZ-UHFFFAOYSA-N,"4-ethyl-2,2-dimethyl-5-propyloctane",,,,PATENTSCOPE (WIPO),Governmental Organizations,,212.41,0.0,135,7.3,15,0,0,8,212.250397,212.250397,0,1,0,1,0,1,0,0,0,0,0,0,0,20220103
162978252,"(4S,8R)-4,8-dimethyltridecane",,C15H32,"InChI=1S/C15H32/c1-5-7-8-11-15(4)13-9-12-14(3)10-6-2/h14-15H,5-13H2,1-4H3/t14-,15+/m0/s1",CCCCC[C@@H](C)CCC[C@@H](C)CCC,IRMGDQSAWLAMIV-LSDHHAIUSA-N,"(4S,8R)-4,8-dimethyltridecane",,,,Cheminformatics Friedrich-Schiller-University Jena,Research and Development,,212.41,0.0,117,7.8,15,0,0,10,212.250397,212.250397,0,1,0,2,2,0,0,0,0,0,0,0,0,20220413
162978253,"(4R,8S)-4,8-dimethyltridecane",,C15H32,"InChI=1S/C15H32/c1-5-7-8-11-15(4)13-9-12-14(3)10-6-2/h14-15H,5-13H2,1-4H3/t14-,15+/m1/s1",CCCCC[C@H](C)CCC[C@H](C)CCC,IRMGDQSAWLAMIV-CABCVRRESA-N,"(4R,8S)-4,8-dimethyltridecane",,,,Cheminformatics Friedrich-Schiller-University Jena,Research and Development,,212.41,0.0,117,7.8,15,0,0,10,212.250397,212.250397,0,1,0,2,2,0,0,0,0,0,0,0,0,20220413
163036465,(7R)-7-methyltetradecane,,C15H32,"InChI=1S/C15H32/c1-4-6-8-10-12-14-15(3)13-11-9-7-5-2/h15H,4-14H2,1-3H3/t15-/m1/s1",CCCCCCC[C@H](C)CCCCCC,QUMVEMCGRQYIQG-OAHLLOKOSA-N,(7R)-7-methyltetradecane,,,,Cheminformatics Friedrich-Schiller-University Jena,Research and Development,,212.41,0.0,107,8.1,15,0,0,11,212.250397,212.250397,0,1,0,1,1,0,0,0,0,0,0,0,0,20220413
163229402,"2,2,3,4,5,8-Hexamethylnonane",,C15H32,"InChI=1S/C15H32/c1-11(2)9-10-12(3)13(4)14(5)15(6,7)8/h11-14H,9-10H2,1-8H3",CC(C)CCC(C)C(C)C(C)C(C)(C)C,WLJPTBKIGPYUFE-UHFFFAOYSA-N,"2,2,3,4,5,8-hexamethylnonane",,,,PATENTSCOPE (WIPO),Governmental Organizations,,212.41,0.0,161,6.7,15,0,0,6,212.250397,212.250397,0,1,0,3,0,3,0,0,0,0,0,0,0,20220513
165046425,"(4R)-4-ethyl-3,3,4,6,6-pentamethyloctane",,C15H32,"InChI=1S/C15H32/c1-9-13(4,5)12-15(8,11-3)14(6,7)10-2/h9-12H2,1-8H3/t15-/m1/s1",CC[C@](C)(CC(C)(C)CC)C(C)(C)CC,HSERYLTYSKVGHM-OAHLLOKOSA-N,"(4R)-4-ethyl-3,3,4,6,6-pentamethyloctane",,,,Google Patents,Research and Development,,212.41,0.0,188,7.0,15,0,0,6,212.250397,212.250397,0,1,0,1,1,0,0,0,0,0,0,0,0,20221001
165078291,"4-Butan-2-yl-3,5-diethylheptane",,C15H32,"InChI=1S/C15H32/c1-7-12(6)15(13(8-2)9-3)14(10-4)11-5/h12-15H,7-11H2,1-6H3",CCC(C)C(C(CC)CC)C(CC)CC,KVAVMGLRRPCHIW-UHFFFAOYSA-N,"4-butan-2-yl-3,5-diethylheptane",,,,Google Patents,Research and Development,,212.41,0.0,119,7.2,15,0,0,8,212.250397,212.250397,0,1,0,1,0,1,0,0,0,0,0,0,0,20221001
165405612,"5-Ethyl-2,5,7,7-tetramethylnonane",,C15H32,"InChI=1S/C15H32/c1-8-14(5,6)12-15(7,9-2)11-10-13(3)4/h13H,8-12H2,1-7H3",CCC(C)(C)CC(C)(CC)CCC(C)C,OXSZHIIKOKGARZ-UHFFFAOYSA-N,"5-ethyl-2,5,7,7-tetramethylnonane",,,,PATENTSCOPE (WIPO),Governmental Organizations,,212.41,0.0,167,7.2,15,0,0,7,212.250397,212.250397,0,1,0,1,0,1,0,0,0,0,0,0,0,20221024
165406086,"4-Ethyl-2,6,6-trimethyldecane",,C15H32,"InChI=1S/C15H32/c1-7-9-10-15(5,6)12-14(8-2)11-13(3)4/h13-14H,7-12H2,1-6H3",CCCCC(C)(C)CC(CC)CC(C)C,ZWUNHTCHPDZCJR-UHFFFAOYSA-N,"4-ethyl-2,6,6-trimethyldecane",,,,PATENTSCOPE (WIPO),Governmental Organizations,,212.41,0.0,144,7.3,15,0,0,8,212.250397,212.250397,0,1,0,1,0,1,0,0,0,0,0,0,0,20221024
168896242,"2,6,6,8,8-Pentamethyldecane",,C15H32,"InChI=1S/C15H32/c1-8-14(4,5)12-15(6,7)11-9-10-13(2)3/h13H,8-12H2,1-7H3",CCC(C)(C)CC(C)(C)CCCC(C)C,CDAALKRGVOJWJA-UHFFFAOYSA-N,"2,6,6,8,8-pentamethyldecane",,,,PATENTSCOPE (WIPO),Governmental Organizations,,212.41,0.0,163,7.2,15,0,0,7,212.250397,212.250397,0,1,0,0,0,0,0,0,0,0,0,0,0,20231109
172308083,"3-Ethyl-2,2,5,5,6-pentamethyloctane",,C15H32,"InChI=1S/C15H32/c1-9-12(3)15(7,8)11-13(10-2)14(4,5)6/h12-13H,9-11H2,1-8H3",CCC(C)C(C)(C)CC(CC)C(C)(C)C,LAQJVKKGQWZJKW-UHFFFAOYSA-N,"3-ethyl-2,2,5,5,6-pentamethyloctane",,,,PATENTSCOPE (WIPO),Governmental Organizations,,212.41,0.0,171,6.9,15,0,0,6,212.250397,212.250397,0,1,0,2,0,2,0,0,0,0,0,0,0,20241101
172616976,6-[(2R)-butan-2-yl]-3-methyldecane,,C15H32,"InChI=1S/C15H32/c1-6-9-10-15(14(5)8-3)12-11-13(4)7-2/h13-15H,6-12H2,1-5H3/t13?,14-,15?/m1/s1",CCCCC(CCC(C)CC)[C@H](C)CC,VEMDVJJEUQQDPM-SHARSMKWSA-N,6-[(2R)-butan-2-yl]-3-methyldecane,,,,PATENTSCOPE (WIPO),Governmental Organizations,,212.41,0.0,128,7.5,15,0,0,9,212.250397,212.250397,0,1,0,3,1,2,0,0,0,0,0,0,0,20241218
174274478,"2,4-Dimethyl-4-(2-methylpropyl)nonane",,C15H32,"InChI=1S/C15H32/c1-7-8-9-10-15(6,11-13(2)3)12-14(4)5/h13-14H,7-12H2,1-6H3",CCCCCC(C)(CC(C)C)CC(C)C,ZYRZUONUFSRTST-UHFFFAOYSA-N,"2,4-dimethyl-4-(2-methylpropyl)nonane",,,,SureChEMBL,Curation Efforts|Research and Development,,212.41,0.0,134,7.3,15,0,0,8,212.250397,212.250397,0,1,0,0,0,0,0,0,0,0,0,0,0,20250515
174346139,"2,4,7-Trimethyl-4-(2-methylpropyl)octane",,C15H32,"InChI=1S/C15H32/c1-12(2)8-9-15(7,10-13(3)4)11-14(5)6/h12-14H,8-11H2,1-7H3",CC(C)CCC(C)(CC(C)C)CC(C)C,WNMORLYFCKMILV-UHFFFAOYSA-N,"2,4,7-trimethyl-4-(2-methylpropyl)octane",,,,SureChEMBL,Curation Efforts|Research and Development,,212.41,0.0,143,7.0,15,0,0,7,212.250397,212.250397,0,1,0,0,0,0,0,0,0,0,0,0,0,20250515
174758659,"2,6,6-Trimethyldodecane",,C15H32,"InChI=1S/C15H32/c1-6-7-8-9-12-15(4,5)13-10-11-14(2)3/h14H,6-13H2,1-5H3",CCCCCCC(C)(C)CCCC(C)C,JTYZHSOZYAPRTI-UHFFFAOYSA-N,"2,6,6-trimethyldodecane",,,,SureChEMBL,Curation Efforts|Research and Development,,212.41,0.0,133,7.6,15,0,0,9,212.250397,212.250397,0,1,0,0,0,0,0,0,0,0,0,0,0,20250515
176964956,"7-Ethyl-3,3,4,7-tetramethylnonane",,C15H32,"InChI=1S/C15H32/c1-8-14(5,6)13(4)11-12-15(7,9-2)10-3/h13H,8-12H2,1-7H3",CCC(C)(C)C(C)CCC(C)(CC)CC,PRBWSFWRABJOEZ-UHFFFAOYSA-N,"7-ethyl-3,3,4,7-tetramethylnonane",,,,PATENTSCOPE (WIPO),Governmental Organizations,,212.41,0.0,163,7.2,15,0,0,7,212.250397,212.250397,0,1,0,1,0,1,0,0,0,0,0,0,0,20251113
177218915,"6-Ethyl-2,2,7,8-tetramethylnonane",,C15H32,"InChI=1S/C15H32/c1-8-14(13(4)12(2)3)10-9-11-15(5,6)7/h12-14H,8-11H2,1-7H3",CCC(CCCC(C)(C)C)C(C)C(C)C,RHFJEUKGVUPZDY-UHFFFAOYSA-N,"6-ethyl-2,2,7,8-tetramethylnonane",,,,PATENTSCOPE (WIPO),Governmental Organizations,,212.41,0.0,150,7.0,15,0,0,7,212.250397,212.250397,0,1,0,2,0,2,0,0,0,0,0,0,0,20251113
177431693,"(4R,6R,8S)-2,4,6,8-tetramethylundecane",,C15H32,"InChI=1S/C15H32/c1-7-8-13(4)10-15(6)11-14(5)9-12(2)3/h12-15H,7-11H2,1-6H3/t13-,14+,15+/m0/s1",CCC[C@H](C)C[C@@H](C)C[C@H](C)CC(C)C,WIRCLRWVKNJKHO-RRFJBIMHSA-N,"(4R,6R,8S)-2,4,6,8-tetramethylundecane",,,,Japan Chemical Substance Dictionary (Nikkaji),Governmental Organizations,,212.41,0.0,137,7.2,15,0,0,8,212.250397,212.250397,0,1,0,3,3,0,0,0,0,0,0,0,0,20251117
177474651,"(5S,9R)-5,9-dimethyltridecane",,C15H32,"InChI=1S/C15H32/c1-5-7-10-14(3)12-9-13-15(4)11-8-6-2/h14-15H,5-13H2,1-4H3/t14-,15+",CCCC[C@@H](C)CCC[C@@H](C)CCCC,MYRIYVBHIIEIRY-GASCZTMLSA-N,"(5S,9R)-5,9-dimethyltridecane",,,,Japan Chemical Substance Dictionary (Nikkaji),Governmental Organizations,,212.41,0.0,103,7.8,15,0,0,10,212.250397,212.250397,0,1,0,2,2,0,0,0,0,0,0,0,0,20251117
177493945,"(6S)-2,6-dimethyltridecane",,C15H32,"InChI=1S/C15H32/c1-5-6-7-8-9-12-15(4)13-10-11-14(2)3/h14-15H,5-13H2,1-4H3/t15-/m0/s1",CCCCCCC[C@H](C)CCCC(C)C,JIQUCMXOBFLKIM-HNNXBMFYSA-N,"(6S)-2,6-dimethyltridecane",,,,Japan Chemical Substance Dictionary (Nikkaji),Governmental Organizations,,212.41,0.0,115,7.8,15,0,0,10,212.250397,212.250397,0,1,0,1,1,0,0,0,0,0,0,0,0,20251117
